Customer_ID,Gender,Region,Subscription_Plan,Payment_Method,Age,Days_Since_Last_Login,Customer_Service_Calls,Monthly_Spend,Churn
10001,Male,East,Basic,Paypal,27.0,27,1.0,61.08,0
10002,Unknown,West,Pro,Paypal,55.0,146,2.0,73.09,0
10003,Female,West,Pro,E-wallet,,147,2.0,116.3,1
10004,Female,South,Basic,Credit card,,34,1.0,0.58,1
10005,Male,North,Basic,Crypto,30.0,146,3.0,46.35,1
10006,Male,West,Basic,Crypto,46.0,103,1.0,36.64,1
10007,Male,South,Basic,E-wallet,22.0,62,2.0,0.0,1
10008,Non-Binary,East,Pro,E-wallet,44.0,81,2.0,66.51,1
10009,Female,East,Pro,Crypto,43.0,6,1.0,99.03,1
10010,Female,East,Basic,,32.0,154,3.0,29.86,1
10011,Male,East,Basic,,-5.0,38,2.0,47.18,1
10012,Unknown,South,Basic,E-wallet,-5.0,29,0.0,62.96,0
10013,Non-Binary,North,Plus,Credit card,-5.0,22,1.0,150.74,1
10014,Male,South,Basic,E-wallet,-5.0,83,2.0,0.0,1
10015,Male,North,Plus,E-wallet,-5.0,150,1.0,113.16,1
10016,Male,East,Plus,Credit card,-5.0,46,2.0,98.8,0
10017,Male,West,Pro,Paypal,-5.0,175,1.0,25.93,1
10018,Female,West,Pro,,-5.0,94,2.0,78.62,1
10019,Female,West,Basic,,-5.0,62,2.0,46.83,1
10020,Male,North,Pro,E-wallet,-5.0,119,2.0,34.23,1
10021,Female,East,Basic,,-5.0,136,2.0,59.3,0
10022,Male,South,Plus,Paypal,150.0,150,2.0,191.92,1
10023,Male,West,Basic,Crypto,150.0,116,0.0,108.58,0
10024,Male,North,Pro,Paypal,150.0,174,2.0,122.11,1
10025,Female,West,Basic,Credit card,150.0,86,4.0,71.26,0
10026,Female,South,Plus,E-wallet,150.0,73,1.0,167.01,1
10027,Male,East,Basic,Credit card,150.0,65,0.0,0.0,1
10028,Female,South,Pro,E-wallet,150.0,36,1.0,73.77,0
10029,Female,East,Basic,Credit card,150.0,124,2.0,72.01,1
10030,Male,East,Basic,Credit card,150.0,165,4.0,22.69,1
10031,Female,East,Pro,Crypto,150.0,0,3.0,92.74,1
10032,Male,West,Plus,Paypal,35.0,175,0.0,194.64,1
10033,Male,South,Basic,Paypal,,81,1.0,34.88,1
10034,Unknown,West,Plus,Credit card,19.0,34,1.0,150.38,0
10035,Unknown,South,Pro,Paypal,38.0,70,1.0,59.33,0
10036,Non-Binary,North,Plus,Crypto,27.0,107,5.0,241.32,1
10037,Male,North,Basic,Credit card,,85,1.0,44.2,1
10038,Male,South,Basic,Paypal,,24,4.0,0.0,1
10039,Female,South,Plus,Paypal,38.0,41,2.0,131.4,1
10040,Female,South,Basic,E-wallet,34.0,150,2.0,,1
10041,Male,South,Pro,Paypal,47.0,8,3.0,110.17,0
10042,Female,East,Basic,Paypal,37.0,154,3.0,24.14,1
10043,Male,West,Basic,E-wallet,26.0,50,0.0,0.0,0
10044,Unknown,East,Pro,Credit card,34.0,56,4.0,8.77,1
10045,Male,West,Pro,Credit card,30.0,81,4.0,13.47,1
10046,Female,West,Pro,,35.0,163,4.0,105.25,1
10047,Male,West,Basic,E-wallet,29.0,161,2.0,36.71,1
10048,Female,East,Basic,Credit card,27.0,12,3.0,1.76,1
10049,Female,South,Basic,Paypal,35.0,173,1.0,110.11,1
10050,Male,East,Basic,Paypal,34.0,179,1.0,27.85,1
10051,Unknown,East,Plus,,44.0,27,2.0,94.4,0
10052,Female,West,Pro,,29.0,85,1.0,78.88,1
10053,Unknown,North,Basic,Credit card,14.0,110,2.0,46.92,1
10054,Non-Binary,North,Plus,E-wallet,30.0,157,1.0,139.6,1
10055,Female,East,Basic,Credit card,17.0,44,2.0,22.44,0
10056,Unknown,West,Pro,E-wallet,38.0,37,1.0,109.19,1
10057,Male,East,Basic,E-wallet,17.0,19,2.0,37.98,1
10058,Male,East,Pro,Credit card,24.0,96,1.0,110.17,0
10059,Male,South,Basic,,30.0,174,1.0,58.26,1
10060,Male,West,Basic,Paypal,49.0,101,2.0,,1
10061,Male,North,Basic,E-wallet,23.0,58,1.0,52.67,1
10062,Male,North,Basic,,34.0,141,0.0,54.44,1
10063,Non-Binary,North,Basic,Crypto,39.0,41,0.0,39.57,0
10064,Male,East,Basic,Crypto,,58,5.0,42.83,1
10065,Male,West,Basic,E-wallet,41.0,7,2.0,0.0,1
10066,Female,South,Pro,Paypal,44.0,56,3.0,146.01,1
10067,Male,North,Basic,E-wallet,42.0,149,2.0,52.99,1
10068,Non-Binary,West,Pro,Crypto,21.0,101,0.0,111.95,0
10069,Male,North,Basic,Crypto,37.0,83,2.0,85.35,1
10070,Unknown,South,Plus,Crypto,42.0,20,0.0,193.97,0
10071,Female,West,Plus,Credit card,24.0,127,1.0,195.1,1
10072,Male,East,Basic,Crypto,28.0,155,0.0,0.0,1
10073,Male,East,Pro,Paypal,25.0,48,1.0,0.0,1
10074,Non-Binary,North,Basic,Credit card,,150,2.0,23.96,0
10075,Female,North,Plus,Crypto,33.0,53,0.0,170.01,0
10076,Female,West,Pro,Paypal,30.0,150,0.0,98.39,1
10077,Female,South,Basic,Crypto,21.0,67,4.0,41.27,0
10078,Male,North,Basic,Paypal,33.0,45,3.0,41.42,1
10079,Male,West,Basic,Paypal,28.0,155,2.0,35.31,1
10080,Male,South,Basic,Crypto,36.0,94,1.0,0.0,1
10081,Non-Binary,North,Pro,Crypto,22.0,96,4.0,28.59,1
10082,Female,North,Basic,Credit card,35.0,49,5.0,24.51,1
10083,Male,West,Basic,Crypto,29.0,82,3.0,4.32,1
10084,Male,North,Basic,Paypal,21.0,62,0.0,12.9,1
10085,Male,East,Basic,E-wallet,,9,1.0,0.0,1
10086,Male,South,Basic,Credit card,22.0,88,0.0,22.64,1
10087,Female,South,Plus,Paypal,31.0,164,-1.0,169.82,1
10088,Female,East,Basic,Paypal,35.0,140,3.0,0.0,0
10089,Non-Binary,West,Pro,E-wallet,36.0,69,1.0,101.97,1
10090,Female,East,Basic,Crypto,37.0,29,2.0,0.0,1
10091,Male,East,Basic,Paypal,26.0,79,1.0,49.24,1
10092,Female,South,Pro,E-wallet,44.0,71,2.0,52.76,1
10093,Female,West,Basic,E-wallet,29.0,138,0.0,71.49,1
10094,Female,North,Basic,Crypto,38.0,122,3.0,0.0,1
10095,Female,East,Pro,,,128,1.0,42.68,1
10096,Female,East,Basic,E-wallet,37.0,145,2.0,27.97,1
10097,Female,West,Basic,E-wallet,31.0,99,3.0,43.45,1
10098,Female,East,Pro,E-wallet,37.0,10,3.0,122.37,0
10099,Male,West,Pro,E-wallet,33.0,83,4.0,108.03,1
10100,Male,North,Basic,,42.0,137,0.0,,1
10101,Male,West,Basic,Paypal,25.0,175,1.0,99999.99,1
10102,Female,North,Basic,Credit card,16.0,60,1.0,99999.99,1
10103,Male,West,Basic,Crypto,24.0,137,1.0,99999.99,1
10104,Female,East,Pro,Credit card,44.0,100,1.0,99999.99,0
10105,Unknown,North,Plus,Crypto,32.0,121,2.0,99999.99,1
10106,Male,East,Plus,Credit card,34.0,59,2.0,99999.99,1
10107,Female,North,Basic,,23.0,113,3.0,99999.99,1
10108,Female,West,Basic,E-wallet,34.0,149,2.0,99999.99,1
10109,Male,West,Pro,Credit card,23.0,74,4.0,99999.99,1
10110,Male,West,Basic,Credit card,25.0,98,0.0,99999.99,1
10111,Male,South,Pro,Crypto,29.0,8,0.0,99999.99,0
10112,Male,South,Pro,Crypto,38.0,142,1.0,22.92,1
10113,Unknown,North,Plus,Paypal,39.0,82,3.0,,0
10114,Non-Binary,South,Basic,E-wallet,39.0,36,4.0,0.0,1
10115,Female,West,Basic,E-wallet,18.0,69,1.0,64.35,1
10116,Non-Binary,South,Plus,Paypal,33.0,171,3.0,133.0,1
10117,Non-Binary,South,Pro,Crypto,32.0,130,0.0,33.26,1
10118,Male,East,Plus,E-wallet,18.0,9,3.0,,0
10119,Non-Binary,North,Basic,Crypto,34.0,131,1.0,0.0,1
10120,Female,North,Pro,E-wallet,31.0,55,2.0,165.35,0
10121,Non-Binary,North,Pro,Credit card,39.0,167,2.0,109.11,1
10122,Non-Binary,South,Basic,Credit card,34.0,32,4.0,4.18,1
10123,Male,West,Pro,E-wallet,,160,0.0,77.74,1
10124,Male,East,Pro,E-wallet,,148,0.0,45.48,0
10125,Male,North,Basic,E-wallet,11.0,102,1.0,39.91,0
10126,Female,South,Basic,Paypal,33.0,118,1.0,0.0,1
10127,Non-Binary,West,Pro,E-wallet,16.0,44,2.0,20.79,1
10128,Non-Binary,East,Basic,Paypal,24.0,56,0.0,,1
10129,Male,East,Plus,Paypal,39.0,167,1.0,221.37,0
10130,Female,North,Basic,Credit card,21.0,125,1.0,,1
10131,Female,North,Basic,E-wallet,19.0,126,1.0,0.0,1
10132,Male,West,Plus,Credit card,,9,2.0,140.97,1
10133,Male,South,Plus,Credit card,20.0,73,2.0,135.03,0
10134,Male,West,Basic,Paypal,50.0,65,2.0,15.37,1
10135,Unknown,North,Pro,,32.0,101,4.0,99.31,1
10136,Male,West,Basic,Paypal,28.0,84,1.0,16.61,1
10137,Female,South,Basic,Credit card,39.0,157,2.0,0.0,1
10138,Female,East,Basic,Paypal,47.0,81,1.0,12.83,0
10139,Male,East,Basic,Paypal,22.0,34,0.0,42.45,0
10140,Unknown,East,Plus,Paypal,28.0,52,1.0,125.37,0
10141,Unknown,East,Pro,E-wallet,42.0,166,0.0,102.71,0
10142,Male,North,Plus,Paypal,36.0,111,1.0,,0
10143,Female,North,Pro,Credit card,45.0,21,2.0,94.68,1
10144,Male,South,Basic,Paypal,39.0,66,2.0,0.0,0
10145,Male,South,Pro,E-wallet,52.0,99,2.0,140.98,1
10146,Male,South,Plus,Credit card,35.0,79,5.0,201.09,1
10147,Female,South,Pro,Paypal,,99,2.0,92.74,1
10148,Female,West,Pro,Credit card,37.0,74,0.0,68.18,1
10149,Male,South,Plus,E-wallet,32.0,119,2.0,199.79,1
10150,Male,East,Basic,Crypto,,16,3.0,41.31,0
10151,Unknown,East,Pro,E-wallet,,146,0.0,123.33,0
10152,Male,East,Plus,,41.0,71,0.0,147.55,0
10153,Male,West,Plus,Credit card,43.0,123,0.0,142.03,0
10154,Female,South,Basic,Credit card,38.0,89,2.0,0.0,1
10155,Unknown,East,Pro,Crypto,39.0,50,0.0,147.51,0
10156,Male,East,Pro,Crypto,23.0,175,0.0,136.3,0
10157,Female,East,Basic,Crypto,28.0,56,3.0,4.43,1
10158,Female,East,Pro,E-wallet,42.0,137,3.0,,1
10159,Male,North,Basic,E-wallet,48.0,31,2.0,56.61,0
10160,Female,South,Basic,,,78,4.0,55.12,1
10161,Male,South,Basic,Crypto,,122,0.0,41.56,1
10162,Female,West,Pro,Crypto,34.0,121,1.0,65.92,1
10163,Female,North,Basic,Paypal,,67,0.0,17.23,0
10164,Female,West,Basic,Paypal,25.0,27,4.0,,1
10165,Male,East,Basic,Crypto,38.0,131,4.0,14.77,1
10166,Non-Binary,West,Basic,,49.0,76,3.0,105.46,1
10167,Male,East,Basic,Credit card,,139,2.0,24.45,1
10168,Male,East,Basic,,32.0,14,2.0,23.6,1
10169,Male,South,Pro,Credit card,38.0,28,2.0,71.66,1
10170,Female,South,Pro,Crypto,41.0,86,2.0,39.1,1
10171,Female,South,Basic,Paypal,37.0,12,2.0,63.2,1
10172,Male,South,Basic,Paypal,51.0,37,1.0,0.0,1
10173,Female,South,Pro,Credit card,34.0,109,1.0,98.66,0
10174,Male,North,Basic,Crypto,47.0,34,0.0,0.0,1
10175,Female,South,Plus,Paypal,27.0,167,3.0,177.97,1
10176,Male,West,Pro,Crypto,34.0,75,0.0,127.18,1
10177,Female,East,Basic,Crypto,21.0,109,0.0,54.62,0
10178,Male,South,Basic,Credit card,43.0,4,2.0,0.0,0
10179,Unknown,North,Pro,Crypto,32.0,1,0.0,45.15,1
10180,Male,West,Basic,Crypto,37.0,29,2.0,25.9,0
10181,Male,West,Basic,Credit card,30.0,98,2.0,0.0,1
10182,Male,East,Basic,Paypal,39.0,118,0.0,0.0,1
10183,Unknown,West,Pro,E-wallet,37.0,9,1.0,67.0,0
10184,Non-Binary,West,Pro,Crypto,24.0,72,2.0,107.63,1
10185,Male,West,Basic,Credit card,24.0,123,0.0,116.85,1
10186,Female,West,Pro,Paypal,33.0,37,0.0,91.79,0
10187,Non-Binary,North,Basic,Crypto,40.0,93,1.0,5.08,1
10188,Female,East,Pro,E-wallet,,118,2.0,130.83,1
10189,Female,South,Basic,Paypal,37.0,162,2.0,70.87,1
10190,Male,West,Pro,Credit card,44.0,70,0.0,116.85,0
10191,Male,North,Plus,,17.0,139,1.0,201.93,1
10192,Non-Binary,East,Basic,Credit card,,169,2.0,103.21,0
10193,Unknown,South,Basic,E-wallet,40.0,97,1.0,0.0,0
10194,Female,East,Basic,E-wallet,,176,2.0,25.38,0
10195,Male,North,Basic,Credit card,32.0,126,2.0,0.0,0
10196,Male,North,Basic,Crypto,22.0,66,0.0,51.15,1
10197,Female,North,Plus,Credit card,25.0,32,1.0,174.68,0
10198,Non-Binary,West,Plus,Paypal,53.0,103,3.0,175.32,1
10199,Non-Binary,North,Basic,Credit card,,140,0.0,10.73,1
10200,Female,South,Pro,E-wallet,23.0,147,5.0,97.68,1
10201,Female,West,Pro,Crypto,26.0,160,0.0,104.41,1
10202,Male,East,Pro,,22.0,33,0.0,68.17,0
10203,Male,South,Basic,E-wallet,34.0,49,4.0,0.0,1
10204,Non-Binary,West,Basic,E-wallet,,177,0.0,89.68,0
10205,Female,North,Basic,Paypal,27.0,136,2.0,62.8,1
10206,Male,East,Basic,E-wallet,,6,3.0,0.0,1
10207,Male,North,Pro,E-wallet,36.0,136,1.0,39.01,1
10208,Female,South,Pro,E-wallet,33.0,105,1.0,67.63,1
10209,Male,South,Basic,Crypto,,153,1.0,57.82,1
10210,Male,West,Basic,,29.0,129,2.0,0.0,1
10211,Female,South,Plus,Credit card,,4,0.0,108.73,1
10212,Female,East,Pro,Credit card,32.0,112,0.0,75.46,1
10213,Female,West,Plus,,34.0,65,2.0,166.44,1
10214,Male,East,Basic,Paypal,30.0,115,1.0,2.67,1
10215,Female,North,Pro,Paypal,28.0,137,0.0,97.17,0
10216,Male,East,Pro,Crypto,15.0,158,0.0,,1
10217,Male,East,Plus,Credit card,28.0,160,1.0,98.94,1
10218,Female,South,Basic,Crypto,41.0,107,2.0,42.22,1
10219,Female,North,Basic,E-wallet,42.0,110,0.0,56.19,1
10220,Non-Binary,South,Basic,Crypto,29.0,133,1.0,68.63,1
10221,Female,North,Plus,Paypal,46.0,13,-1.0,109.87,1
10222,Female,North,Plus,Credit card,33.0,77,0.0,182.12,1
10223,Male,East,Plus,Paypal,20.0,14,3.0,174.36,1
10224,Male,South,Plus,Paypal,17.0,120,2.0,233.01,1
10225,Male,East,Basic,Credit card,46.0,170,1.0,0.0,1
10226,Male,East,Basic,E-wallet,30.0,147,1.0,33.73,1
10227,Unknown,East,Basic,Credit card,21.0,20,3.0,28.3,0
10228,Male,North,Basic,Credit card,11.0,28,2.0,,1
10229,Non-Binary,South,Plus,Crypto,30.0,72,2.0,214.67,1
10230,Female,South,Plus,Credit card,38.0,92,2.0,123.79,1
10231,Female,East,Basic,Crypto,27.0,171,1.0,0.0,1
10232,Female,North,Pro,Paypal,23.0,161,3.0,77.45,1
10233,Female,South,Plus,Credit card,28.0,46,2.0,127.1,0
10234,Female,West,Basic,E-wallet,46.0,8,3.0,53.4,1
10235,Male,South,Basic,Crypto,20.0,111,3.0,30.27,0
10236,Female,East,Basic,Crypto,27.0,29,9.0,0.0,1
10237,Male,West,Basic,E-wallet,46.0,16,1.0,0.0,1
10238,Male,North,Pro,Crypto,,179,0.0,103.92,1
10239,Female,West,Basic,Crypto,,58,2.0,0.29,1
10240,Male,West,Basic,E-wallet,27.0,118,1.0,27.31,1
10241,Unknown,East,Plus,Paypal,34.0,131,1.0,,0
10242,Unknown,South,Pro,Credit card,28.0,167,0.0,39.88,0
10243,Unknown,North,Basic,Credit card,25.0,95,1.0,0.0,0
10244,Male,West,Plus,Credit card,23.0,134,1.0,184.96,1
10245,Male,East,Basic,Credit card,41.0,37,2.0,13.82,1
10246,Unknown,South,Basic,Credit card,33.0,31,4.0,77.85,1
10247,Female,West,Plus,Credit card,37.0,68,2.0,184.86,0
10248,Unknown,East,Basic,Crypto,35.0,66,0.0,43.83,1
10249,Unknown,East,Pro,Credit card,38.0,55,2.0,162.01,0
10250,Non-Binary,East,Basic,Crypto,31.0,19,2.0,7.21,0
10251,Male,North,Basic,,29.0,119,2.0,11.11,1
10252,Male,South,Pro,Paypal,25.0,144,1.0,110.58,1
10253,Non-Binary,West,Basic,Crypto,,143,2.0,28.13,1
10254,Male,South,Pro,Paypal,22.0,10,1.0,56.59,0
10255,Male,South,Pro,E-wallet,,140,3.0,58.83,1
10256,Female,West,Plus,Credit card,17.0,145,1.0,107.19,1
10257,Unknown,South,Pro,Paypal,20.0,13,5.0,88.93,1
10258,Female,North,Basic,Paypal,,33,2.0,57.72,0
10259,Female,West,Plus,E-wallet,36.0,85,2.0,157.19,1
10260,Male,West,Pro,E-wallet,29.0,124,1.0,116.23,1
10261,Female,East,Pro,E-wallet,,153,2.0,82.71,0
10262,Unknown,South,Plus,Crypto,17.0,169,4.0,148.27,1
10263,Male,West,Pro,Crypto,43.0,166,0.0,97.7,1
10264,Female,West,Basic,Paypal,,129,1.0,20.5,1
10265,Non-Binary,North,Pro,E-wallet,41.0,49,4.0,82.61,1
10266,Female,East,Basic,Paypal,,112,0.0,26.32,1
10267,Female,West,Basic,Credit card,15.0,143,2.0,0.0,1
10268,Female,North,Pro,E-wallet,34.0,61,1.0,96.13,0
10269,Male,West,Basic,Crypto,37.0,97,2.0,0.0,1
10270,Male,West,Basic,E-wallet,12.0,138,2.0,14.79,1
10271,Non-Binary,West,Basic,Paypal,53.0,126,3.0,113.52,0
10272,Non-Binary,North,Pro,Crypto,,29,3.0,128.5,1
10273,Non-Binary,South,Basic,,40.0,154,1.0,1.29,1
10274,Unknown,West,Pro,Credit card,22.0,85,1.0,46.5,0
10275,Female,West,Basic,Paypal,40.0,80,3.0,14.98,1
10276,Female,South,Basic,E-wallet,44.0,78,2.0,38.65,1
10277,Female,West,Basic,Credit card,36.0,136,3.0,,1
10278,Female,East,Pro,Paypal,,75,1.0,68.92,1
10279,Female,West,Basic,Crypto,25.0,129,0.0,76.83,0
10280,Female,East,Plus,Crypto,31.0,48,2.0,147.76,0
10281,Non-Binary,South,Plus,Paypal,28.0,47,1.0,121.17,0
10282,Male,North,Plus,E-wallet,,54,4.0,111.33,1
10283,Male,South,Plus,E-wallet,25.0,79,2.0,110.76,1
10284,Male,West,Basic,E-wallet,39.0,66,2.0,81.03,1
10285,Female,East,Pro,E-wallet,25.0,114,3.0,93.95,0
10286,Male,North,Pro,Paypal,31.0,111,1.0,82.31,1
10287,Female,West,Pro,Paypal,40.0,158,3.0,118.88,1
10288,Female,North,Plus,Crypto,26.0,106,2.0,192.25,0
10289,Male,North,Pro,Crypto,40.0,25,4.0,81.82,0
10290,Female,West,Plus,E-wallet,39.0,109,1.0,181.14,1
10291,Male,South,Basic,Credit card,31.0,65,0.0,0.0,0
10292,Male,West,Plus,Credit card,45.0,157,2.0,156.09,1
10293,Non-Binary,West,Pro,Crypto,34.0,100,1.0,80.08,1
10294,Male,South,Pro,Crypto,45.0,0,1.0,29.04,1
10295,Male,East,Basic,Paypal,51.0,69,3.0,14.19,1
10296,Female,West,Pro,Crypto,31.0,149,1.0,164.57,1
10297,Female,North,Plus,Crypto,40.0,112,2.0,177.55,1
10298,Male,West,Basic,,27.0,53,1.0,26.01,0
10299,Female,West,Pro,Credit card,23.0,141,0.0,-10.0,1
10300,Male,North,Basic,Credit card,32.0,13,2.0,99.56,0
10301,Male,South,Plus,Paypal,20.0,18,2.0,200.35,1
10302,Female,East,Basic,Credit card,24.0,153,3.0,56.26,1
10303,Female,East,Basic,E-wallet,39.0,58,5.0,13.1,1
10304,Female,North,Basic,E-wallet,28.0,149,1.0,0.0,1
10305,Female,South,Pro,,41.0,5,4.0,138.66,1
10306,Unknown,West,Basic,Crypto,36.0,62,2.0,,1
10307,Female,West,Pro,Crypto,52.0,76,3.0,84.51,1
10308,Male,West,Plus,E-wallet,39.0,73,1.0,107.41,0
10309,Female,West,Plus,,45.0,126,5.0,174.45,1
10310,Male,West,Basic,,38.0,146,2.0,21.58,1
10311,Female,North,Plus,Credit card,37.0,94,1.0,223.43,0
10312,Male,West,Pro,Credit card,45.0,9,3.0,84.16,0
10313,Male,West,Basic,E-wallet,40.0,36,3.0,25.08,1
10314,Unknown,South,Basic,Crypto,36.0,144,1.0,11.07,1
10315,Non-Binary,West,Basic,,36.0,132,0.0,16.14,1
10316,Female,East,Plus,,39.0,148,2.0,115.81,0
10317,Female,North,Basic,,27.0,117,2.0,71.24,1
10318,Male,North,Basic,,26.0,166,1.0,0.0,1
10319,Male,North,Pro,E-wallet,48.0,147,1.0,80.03,1
10320,Male,East,Pro,Crypto,52.0,142,3.0,98.22,1
10321,Female,West,Pro,Crypto,24.0,78,4.0,20.57,1
10322,Female,North,Pro,Credit card,27.0,52,1.0,62.32,0
10323,Female,East,Basic,,45.0,32,2.0,36.81,0
10324,Male,South,Plus,Credit card,39.0,121,2.0,,1
10325,Unknown,West,Basic,Credit card,40.0,171,1.0,29.09,1
10326,Female,East,Pro,Credit card,42.0,177,3.0,29.37,1
10327,Female,West,Pro,Credit card,31.0,31,2.0,35.27,1
10328,Female,South,Basic,,,78,1.0,54.93,1
10329,Female,East,Plus,E-wallet,36.0,155,3.0,199.05,1
10330,Male,West,Basic,Credit card,25.0,2,2.0,76.15,1
10331,Male,East,Basic,Paypal,37.0,52,0.0,27.9,1
10332,Female,North,Plus,Crypto,,169,2.0,184.05,0
10333,Male,West,Pro,E-wallet,,1,1.0,22.87,0
10334,Male,East,Pro,Paypal,35.0,120,2.0,33.43,1
10335,Male,North,Pro,Credit card,36.0,149,1.0,70.24,1
10336,Male,South,Plus,,31.0,152,2.0,155.67,1
10337,Non-Binary,West,Basic,Crypto,40.0,159,2.0,11.66,1
10338,Female,West,Basic,Paypal,,134,5.0,17.27,1
10339,Female,South,Basic,Credit card,47.0,61,0.0,-10.0,1
10340,Male,North,Basic,Crypto,,30,3.0,6.15,1
10341,Female,South,Pro,Credit card,24.0,62,1.0,30.46,1
10342,Female,West,Basic,Credit card,,36,1.0,75.72,0
10343,Male,East,Basic,E-wallet,35.0,67,3.0,0.0,1
10344,Female,North,Basic,Crypto,26.0,78,2.0,57.02,1
10345,Male,North,Pro,Crypto,,136,4.0,82.53,1
10346,Female,North,Plus,Credit card,38.0,45,2.0,180.79,0
10347,Female,South,Basic,Paypal,16.0,94,3.0,32.01,0
10348,Male,South,Pro,Crypto,,33,3.0,65.55,0
10349,Male,East,Basic,Paypal,36.0,107,-1.0,12.93,1
10350,Female,East,Pro,Paypal,12.0,59,1.0,123.44,0
10351,Female,North,Basic,Crypto,34.0,140,3.0,0.0,1
10352,Non-Binary,East,Basic,Paypal,35.0,35,0.0,18.4,0
10353,Female,South,Pro,Crypto,22.0,47,2.0,152.26,1
10354,Male,East,Plus,E-wallet,36.0,92,3.0,148.02,0
10355,Male,South,Basic,Crypto,34.0,5,1.0,30.58,0
10356,Female,East,Pro,Crypto,22.0,132,2.0,15.96,1
10357,Male,West,Pro,Crypto,43.0,102,1.0,74.93,1
10358,Female,South,Plus,E-wallet,,177,2.0,155.43,1
10359,Unknown,West,Basic,Paypal,31.0,73,1.0,18.55,1
10360,Female,South,Basic,E-wallet,32.0,73,0.0,47.98,1
10361,Male,East,Plus,,41.0,112,3.0,154.63,1
10362,Female,West,Basic,Crypto,31.0,151,3.0,0.44,0
10363,Female,East,Basic,Crypto,14.0,6,2.0,10.89,0
10364,Female,South,Basic,E-wallet,38.0,85,3.0,47.54,1
10365,Unknown,West,Plus,E-wallet,,57,2.0,107.74,1
10366,Male,North,Basic,E-wallet,30.0,148,1.0,19.51,0
10367,Unknown,East,Plus,E-wallet,48.0,160,0.0,163.84,0
10368,Unknown,South,Basic,Crypto,32.0,43,2.0,-10.0,1
10369,Male,West,Basic,Crypto,34.0,24,1.0,91.74,0
10370,Male,East,Basic,Credit card,39.0,94,2.0,49.55,1
10371,Male,West,Basic,E-wallet,39.0,115,3.0,26.4,1
10372,Male,East,Pro,E-wallet,24.0,142,3.0,133.31,1
10373,Male,East,Pro,Paypal,33.0,156,0.0,123.99,1
10374,Female,East,Basic,Paypal,34.0,82,6.0,,1
10375,Male,West,Basic,Crypto,36.0,51,0.0,62.63,1
10376,Male,West,Pro,Credit card,36.0,16,0.0,69.69,0
10377,Non-Binary,East,Plus,E-wallet,59.0,35,3.0,103.92,1
10378,Male,North,Pro,Credit card,22.0,162,2.0,118.35,1
10379,Non-Binary,North,Plus,Credit card,43.0,167,3.0,149.73,1
10380,Male,North,Basic,Crypto,45.0,150,1.0,31.92,1
10381,Male,South,Plus,Credit card,38.0,161,1.0,165.61,1
10382,Female,North,Basic,E-wallet,27.0,81,3.0,67.67,0
10383,Female,West,Basic,Crypto,50.0,127,3.0,3.47,1
10384,Non-Binary,North,Plus,Credit card,12.0,79,1.0,101.78,1
10385,Female,West,Plus,Crypto,,155,6.0,169.89,1
10386,Non-Binary,South,Pro,Crypto,45.0,59,1.0,132.67,1
10387,Male,West,Basic,Paypal,30.0,159,0.0,0.0,0
10388,Male,West,Basic,Crypto,49.0,57,1.0,37.04,1
10389,Female,West,Basic,Credit card,18.0,81,1.0,41.34,1
10390,Non-Binary,North,Plus,Paypal,22.0,43,1.0,,0
10391,Unknown,East,Basic,E-wallet,28.0,161,3.0,51.2,1
10392,Female,West,Plus,E-wallet,38.0,148,1.0,116.12,1
10393,Male,North,Basic,E-wallet,31.0,123,2.0,46.87,1
10394,Female,North,Plus,E-wallet,29.0,0,3.0,165.25,0
10395,Male,North,Plus,E-wallet,48.0,176,1.0,173.75,1
10396,Unknown,East,Basic,Credit card,49.0,96,1.0,0.0,1
10397,Non-Binary,East,Basic,Crypto,29.0,20,3.0,0.0,1
10398,Female,East,Plus,Paypal,16.0,98,0.0,118.3,0
10399,Female,East,Pro,Crypto,12.0,154,1.0,158.48,1
10400,Female,South,Pro,Crypto,36.0,147,1.0,86.93,1
10401,Male,East,Pro,Credit card,40.0,143,1.0,47.89,1
10402,Unknown,East,Basic,Credit card,34.0,47,5.0,40.16,1
10403,Female,East,Plus,Credit card,33.0,31,1.0,168.64,0
10404,Non-Binary,West,Basic,Paypal,25.0,31,2.0,47.49,0
10405,Male,West,Plus,Credit card,,123,0.0,116.1,1
10406,Non-Binary,East,Basic,Crypto,50.0,129,2.0,39.79,1
10407,Male,South,Pro,Paypal,11.0,21,2.0,,0
10408,Male,West,Basic,Credit card,33.0,51,0.0,0.82,1
10409,Unknown,North,Basic,Credit card,24.0,95,3.0,,1
10410,Male,West,Basic,Credit card,19.0,161,1.0,84.09,1
10411,Male,North,Pro,Crypto,22.0,144,1.0,95.77,1
10412,Unknown,West,Pro,Credit card,37.0,22,3.0,63.8,1
10413,Unknown,East,Plus,Crypto,38.0,32,4.0,164.43,1
10414,Female,West,Basic,Paypal,48.0,156,0.0,0.0,1
10415,Female,East,Pro,Credit card,34.0,18,3.0,145.03,1
10416,Female,East,Pro,E-wallet,16.0,120,0.0,148.38,0
10417,Male,West,Basic,E-wallet,31.0,68,1.0,91.74,0
10418,Male,North,Basic,Crypto,20.0,36,0.0,0.0,0
10419,Female,North,Basic,Credit card,,122,0.0,29.24,1
10420,Female,West,Basic,Credit card,39.0,153,0.0,80.99,0
10421,Female,East,Basic,E-wallet,35.0,23,3.0,0.0,1
10422,Female,North,Pro,Paypal,39.0,53,3.0,93.87,1
10423,Male,South,Basic,,30.0,20,1.0,11.4,0
10424,Female,East,Pro,Crypto,,96,1.0,0.0,1
10425,Male,West,Plus,,,89,2.0,181.39,0
10426,Female,East,Pro,Crypto,45.0,137,4.0,92.99,0
10427,Female,South,Pro,Crypto,37.0,41,4.0,88.59,1
10428,Non-Binary,South,Basic,,,156,2.0,0.0,1
10429,Male,North,Plus,E-wallet,36.0,162,5.0,206.32,1
10430,Male,South,Basic,Crypto,33.0,27,2.0,45.79,1
10431,Male,East,Pro,Paypal,49.0,139,1.0,102.81,1
10432,Female,North,Plus,Paypal,36.0,57,1.0,198.09,0
10433,Female,South,Pro,Credit card,,126,3.0,108.45,1
10434,Male,North,Pro,,31.0,171,3.0,59.4,1
10435,Male,North,Basic,E-wallet,42.0,6,4.0,50.29,0
10436,Female,West,Basic,Credit card,41.0,143,3.0,33.45,1
10437,Male,North,Pro,Crypto,31.0,92,1.0,87.75,1
10438,Non-Binary,North,Basic,Paypal,22.0,34,3.0,54.08,1
10439,Female,South,Pro,Paypal,24.0,91,2.0,44.5,1
10440,Male,East,Basic,Paypal,32.0,6,0.0,0.0,1
10441,Male,East,Plus,Credit card,47.0,13,0.0,146.44,1
10442,Unknown,South,Basic,Paypal,31.0,58,0.0,0.0,1
10443,Male,East,Pro,Crypto,,61,2.0,69.6,0
10444,Male,North,Pro,Crypto,16.0,119,2.0,17.57,0
10445,Non-Binary,West,Basic,Credit card,49.0,65,3.0,32.91,0
10446,Unknown,North,Basic,Crypto,39.0,21,0.0,25.58,1
10447,Unknown,North,Basic,E-wallet,41.0,143,0.0,26.83,0
10448,Female,West,Basic,E-wallet,43.0,98,2.0,52.71,1
10449,Male,South,Basic,Paypal,32.0,119,0.0,74.91,1
10450,Male,North,Basic,Paypal,34.0,42,0.0,6.34,1
10451,Female,North,Pro,E-wallet,48.0,96,4.0,93.69,1
10452,Female,South,Basic,Crypto,35.0,97,3.0,39.12,1
10453,Female,North,Plus,Credit card,39.0,115,1.0,,1
10454,Unknown,North,Pro,Paypal,42.0,147,1.0,120.77,1
10455,Male,East,Basic,,40.0,137,1.0,0.0,1
10456,Female,South,Basic,E-wallet,32.0,146,2.0,0.0,1
10457,Male,North,Plus,E-wallet,33.0,11,1.0,147.21,0
10458,Female,North,Basic,Credit card,41.0,137,0.0,,1
10459,Male,West,Pro,Paypal,41.0,70,2.0,51.08,1
10460,Male,West,Pro,Crypto,45.0,103,1.0,104.1,1
10461,Male,West,Basic,,39.0,10,2.0,0.0,1
10462,Female,North,Plus,,39.0,60,2.0,196.8,1
10463,Female,North,Basic,Credit card,29.0,125,0.0,0.0,1
10464,Female,West,Basic,E-wallet,28.0,165,2.0,61.39,1
10465,Unknown,East,Plus,Credit card,41.0,16,1.0,176.91,1
10466,Male,East,Pro,Crypto,28.0,53,3.0,42.77,1
10467,Male,East,Plus,Credit card,33.0,172,3.0,121.4,1
10468,Non-Binary,East,Pro,,47.0,152,3.0,107.67,1
10469,Male,South,Pro,Credit card,46.0,105,2.0,126.72,0
10470,Unknown,West,Plus,E-wallet,37.0,158,4.0,161.32,1
10471,Male,North,Basic,Crypto,31.0,105,1.0,75.24,0
10472,Unknown,West,Pro,,32.0,38,3.0,132.54,0
10473,Male,East,Pro,Paypal,42.0,19,3.0,49.93,1
10474,Non-Binary,North,Basic,Crypto,33.0,72,2.0,82.27,1
10475,Female,South,Pro,Paypal,,42,3.0,111.62,1
10476,Unknown,West,Basic,Crypto,46.0,115,1.0,0.0,1
10477,Male,North,Pro,E-wallet,35.0,128,1.0,61.42,1
10478,Female,North,Pro,E-wallet,28.0,54,1.0,130.24,1
10479,Unknown,East,Plus,Credit card,38.0,107,4.0,220.15,1
10480,Female,East,Basic,Paypal,43.0,102,3.0,22.9,1
10481,Female,West,Pro,Paypal,23.0,178,2.0,179.26,1
10482,Female,South,Basic,Paypal,31.0,132,1.0,92.0,1
10483,Female,North,Pro,,31.0,139,1.0,113.06,1
10484,Female,East,Pro,E-wallet,,13,0.0,108.68,0
10485,Female,West,Pro,Paypal,40.0,102,2.0,109.4,0
10486,Unknown,East,Plus,Credit card,28.0,39,3.0,98.75,1
10487,Male,West,Plus,Paypal,19.0,107,3.0,136.77,1
10488,Male,East,Basic,Credit card,44.0,136,2.0,28.88,1
10489,Unknown,South,Basic,Paypal,,169,1.0,15.91,1
10490,Non-Binary,North,Pro,,36.0,41,3.0,111.45,1
10491,Female,East,Basic,E-wallet,32.0,32,1.0,37.59,1
10492,Female,North,Basic,Credit card,35.0,24,1.0,54.01,1
10493,Male,West,Pro,Paypal,50.0,117,0.0,,0
10494,Male,South,Basic,Credit card,,77,2.0,83.77,1
10495,Female,North,Basic,Credit card,17.0,8,3.0,39.58,0
10496,Male,East,Plus,E-wallet,43.0,118,2.0,152.01,1
10497,Female,North,Basic,E-wallet,32.0,118,3.0,58.0,0
10498,Male,North,Basic,Credit card,44.0,90,-1.0,61.09,1
10499,Unknown,West,Basic,E-wallet,43.0,171,1.0,34.47,0
10500,Unknown,South,Plus,Paypal,48.0,57,2.0,100.75,1
10501,Female,South,Plus,Paypal,36.0,152,0.0,199.96,0
10502,Female,North,Pro,E-wallet,25.0,115,3.0,22.15,1
10503,Male,North,Basic,Credit card,43.0,31,0.0,0.0,1
10504,Non-Binary,West,Plus,,35.0,21,3.0,165.27,0
10505,Female,North,Pro,Crypto,31.0,92,2.0,68.65,1
10506,Male,West,Plus,Credit card,29.0,54,5.0,164.38,1
10507,Unknown,South,Pro,Credit card,44.0,107,0.0,144.87,1
10508,Non-Binary,South,Basic,,50.0,76,0.0,48.18,1
10509,Unknown,West,Basic,Crypto,22.0,60,2.0,1.57,1
10510,Female,North,Basic,Credit card,,121,3.0,65.95,1
10511,Female,South,Basic,Crypto,30.0,91,2.0,0.0,1
10512,Female,East,Pro,E-wallet,19.0,66,2.0,61.48,0
10513,Unknown,West,Plus,E-wallet,35.0,129,1.0,159.77,1
10514,Non-Binary,South,Pro,Credit card,25.0,113,1.0,63.04,1
10515,Male,South,Basic,E-wallet,,120,1.0,59.1,1
10516,Male,South,Basic,Paypal,26.0,160,1.0,33.01,1
10517,Male,East,Basic,E-wallet,23.0,62,2.0,43.28,0
10518,Non-Binary,East,Basic,E-wallet,27.0,143,4.0,36.48,0
10519,Unknown,East,Basic,Crypto,,128,0.0,68.84,0
10520,Male,North,Pro,E-wallet,30.0,84,2.0,46.87,1
10521,Female,West,Basic,Credit card,26.0,63,2.0,0.0,0
10522,Male,North,Plus,E-wallet,37.0,119,2.0,191.07,1
10523,Unknown,East,Basic,E-wallet,39.0,68,3.0,2.73,1
10524,Non-Binary,West,Plus,Credit card,36.0,123,1.0,122.3,0
10525,Non-Binary,North,Pro,Credit card,31.0,120,3.0,92.08,1
10526,Female,North,Basic,Crypto,31.0,144,0.0,40.55,1
10527,Female,North,Pro,Paypal,,39,3.0,130.35,1
10528,Male,East,Pro,E-wallet,25.0,101,1.0,90.52,1
10529,Male,South,Pro,Paypal,41.0,128,2.0,87.55,1
10530,Non-Binary,West,Pro,Crypto,16.0,12,2.0,59.22,1
10531,Non-Binary,East,Basic,Credit card,33.0,17,2.0,91.52,0
10532,Unknown,West,Pro,Credit card,30.0,67,2.0,131.43,1
10533,Unknown,East,Plus,Credit card,39.0,110,0.0,90.95,0
10534,Female,North,Basic,,19.0,13,0.0,87.24,1
10535,Female,North,Basic,E-wallet,34.0,132,5.0,7.44,1
10536,Unknown,South,Plus,Crypto,37.0,61,0.0,203.77,1
10537,Non-Binary,South,Basic,Credit card,14.0,160,4.0,46.54,1
10538,Male,West,Pro,,23.0,25,4.0,124.65,1
10539,Female,South,Pro,Credit card,33.0,29,4.0,121.8,1
10540,Male,South,Pro,Credit card,39.0,61,4.0,103.8,1
10541,Unknown,West,Basic,Crypto,35.0,80,0.0,58.79,1
10542,Female,East,Basic,Crypto,39.0,69,2.0,0.0,1
10543,Male,South,Basic,Paypal,23.0,90,1.0,156.23,1
10544,Female,East,Pro,Credit card,18.0,35,0.0,57.24,1
10545,Female,North,Pro,E-wallet,34.0,6,0.0,101.57,1
10546,Male,South,Pro,Credit card,21.0,64,2.0,89.0,0
10547,Male,North,Pro,,25.0,76,3.0,101.3,1
10548,Female,North,Basic,Paypal,43.0,40,1.0,0.0,1
10549,Female,East,Basic,Credit card,35.0,31,2.0,31.03,0
10550,Female,West,Plus,E-wallet,,141,1.0,127.63,1
10551,Female,South,Basic,E-wallet,27.0,160,3.0,0.0,1
10552,Non-Binary,East,Basic,Paypal,40.0,29,1.0,12.87,1
10553,Female,West,Basic,Crypto,36.0,5,3.0,,0
10554,Female,North,Basic,Paypal,21.0,9,1.0,8.42,1
10555,Non-Binary,South,Basic,E-wallet,,102,2.0,47.62,1
10556,Female,North,Plus,Paypal,52.0,19,3.0,181.09,1
10557,Male,North,Plus,Crypto,21.0,88,3.0,195.71,1
10558,Male,South,Plus,Credit card,39.0,123,4.0,167.63,1
10559,Female,West,Plus,,,117,5.0,194.62,1
10560,Female,West,Plus,Paypal,,11,2.0,179.84,0
10561,Female,South,Pro,Credit card,27.0,21,3.0,148.97,1
10562,Male,South,Basic,Paypal,19.0,75,1.0,0.0,1
10563,Male,East,Pro,Crypto,19.0,13,2.0,124.51,0
10564,Male,East,Basic,,37.0,105,1.0,44.32,1
10565,Male,North,Basic,Paypal,48.0,175,1.0,9.9,1
10566,Female,South,Basic,Credit card,,35,1.0,29.37,1
10567,Male,West,Pro,Credit card,28.0,54,4.0,156.26,1
10568,Female,North,Basic,Paypal,40.0,13,5.0,27.49,1
10569,Unknown,North,Basic,Credit card,,1,1.0,67.85,0
10570,Male,North,Basic,E-wallet,36.0,1,2.0,,1
10571,Female,North,Plus,E-wallet,34.0,60,3.0,,1
10572,Female,West,Pro,Credit card,29.0,106,2.0,79.82,0
10573,Male,North,Plus,Paypal,33.0,106,3.0,202.31,1
10574,Female,South,Basic,Paypal,,133,4.0,17.92,1
10575,Non-Binary,East,Basic,Credit card,40.0,152,0.0,40.07,1
10576,Unknown,West,Pro,E-wallet,44.0,22,1.0,38.36,0
10577,Male,South,Basic,E-wallet,24.0,72,0.0,0.0,1
10578,Unknown,South,Pro,Paypal,44.0,94,2.0,86.94,0
10579,Female,South,Pro,E-wallet,,27,4.0,81.23,1
10580,Male,East,Pro,Crypto,19.0,24,1.0,20.84,1
10581,Female,East,Plus,E-wallet,39.0,98,1.0,170.53,1
10582,Unknown,East,Basic,Paypal,28.0,64,5.0,37.07,1
10583,Female,South,Basic,E-wallet,18.0,42,1.0,0.0,0
10584,Male,East,Pro,E-wallet,35.0,39,4.0,126.05,1
10585,Female,North,Basic,Credit card,39.0,22,0.0,32.42,1
10586,Male,East,Basic,Crypto,35.0,176,1.0,0.0,1
10587,Male,West,Basic,Credit card,32.0,7,1.0,61.48,1
10588,Male,South,Basic,E-wallet,30.0,127,4.0,0.0,1
10589,Male,South,Basic,E-wallet,58.0,6,2.0,0.0,1
10590,Male,North,Basic,,22.0,20,2.0,0.0,1
10591,Male,East,Pro,Crypto,42.0,34,1.0,95.31,1
10592,Female,East,Pro,Paypal,34.0,100,0.0,110.36,0
10593,Male,West,Pro,Credit card,25.0,98,0.0,,1
10594,Male,North,Pro,E-wallet,33.0,81,2.0,,1
10595,Non-Binary,West,Basic,E-wallet,20.0,60,1.0,85.3,1
10596,Female,West,Basic,Paypal,28.0,73,0.0,6.78,0
10597,Female,South,Basic,E-wallet,33.0,157,4.0,0.0,1
10598,Male,South,Plus,,18.0,108,2.0,253.9,1
10599,Male,East,Pro,Paypal,39.0,67,2.0,93.93,1
10600,Male,East,Basic,E-wallet,24.0,136,0.0,0.0,1
10601,Male,West,Basic,E-wallet,19.0,16,5.0,9.54,1
10602,Male,East,Plus,Crypto,23.0,42,3.0,59.54,1
10603,Male,West,Pro,Credit card,55.0,102,3.0,42.56,1
10604,Male,East,Plus,Crypto,14.0,87,2.0,165.45,0
10605,Male,East,Basic,Crypto,38.0,102,1.0,41.16,1
10606,Female,South,Basic,E-wallet,26.0,140,3.0,0.0,0
10607,Male,South,Pro,Credit card,30.0,153,3.0,,1
10608,Male,South,Pro,Credit card,40.0,61,3.0,69.01,0
10609,Female,South,Pro,E-wallet,39.0,18,2.0,98.74,1
10610,Female,North,Pro,Crypto,27.0,80,2.0,142.12,1
10611,Male,South,Pro,Crypto,,29,2.0,116.17,1
10612,Female,North,Pro,Crypto,40.0,126,1.0,84.63,1
10613,Female,South,Basic,Credit card,39.0,12,1.0,15.76,1
10614,Male,East,Basic,E-wallet,31.0,176,0.0,0.0,1
10615,Non-Binary,West,Plus,,38.0,81,4.0,106.42,1
10616,Unknown,East,Basic,Crypto,29.0,120,0.0,0.0,1
10617,Male,East,Pro,Credit card,25.0,115,1.0,115.87,1
10618,Male,North,Pro,Credit card,34.0,178,2.0,74.56,1
10619,Non-Binary,South,Plus,E-wallet,,110,2.0,91.91,1
10620,Female,West,Basic,E-wallet,,8,3.0,5.7,0
10621,Male,West,Basic,,39.0,28,0.0,78.12,1
10622,Male,South,Plus,Paypal,26.0,92,1.0,146.23,0
10623,Male,North,Plus,E-wallet,49.0,109,2.0,102.16,1
10624,Female,North,Pro,Paypal,30.0,135,0.0,97.5,1
10625,Female,North,Basic,E-wallet,32.0,107,2.0,36.67,1
10626,Male,West,Basic,Crypto,20.0,80,4.0,3.06,1
10627,Female,North,Pro,Paypal,32.0,14,3.0,97.86,1
10628,Female,North,Plus,Crypto,39.0,161,0.0,171.52,1
10629,Male,West,Plus,,41.0,179,1.0,162.2,1
10630,Male,West,Basic,,49.0,177,0.0,82.8,0
10631,Female,East,Basic,Crypto,39.0,4,6.0,40.51,1
10632,Non-Binary,West,Basic,Crypto,36.0,97,1.0,27.3,1
10633,Female,South,Plus,,29.0,8,2.0,165.24,0
10634,Female,West,Pro,,27.0,4,1.0,93.79,1
10635,Male,West,Basic,Credit card,43.0,154,2.0,46.55,1
10636,Female,North,Basic,Credit card,43.0,112,0.0,,1
10637,Female,East,Pro,Crypto,23.0,116,1.0,144.27,0
10638,Male,North,Basic,Paypal,,83,2.0,0.0,1
10639,Male,East,Plus,E-wallet,40.0,46,0.0,193.35,0
10640,Male,North,Pro,Paypal,22.0,61,3.0,64.56,1
10641,Male,South,Basic,Crypto,39.0,44,0.0,,1
10642,Male,North,Basic,Credit card,23.0,65,0.0,75.79,1
10643,Male,North,Plus,Crypto,9.0,22,2.0,184.94,1
10644,Male,South,Basic,Crypto,32.0,97,0.0,33.46,1
10645,Male,South,Basic,Credit card,36.0,92,2.0,26.33,1
10646,Non-Binary,West,Plus,Paypal,32.0,42,0.0,114.1,1
10647,Female,North,Plus,E-wallet,62.0,162,4.0,213.65,1
10648,Female,South,Plus,Crypto,37.0,157,2.0,164.82,0
10649,Female,South,Basic,Credit card,35.0,66,2.0,49.98,0
10650,Female,West,Basic,E-wallet,38.0,137,2.0,84.38,1
10651,Male,East,Basic,E-wallet,29.0,127,4.0,17.8,1
10652,Female,South,Basic,E-wallet,43.0,55,0.0,0.0,1
10653,Female,South,Pro,Credit card,37.0,33,0.0,57.24,1
10654,Female,North,Basic,Crypto,37.0,64,1.0,0.0,1
10655,Female,West,Pro,Credit card,27.0,5,5.0,153.3,0
10656,Male,North,Basic,,18.0,170,1.0,11.48,1
10657,Male,East,Basic,Paypal,28.0,15,1.0,0.0,0
10658,Male,West,Plus,E-wallet,36.0,132,3.0,103.79,1
10659,Female,North,Basic,Crypto,29.0,24,3.0,113.22,1
10660,Female,South,Basic,Paypal,36.0,26,1.0,41.29,1
10661,Male,South,Basic,Credit card,31.0,169,3.0,65.78,1
10662,Unknown,West,Basic,E-wallet,38.0,116,2.0,,1
10663,Female,South,Basic,Crypto,24.0,123,1.0,72.98,1
10664,Male,North,Basic,E-wallet,35.0,54,2.0,0.0,1
10665,Male,West,Pro,E-wallet,27.0,106,0.0,75.24,1
10666,Male,South,Plus,E-wallet,18.0,25,3.0,171.79,1
10667,Male,South,Pro,Credit card,32.0,15,0.0,85.79,0
10668,Male,East,Basic,E-wallet,49.0,108,1.0,37.74,1
10669,Male,East,Pro,,19.0,107,0.0,53.65,0
10670,Male,West,Basic,Credit card,35.0,89,4.0,21.29,1
10671,Male,East,Pro,Paypal,41.0,100,1.0,41.7,0
10672,Non-Binary,North,Pro,Crypto,57.0,155,0.0,140.89,1
10673,Male,South,Basic,Credit card,29.0,157,0.0,25.26,0
10674,Female,South,Plus,Crypto,27.0,125,2.0,117.95,1
10675,Female,South,Plus,Crypto,22.0,121,1.0,230.77,1
10676,Unknown,West,Plus,Paypal,45.0,88,2.0,141.05,1
10677,Male,West,Basic,Credit card,25.0,172,1.0,60.31,1
10678,Male,East,Pro,E-wallet,30.0,146,2.0,64.53,0
10679,Unknown,South,Plus,Crypto,15.0,12,3.0,163.23,0
10680,Non-Binary,South,Basic,Crypto,42.0,74,3.0,57.24,1
10681,Non-Binary,South,Plus,Crypto,45.0,111,4.0,151.44,1
10682,Male,South,Basic,,42.0,150,2.0,50.94,1
10683,Male,South,Basic,Crypto,17.0,13,4.0,75.92,1
10684,Female,North,Pro,Credit card,40.0,97,3.0,47.45,1
10685,Unknown,South,Pro,Crypto,,103,1.0,16.71,1
10686,Female,North,Pro,Crypto,34.0,150,3.0,68.03,1
10687,Female,South,Plus,Crypto,36.0,167,1.0,195.84,1
10688,Male,West,Basic,E-wallet,37.0,63,4.0,9.47,1
10689,Female,West,Basic,E-wallet,39.0,19,3.0,76.64,1
10690,Male,North,Plus,Credit card,33.0,159,1.0,183.52,1
10691,Male,South,Basic,Crypto,14.0,77,1.0,56.16,1
10692,Female,West,Pro,,39.0,23,1.0,79.8,1
10693,Female,West,Pro,Paypal,34.0,45,1.0,,1
10694,Male,South,Basic,E-wallet,24.0,17,2.0,21.91,1
10695,Male,South,Basic,Paypal,18.0,110,0.0,30.64,1
10696,Female,West,Pro,Crypto,49.0,93,0.0,84.6,1
10697,Male,South,Plus,Crypto,46.0,175,0.0,163.95,0
10698,Female,East,Pro,Paypal,,141,1.0,72.43,1
10699,Male,South,Pro,Credit card,27.0,148,1.0,,1
10700,Female,West,Basic,Credit card,8.0,97,1.0,74.68,1
10701,Female,West,Basic,Paypal,41.0,4,0.0,0.0,1
10702,Male,North,Basic,Crypto,37.0,127,1.0,22.14,1
10703,Male,East,Basic,Paypal,30.0,158,2.0,91.17,1
10704,Male,West,Basic,E-wallet,45.0,86,4.0,24.52,1
10705,Male,East,Basic,Credit card,42.0,119,2.0,,0
10706,Unknown,South,Basic,Paypal,35.0,171,4.0,8.59,1
10707,Male,West,Basic,Credit card,34.0,63,0.0,0.0,1
10708,Non-Binary,North,Basic,E-wallet,34.0,93,3.0,,1
10709,Male,West,Pro,Crypto,40.0,169,1.0,44.77,1
10710,Female,North,Pro,Crypto,25.0,120,3.0,85.48,1
10711,Female,East,Basic,Crypto,,99,2.0,91.96,1
10712,Female,North,Plus,Credit card,24.0,165,2.0,114.18,1
10713,Female,South,Basic,E-wallet,,134,2.0,,1
10714,Female,South,Plus,Paypal,39.0,58,1.0,-10.0,1
10715,Male,South,Basic,Crypto,27.0,68,0.0,30.36,0
10716,Unknown,West,Plus,Credit card,,48,0.0,231.55,0
10717,Non-Binary,South,Basic,Crypto,25.0,10,3.0,40.81,0
10718,Unknown,South,Pro,E-wallet,49.0,100,5.0,89.78,1
10719,Male,West,Basic,Paypal,,129,2.0,0.0,1
10720,Female,East,Pro,Crypto,40.0,109,1.0,82.71,1
10721,Unknown,South,Basic,E-wallet,49.0,26,3.0,54.45,1
10722,Male,South,Basic,Credit card,35.0,143,0.0,64.11,1
10723,Male,West,Pro,E-wallet,41.0,63,4.0,113.78,1
10724,Female,East,Basic,Credit card,46.0,176,1.0,0.0,1
10725,Female,East,Plus,Crypto,33.0,89,0.0,158.45,0
10726,Non-Binary,East,Basic,Crypto,34.0,15,1.0,0.0,0
10727,Male,West,Basic,E-wallet,43.0,72,2.0,0.0,1
10728,Female,North,Pro,Credit card,40.0,179,1.0,61.34,1
10729,Male,North,Basic,E-wallet,26.0,115,3.0,12.75,1
10730,Male,South,Basic,E-wallet,12.0,132,1.0,0.0,1
10731,Male,South,Pro,Crypto,32.0,163,0.0,85.93,1
10732,Non-Binary,South,Pro,Crypto,,6,0.0,114.51,0
10733,Female,North,Plus,Crypto,24.0,60,1.0,179.54,1
10734,Female,West,Basic,E-wallet,25.0,95,1.0,12.59,1
10735,Male,South,Pro,E-wallet,,156,4.0,118.25,1
10736,Non-Binary,West,Basic,Paypal,42.0,119,2.0,4.67,1
10737,Male,South,Basic,Paypal,44.0,157,0.0,93.11,1
10738,Non-Binary,West,Pro,E-wallet,39.0,167,1.0,93.28,1
10739,Female,West,Basic,Paypal,40.0,30,1.0,,0
10740,Male,North,Basic,E-wallet,40.0,47,3.0,11.4,1
10741,Female,West,Basic,Crypto,9.0,90,1.0,20.51,1
10742,Male,East,Pro,Credit card,34.0,5,1.0,89.02,1
10743,Female,North,Plus,Crypto,16.0,28,1.0,155.31,0
10744,Female,South,Pro,E-wallet,,136,2.0,69.5,0
10745,Male,North,Basic,Crypto,13.0,83,3.0,0.0,1
10746,Non-Binary,East,Pro,E-wallet,32.0,113,0.0,,1
10747,Male,East,Pro,,,138,4.0,40.8,1
10748,Female,West,Basic,,22.0,18,0.0,0.0,1
10749,Unknown,East,Basic,E-wallet,43.0,73,4.0,37.84,1
10750,Female,East,Basic,Credit card,39.0,132,1.0,0.0,1
10751,Male,East,Basic,Paypal,37.0,102,2.0,79.09,0
10752,Unknown,East,Plus,Credit card,40.0,69,2.0,131.36,1
10753,Female,South,Basic,E-wallet,30.0,94,1.0,0.0,1
10754,Male,South,Basic,Crypto,35.0,17,0.0,71.23,0
10755,Male,North,Plus,,34.0,20,3.0,183.13,1
10756,Female,West,Plus,E-wallet,,142,2.0,199.35,1
10757,Female,South,Pro,Crypto,27.0,5,1.0,74.79,1
10758,Female,East,Basic,Crypto,21.0,23,2.0,0.0,1
10759,Non-Binary,West,Basic,,,59,3.0,54.68,1
10760,Female,South,Basic,Paypal,30.0,27,3.0,66.08,1
10761,Male,North,Basic,Paypal,26.0,73,2.0,18.31,1
10762,Male,East,Basic,Paypal,42.0,22,2.0,94.01,0
10763,Male,West,Pro,Credit card,22.0,78,3.0,106.61,1
10764,Female,South,Basic,Credit card,32.0,45,1.0,30.53,1
10765,Male,West,Basic,Crypto,45.0,111,2.0,54.02,0
10766,Female,South,Basic,Paypal,43.0,36,2.0,0.0,1
10767,Female,North,Pro,E-wallet,46.0,141,1.0,89.81,0
10768,Non-Binary,East,Pro,Credit card,28.0,47,0.0,31.61,0
10769,Male,North,Pro,E-wallet,41.0,77,1.0,91.9,1
10770,Non-Binary,East,Basic,Paypal,23.0,114,2.0,37.21,1
10771,Male,East,Basic,Paypal,31.0,35,2.0,,1
10772,Non-Binary,West,Basic,Credit card,32.0,59,4.0,23.87,1
10773,Male,South,Basic,Credit card,,78,1.0,0.0,1
10774,Male,North,Plus,Crypto,30.0,112,1.0,241.48,1
10775,Female,North,Plus,E-wallet,29.0,96,2.0,121.85,1
10776,Male,North,Pro,Crypto,,110,0.0,39.36,0
10777,Male,West,Plus,Crypto,42.0,47,3.0,156.17,0
10778,Female,West,Pro,E-wallet,32.0,119,5.0,79.85,1
10779,Female,West,Basic,Paypal,36.0,149,0.0,37.97,1
10780,Female,East,Plus,E-wallet,35.0,42,0.0,189.23,0
10781,Female,North,Basic,Paypal,34.0,40,2.0,0.0,1
10782,Female,East,Pro,,,144,2.0,137.55,1
10783,Male,North,Basic,Paypal,30.0,62,1.0,16.83,1
10784,Male,North,Basic,Paypal,48.0,145,5.0,0.0,0
10785,Male,South,Pro,Paypal,41.0,71,2.0,103.01,1
10786,Unknown,North,Basic,E-wallet,34.0,2,3.0,23.55,1
10787,Female,West,Basic,Paypal,29.0,53,3.0,36.05,0
10788,Female,West,Basic,E-wallet,32.0,118,1.0,64.53,1
10789,Female,West,Basic,Credit card,38.0,141,4.0,80.78,1
10790,Unknown,South,Plus,Credit card,48.0,33,2.0,124.22,1
10791,Male,South,Pro,Crypto,20.0,126,2.0,0.0,0
10792,Female,East,Basic,Crypto,40.0,125,3.0,,1
10793,Female,North,Basic,,45.0,0,4.0,6.39,1
10794,Female,North,Plus,Paypal,19.0,175,4.0,,1
10795,Male,West,Basic,Paypal,32.0,98,3.0,0.0,1
10796,Non-Binary,West,Basic,,,9,2.0,13.8,0
10797,Unknown,West,Basic,E-wallet,38.0,82,1.0,0.0,1
10798,Female,West,Plus,Paypal,30.0,138,2.0,118.79,1
10799,Female,West,Basic,Paypal,32.0,118,1.0,0.0,1
10800,Unknown,West,Basic,E-wallet,29.0,126,0.0,12.25,1
10801,Female,North,Basic,Crypto,41.0,98,2.0,76.13,0
10802,Male,South,Basic,E-wallet,,65,2.0,15.38,0
10803,Female,West,Pro,E-wallet,,2,2.0,9.48,1
10804,Female,North,Basic,Paypal,35.0,142,0.0,94.83,0
10805,Female,West,Basic,Credit card,39.0,58,1.0,0.0,1
10806,Female,East,Basic,Paypal,31.0,104,1.0,25.53,1
10807,Unknown,East,Basic,Paypal,51.0,174,2.0,4.66,1
10808,Unknown,North,Plus,Paypal,,91,1.0,134.45,0
10809,Female,South,Plus,E-wallet,16.0,129,2.0,137.4,1
10810,Male,East,Basic,,15.0,157,0.0,52.02,1
10811,Unknown,East,Basic,Paypal,13.0,165,5.0,25.76,1
10812,Non-Binary,South,Basic,Paypal,40.0,4,1.0,64.43,1
10813,Male,East,Pro,,39.0,133,1.0,177.6,0
10814,Unknown,West,Pro,Crypto,46.0,132,4.0,112.93,1
10815,Non-Binary,South,Basic,Paypal,23.0,11,1.0,55.58,1
10816,Female,East,Pro,E-wallet,41.0,131,0.0,72.47,1
10817,Female,South,Pro,Crypto,34.0,151,1.0,118.56,1
10818,Male,West,Plus,,35.0,152,6.0,169.1,1
10819,Male,East,Basic,Credit card,40.0,25,2.0,,0
10820,Male,North,Basic,Crypto,26.0,54,1.0,30.37,1
10821,Non-Binary,East,Basic,Paypal,,125,3.0,11.18,1
10822,Male,East,Plus,Paypal,47.0,45,1.0,187.99,1
10823,Male,West,Pro,E-wallet,28.0,173,0.0,27.69,1
10824,Male,North,Pro,Paypal,23.0,42,2.0,82.01,1
10825,Female,North,Basic,Paypal,33.0,160,0.0,61.88,1
10826,Unknown,North,Basic,,35.0,20,3.0,76.96,0
10827,Male,West,Basic,Crypto,44.0,164,2.0,19.3,1
10828,Male,West,Pro,,22.0,11,0.0,114.72,0
10829,Female,West,Basic,Crypto,36.0,100,2.0,74.63,1
10830,Female,West,Basic,Credit card,18.0,148,0.0,23.61,1
10831,Male,West,Pro,E-wallet,38.0,140,3.0,140.83,0
10832,Female,North,Basic,Credit card,,116,4.0,15.4,1
10833,Male,South,Basic,Credit card,53.0,32,5.0,0.0,1
10834,Male,West,Basic,E-wallet,18.0,75,2.0,0.0,0
10835,Female,South,Plus,Paypal,47.0,119,4.0,154.51,1
10836,Female,East,Pro,Paypal,16.0,157,2.0,116.32,0
10837,Unknown,East,Plus,E-wallet,,36,1.0,104.62,1
10838,Male,West,Basic,E-wallet,17.0,81,3.0,30.9,0
10839,Female,East,Plus,Credit card,36.0,143,3.0,220.49,1
10840,Female,South,Plus,E-wallet,22.0,44,0.0,146.23,0
10841,Male,East,Pro,E-wallet,20.0,128,3.0,103.47,1
10842,Female,East,Plus,Crypto,36.0,27,3.0,160.88,1
10843,Male,South,Basic,Crypto,38.0,43,1.0,30.82,1
10844,Unknown,East,Basic,,34.0,66,1.0,0.0,1
10845,Male,West,Basic,E-wallet,32.0,106,1.0,0.0,1
10846,Female,South,Pro,Credit card,52.0,166,1.0,89.3,1
10847,Male,South,Pro,Paypal,35.0,9,0.0,,0
10848,Unknown,North,Pro,Paypal,42.0,50,1.0,105.33,1
10849,Female,North,Basic,Paypal,35.0,108,3.0,56.7,1
10850,Female,South,Basic,E-wallet,23.0,141,5.0,49.33,1
10851,Male,South,Basic,E-wallet,39.0,78,0.0,22.66,1
10852,Female,North,Pro,Credit card,27.0,133,3.0,58.03,1
10853,Male,West,Basic,Credit card,,166,1.0,66.36,1
10854,Non-Binary,East,Plus,Paypal,,79,1.0,133.4,1
10855,Male,East,Basic,E-wallet,14.0,81,3.0,30.43,1
10856,Male,East,Basic,Credit card,17.0,98,1.0,0.0,1
10857,Male,South,Plus,Crypto,43.0,175,2.0,220.32,1
10858,Female,West,Basic,Crypto,27.0,152,3.0,12.21,1
10859,Female,North,Basic,Paypal,27.0,119,1.0,0.0,1
10860,Male,West,Basic,Crypto,35.0,32,3.0,84.63,0
10861,Female,West,Basic,,30.0,82,2.0,28.31,0
10862,Female,East,Plus,E-wallet,38.0,101,2.0,158.15,1
10863,Female,North,Pro,Paypal,33.0,74,2.0,151.59,0
10864,Female,West,Basic,Paypal,35.0,119,2.0,,1
10865,Female,North,Pro,E-wallet,26.0,101,4.0,141.62,1
10866,Female,South,Basic,Credit card,35.0,64,1.0,0.0,1
10867,Male,East,Pro,Credit card,45.0,167,1.0,102.43,1
10868,Male,North,Plus,Credit card,28.0,24,2.0,172.34,0
10869,Non-Binary,South,Plus,Credit card,43.0,56,3.0,189.23,1
10870,Unknown,South,Basic,Paypal,33.0,159,0.0,0.0,1
10871,Male,South,Basic,Credit card,41.0,45,0.0,0.0,1
10872,Male,West,Basic,Crypto,35.0,99,4.0,121.5,1
10873,Female,West,Pro,Crypto,33.0,131,1.0,125.62,1
10874,Female,East,Pro,Credit card,37.0,118,4.0,76.12,1
10875,Male,East,Basic,Crypto,46.0,150,3.0,51.18,1
10876,Male,South,Plus,Crypto,36.0,79,2.0,135.6,0
10877,Female,East,Basic,E-wallet,38.0,74,0.0,33.59,1
10878,Female,West,Basic,E-wallet,30.0,149,1.0,0.0,1
10879,Male,East,Basic,Credit card,,102,3.0,24.18,1
10880,Male,North,Basic,Paypal,40.0,125,2.0,0.0,1
10881,Male,West,Basic,Paypal,,32,0.0,99.76,1
10882,Female,South,Pro,E-wallet,32.0,40,1.0,79.71,1
10883,Male,South,Basic,E-wallet,43.0,165,2.0,3.14,1
10884,Male,East,Basic,Paypal,27.0,62,1.0,0.0,0
10885,Female,West,Pro,Credit card,16.0,84,2.0,150.36,1
10886,Male,South,Basic,Paypal,34.0,178,3.0,30.24,1
10887,Female,South,Pro,Paypal,45.0,89,3.0,142.02,1
10888,Male,West,Basic,Crypto,49.0,64,5.0,38.62,1
10889,Male,West,Pro,Paypal,32.0,104,2.0,110.18,1
10890,Male,South,Plus,E-wallet,34.0,56,3.0,169.29,0
10891,Female,East,Basic,Credit card,39.0,85,2.0,,1
10892,Non-Binary,East,Pro,Paypal,31.0,154,2.0,,1
10893,Non-Binary,East,Plus,Crypto,,71,1.0,172.02,1
10894,Male,North,Pro,E-wallet,33.0,81,5.0,61.51,1
10895,Female,West,Basic,E-wallet,44.0,3,3.0,29.61,0
10896,Male,South,Basic,Crypto,41.0,64,3.0,45.01,1
10897,Male,North,Pro,E-wallet,42.0,43,1.0,68.94,1
10898,Non-Binary,East,Plus,Crypto,,15,1.0,127.39,1
10899,Male,North,Basic,E-wallet,53.0,93,2.0,0.0,1
10900,Male,South,Basic,E-wallet,38.0,22,1.0,19.63,1
10901,Male,South,Basic,E-wallet,36.0,158,2.0,72.86,1
10902,Male,West,Basic,E-wallet,26.0,155,1.0,5.92,1
10903,Male,East,Basic,Crypto,,177,1.0,7.49,0
10904,Female,East,Basic,Paypal,35.0,100,4.0,18.26,1
10905,Female,North,Basic,E-wallet,26.0,15,3.0,15.91,0
10906,Non-Binary,East,Basic,Crypto,31.0,40,3.0,40.72,1
10907,Non-Binary,North,Plus,Crypto,,136,2.0,155.12,1
10908,Male,South,Basic,Crypto,34.0,1,1.0,8.74,1
10909,Male,South,Basic,Paypal,16.0,109,1.0,36.24,1
10910,Male,South,Basic,Credit card,,42,1.0,65.58,0
10911,Female,South,Plus,Crypto,,65,3.0,186.79,1
10912,Male,South,Pro,Crypto,33.0,95,3.0,70.86,1
10913,Female,North,Pro,Crypto,44.0,76,1.0,108.71,1
10914,Female,South,Basic,Paypal,54.0,176,5.0,30.26,1
10915,Female,North,Plus,E-wallet,40.0,124,0.0,140.74,0
10916,Female,South,Basic,Paypal,21.0,96,0.0,0.0,1
10917,Male,North,Basic,Crypto,30.0,20,0.0,42.21,1
10918,Unknown,North,Pro,Credit card,39.0,146,0.0,79.64,1
10919,Female,North,Plus,Crypto,38.0,111,4.0,192.02,1
10920,Male,East,Pro,E-wallet,43.0,56,3.0,157.81,1
10921,Non-Binary,North,Plus,Credit card,33.0,76,2.0,127.75,0
10922,Female,North,Plus,Credit card,,59,2.0,107.01,0
10923,Non-Binary,South,Basic,Paypal,51.0,146,3.0,0.0,1
10924,Female,North,Basic,Paypal,34.0,98,2.0,45.73,1
10925,Female,North,Basic,E-wallet,,34,4.0,16.71,1
10926,Male,West,Plus,Paypal,48.0,125,1.0,165.77,0
10927,Male,East,Basic,E-wallet,19.0,160,0.0,23.06,1
10928,Female,West,Plus,Credit card,0.0,66,0.0,196.44,0
10929,Female,South,Basic,Credit card,41.0,86,1.0,31.14,0
10930,Male,East,Basic,Credit card,43.0,47,1.0,0.0,1
10931,Male,East,Basic,E-wallet,38.0,44,3.0,0.0,1
10932,Non-Binary,West,Basic,Paypal,20.0,74,2.0,66.1,1
10933,Unknown,East,Plus,Paypal,33.0,67,4.0,137.81,1
10934,Female,West,Basic,Paypal,31.0,142,2.0,54.58,1
10935,Male,North,Basic,Crypto,28.0,91,0.0,33.55,1
10936,Male,West,Basic,Credit card,48.0,71,2.0,64.45,0
10937,Male,East,Basic,Credit card,,97,2.0,85.94,1
10938,Unknown,East,Basic,Crypto,37.0,14,0.0,0.64,0
10939,Male,South,Basic,Credit card,45.0,150,2.0,75.27,1
10940,Female,South,Plus,Credit card,37.0,90,3.0,120.65,1
10941,Male,South,Basic,Crypto,46.0,141,0.0,64.24,1
10942,Female,South,Basic,Credit card,39.0,116,0.0,11.52,1
10943,Female,East,Pro,Paypal,38.0,1,1.0,0.0,1
10944,Non-Binary,South,Basic,Crypto,37.0,124,1.0,111.7,0
10945,Male,West,Basic,Credit card,40.0,42,4.0,25.67,1
10946,Male,North,Pro,Paypal,30.0,70,4.0,114.87,1
10947,Male,East,Basic,E-wallet,20.0,143,2.0,20.02,1
10948,Unknown,South,Pro,Credit card,43.0,85,1.0,119.57,0
10949,Non-Binary,East,Basic,Crypto,45.0,27,0.0,0.55,1
10950,Female,South,Pro,Paypal,36.0,159,1.0,66.32,1
10951,Female,East,Plus,E-wallet,28.0,70,2.0,184.28,1
10952,Female,South,Basic,E-wallet,18.0,106,2.0,25.71,1
10953,Male,North,Basic,Credit card,34.0,129,2.0,0.0,1
10954,Unknown,South,Basic,E-wallet,20.0,6,2.0,47.4,1
10955,Female,West,Basic,Crypto,19.0,37,1.0,44.12,1
10956,Male,East,Plus,E-wallet,,175,1.0,153.79,1
10957,Female,East,Pro,Credit card,26.0,106,1.0,59.22,1
10958,Male,West,Basic,E-wallet,37.0,85,1.0,,1
10959,Male,West,Pro,Credit card,32.0,81,0.0,118.06,1
10960,Female,North,Basic,E-wallet,,72,1.0,15.97,1
10961,Male,East,Pro,Paypal,16.0,1,4.0,19.9,1
10962,Female,North,Pro,Credit card,25.0,41,3.0,77.58,1
10963,Male,East,Pro,Crypto,25.0,169,1.0,83.19,1
10964,Male,East,Basic,Crypto,21.0,80,1.0,37.52,1
10965,Male,North,Pro,E-wallet,30.0,147,3.0,91.59,1
10966,Male,East,Basic,Paypal,22.0,5,1.0,55.81,0
10967,Female,East,Pro,E-wallet,32.0,138,0.0,80.2,1
10968,Male,North,Basic,E-wallet,36.0,73,1.0,23.64,0
10969,Female,South,Basic,Paypal,25.0,39,2.0,40.24,0
10970,Female,North,Pro,Credit card,38.0,127,1.0,16.69,1
10971,Female,East,Plus,Crypto,,35,3.0,143.08,1
10972,Unknown,West,Basic,,22.0,102,1.0,13.58,0
10973,Female,South,Plus,E-wallet,32.0,178,1.0,151.51,0
10974,Male,West,Pro,Credit card,40.0,46,2.0,38.8,0
10975,Male,South,Pro,E-wallet,42.0,97,1.0,89.37,1
10976,Male,West,Plus,Credit card,50.0,144,4.0,148.97,1
10977,Female,South,Basic,Crypto,30.0,25,2.0,0.0,0
10978,Male,North,Plus,Crypto,32.0,126,2.0,137.73,0
10979,Female,South,Basic,Credit card,23.0,47,3.0,32.42,0
10980,Female,South,Basic,Crypto,,26,1.0,73.9,0
10981,Male,South,Pro,E-wallet,36.0,45,4.0,145.85,1
10982,Female,East,Plus,Credit card,26.0,66,4.0,154.91,1
10983,Male,West,Plus,E-wallet,46.0,122,2.0,205.61,1
10984,Male,North,Pro,Credit card,19.0,146,2.0,124.82,1
10985,Female,West,Pro,E-wallet,38.0,71,3.0,,1
10986,Female,West,Basic,Crypto,23.0,80,1.0,0.0,1
10987,Female,North,Plus,Paypal,25.0,64,3.0,185.1,0
10988,Female,East,Basic,E-wallet,39.0,70,5.0,3.4,1
10989,Male,South,Pro,Credit card,27.0,35,0.0,118.78,1
10990,Non-Binary,East,Pro,Crypto,28.0,66,2.0,77.22,1
10991,Female,East,Pro,Credit card,,82,4.0,79.31,1
10992,Female,South,Basic,E-wallet,51.0,169,1.0,54.18,1
10993,Male,West,Plus,Credit card,27.0,66,1.0,224.25,1
10994,Female,South,Pro,Credit card,34.0,97,3.0,103.57,1
10995,Male,North,Plus,E-wallet,31.0,68,1.0,,0
10996,Male,South,Basic,Crypto,36.0,176,4.0,0.0,1
10997,Unknown,West,Pro,Crypto,,36,1.0,65.22,0
10998,Male,East,Pro,E-wallet,31.0,45,3.0,,1
10999,Unknown,East,Pro,Crypto,37.0,55,4.0,64.49,1
11000,Female,South,Plus,Paypal,25.0,118,0.0,193.73,1
11001,Male,North,Basic,Credit card,44.0,62,1.0,7.76,1
11002,Female,West,Basic,E-wallet,,77,1.0,7.44,1
11003,Non-Binary,East,Basic,,40.0,29,1.0,0.0,1
11004,Female,South,Basic,Credit card,34.0,95,2.0,29.61,1
11005,Non-Binary,North,Plus,E-wallet,4.0,62,1.0,205.09,0
11006,Female,North,Basic,Crypto,38.0,114,2.0,52.89,1
11007,Female,East,Basic,E-wallet,30.0,108,2.0,111.73,1
11008,Non-Binary,East,Basic,E-wallet,31.0,75,0.0,73.86,0
11009,Male,West,Pro,Credit card,15.0,153,2.0,130.5,1
11010,Female,North,Basic,Credit card,38.0,22,0.0,106.95,0
11011,Male,West,Basic,Credit card,19.0,112,3.0,55.62,0
11012,Unknown,North,Basic,Paypal,35.0,147,0.0,0.0,1
11013,Unknown,North,Basic,,43.0,101,5.0,54.7,1
11014,Male,South,Plus,E-wallet,29.0,45,0.0,180.9,1
11015,Female,East,Basic,E-wallet,46.0,158,1.0,22.82,1
11016,Unknown,North,Pro,Crypto,26.0,148,1.0,55.49,0
11017,Male,West,Plus,E-wallet,40.0,50,2.0,186.54,0
11018,Female,East,Pro,Credit card,20.0,166,1.0,76.8,1
11019,Unknown,West,Plus,E-wallet,,62,1.0,145.7,1
11020,Male,East,Plus,Crypto,42.0,68,0.0,243.77,1
11021,Female,East,Basic,Paypal,38.0,19,1.0,83.76,0
11022,Male,North,Pro,Paypal,30.0,118,2.0,27.32,1
11023,Unknown,South,Basic,Crypto,19.0,22,2.0,133.73,1
11024,Unknown,North,Basic,E-wallet,30.0,169,1.0,41.58,0
11025,Unknown,East,Plus,E-wallet,45.0,130,5.0,,1
11026,Female,North,Pro,Paypal,35.0,26,5.0,126.72,1
11027,Non-Binary,North,Pro,E-wallet,18.0,90,0.0,136.25,0
11028,Non-Binary,East,Pro,Paypal,22.0,79,1.0,-10.0,0
11029,Male,East,Basic,Crypto,46.0,151,0.0,3.49,1
11030,Non-Binary,North,Plus,Crypto,38.0,8,2.0,185.78,0
11031,Male,North,Basic,E-wallet,21.0,129,2.0,73.84,1
11032,Female,North,Basic,Credit card,16.0,133,3.0,80.16,1
11033,Male,West,Plus,Credit card,27.0,70,3.0,119.43,1
11034,Male,North,Basic,Paypal,15.0,78,2.0,62.55,1
11035,Male,West,Pro,Crypto,32.0,20,0.0,122.44,0
11036,Female,South,Pro,Paypal,58.0,99,1.0,54.77,1
11037,Male,West,Basic,,18.0,156,4.0,57.42,1
11038,Female,North,Plus,Paypal,,12,3.0,152.09,0
11039,Male,South,Pro,Paypal,47.0,110,1.0,61.48,1
11040,Male,West,Basic,Paypal,41.0,102,2.0,0.0,1
11041,Female,West,Basic,E-wallet,32.0,102,0.0,20.11,1
11042,Female,East,Plus,Credit card,32.0,169,1.0,192.1,0
11043,Male,South,Basic,Crypto,22.0,108,1.0,0.0,1
11044,Female,East,Plus,Paypal,31.0,119,0.0,112.61,1
11045,Non-Binary,South,Basic,Credit card,,125,3.0,10.78,1
11046,Female,West,Pro,Paypal,45.0,128,1.0,132.68,0
11047,Male,East,Plus,Paypal,27.0,147,3.0,157.24,1
11048,Male,North,Basic,Crypto,32.0,170,0.0,80.93,1
11049,Non-Binary,West,Pro,E-wallet,24.0,0,0.0,68.45,0
11050,Male,South,Pro,Paypal,36.0,39,1.0,23.61,1
11051,Non-Binary,South,Pro,Crypto,41.0,6,2.0,28.14,1
11052,Female,East,Pro,E-wallet,40.0,162,2.0,62.26,1
11053,Unknown,East,Pro,E-wallet,22.0,179,3.0,19.98,1
11054,Female,South,Pro,Credit card,35.0,33,1.0,88.94,1
11055,Unknown,West,Plus,Credit card,27.0,177,4.0,236.35,1
11056,Male,East,Pro,Paypal,44.0,68,1.0,31.73,1
11057,Female,North,Basic,Credit card,32.0,156,4.0,61.91,1
11058,Female,South,Plus,Crypto,18.0,113,6.0,218.37,1
11059,Female,North,Basic,Crypto,31.0,111,2.0,14.07,1
11060,Female,South,Basic,Credit card,38.0,0,2.0,19.12,1
11061,Non-Binary,North,Basic,Crypto,36.0,72,1.0,0.0,0
11062,Unknown,West,Basic,Crypto,,16,2.0,0.0,1
11063,Female,South,Basic,Paypal,,104,3.0,37.75,1
11064,Female,West,Basic,Paypal,24.0,93,2.0,121.8,0
11065,Female,East,Basic,,30.0,169,3.0,7.37,1
11066,Female,South,Pro,Credit card,25.0,155,4.0,110.21,1
11067,Male,West,Basic,Crypto,43.0,2,1.0,0.0,1
11068,Male,North,Basic,E-wallet,24.0,4,1.0,4.42,0
11069,Male,West,Basic,E-wallet,35.0,53,1.0,0.0,1
11070,Male,South,Basic,,34.0,165,2.0,0.61,1
11071,Male,West,Basic,Paypal,43.0,43,3.0,34.65,1
11072,Male,North,Pro,Credit card,44.0,75,2.0,17.15,1
11073,Male,North,Plus,Crypto,40.0,117,3.0,154.71,1
11074,Male,North,Plus,Credit card,37.0,23,1.0,75.42,0
11075,Unknown,East,Plus,Credit card,23.0,79,4.0,140.77,0
11076,Female,South,Basic,Credit card,,7,1.0,0.0,1
11077,Male,North,Basic,E-wallet,25.0,90,3.0,86.34,1
11078,Female,East,Basic,Crypto,41.0,89,5.0,37.43,1
11079,Male,North,Pro,Paypal,34.0,94,3.0,76.89,1
11080,Unknown,West,Basic,Credit card,42.0,1,1.0,0.0,0
11081,Female,South,Pro,Credit card,,40,1.0,83.37,0
11082,Male,West,Basic,E-wallet,26.0,47,0.0,18.54,1
11083,Female,East,Basic,E-wallet,34.0,105,2.0,39.43,1
11084,Non-Binary,West,Plus,Crypto,33.0,21,1.0,150.87,1
11085,Unknown,West,Pro,Paypal,30.0,96,2.0,53.71,1
11086,Female,North,Plus,Paypal,28.0,17,2.0,159.0,1
11087,Female,West,Pro,E-wallet,45.0,78,4.0,25.93,1
11088,Male,North,Plus,Crypto,34.0,168,2.0,48.87,1
11089,Unknown,North,Pro,Credit card,34.0,66,1.0,47.24,1
11090,Male,South,Plus,Crypto,25.0,47,1.0,102.8,1
11091,Unknown,East,Basic,Paypal,40.0,121,2.0,76.32,1
11092,Female,East,Pro,E-wallet,23.0,22,2.0,135.78,1
11093,Female,East,Pro,Credit card,38.0,110,0.0,113.38,1
11094,Female,North,Basic,Credit card,38.0,129,1.0,24.9,1
11095,Male,East,Plus,Paypal,29.0,105,2.0,119.39,0
11096,Male,North,Plus,Credit card,37.0,3,3.0,158.49,0
11097,Male,South,Basic,Crypto,35.0,153,4.0,0.0,1
11098,Male,East,Basic,Paypal,33.0,18,0.0,0.0,1
11099,Female,North,Basic,Paypal,34.0,48,3.0,0.0,1
11100,Male,East,Plus,Credit card,,73,2.0,192.98,1
11101,Male,East,Pro,Paypal,35.0,52,2.0,72.47,1
11102,Unknown,South,Basic,E-wallet,34.0,133,2.0,0.0,1
11103,Non-Binary,West,Pro,Crypto,22.0,128,0.0,50.31,1
11104,Unknown,East,Basic,Paypal,32.0,143,3.0,24.27,1
11105,Unknown,South,Pro,E-wallet,36.0,179,2.0,89.67,1
11106,Male,East,Basic,Credit card,34.0,6,0.0,0.0,0
11107,Male,East,Basic,Paypal,43.0,87,1.0,,1
11108,Female,East,Pro,E-wallet,40.0,34,2.0,-10.0,0
11109,Female,East,Basic,Credit card,25.0,67,2.0,,1
11110,Male,West,Basic,E-wallet,32.0,104,1.0,31.51,1
11111,Non-Binary,West,Basic,Credit card,30.0,142,2.0,51.16,1
11112,Male,East,Basic,Crypto,33.0,107,5.0,45.07,1
11113,Male,East,Basic,Paypal,33.0,150,3.0,0.0,1
11114,Female,South,Plus,Crypto,40.0,77,2.0,198.66,0
11115,Female,South,Plus,Crypto,35.0,124,1.0,203.63,1
11116,Female,North,Plus,Paypal,46.0,101,0.0,89.79,0
11117,Male,West,Plus,Crypto,36.0,138,2.0,100.24,1
11118,Non-Binary,East,Basic,Crypto,25.0,131,4.0,39.13,1
11119,Male,West,Basic,E-wallet,29.0,167,2.0,42.11,1
11120,Male,South,Basic,Credit card,40.0,57,3.0,65.87,1
11121,Non-Binary,West,Plus,Crypto,17.0,118,2.0,196.98,1
11122,Unknown,West,Pro,,20.0,87,0.0,105.87,1
11123,Non-Binary,East,Basic,E-wallet,34.0,121,1.0,,1
11124,Non-Binary,East,Basic,Credit card,43.0,66,2.0,0.0,0
11125,Female,South,Pro,Crypto,47.0,37,1.0,120.74,0
11126,Female,East,Pro,Crypto,31.0,129,0.0,112.29,1
11127,Male,South,Plus,Paypal,,86,1.0,196.52,1
11128,Female,South,Basic,Crypto,34.0,39,1.0,0.0,0
11129,Male,North,Plus,Paypal,18.0,55,2.0,205.6,1
11130,Male,North,Basic,Crypto,33.0,34,5.0,73.1,1
11131,Female,North,Pro,Crypto,27.0,48,0.0,46.92,1
11132,Female,West,Plus,Paypal,43.0,106,1.0,167.83,1
11133,Male,North,Plus,Credit card,,95,3.0,177.7,1
11134,Male,East,Basic,,21.0,121,3.0,67.68,1
11135,Female,East,Basic,Paypal,19.0,94,2.0,23.04,1
11136,Male,North,Basic,Credit card,33.0,171,3.0,18.94,1
11137,Non-Binary,West,Basic,Credit card,9.0,30,1.0,28.79,1
11138,Female,South,Pro,Paypal,28.0,124,0.0,47.45,1
11139,Female,West,Plus,E-wallet,36.0,75,1.0,,1
11140,Female,West,Basic,Paypal,23.0,125,2.0,51.48,1
11141,Non-Binary,South,Basic,Crypto,43.0,145,0.0,55.75,1
11142,Male,South,Basic,Crypto,,87,4.0,18.93,1
11143,Female,South,Plus,Credit card,,35,1.0,186.48,1
11144,Female,East,Plus,Crypto,,156,1.0,166.98,1
11145,Male,South,Basic,E-wallet,43.0,150,1.0,30.75,1
11146,Non-Binary,South,Basic,Paypal,33.0,2,2.0,,0
11147,Female,West,Pro,E-wallet,20.0,29,0.0,95.93,0
11148,Female,West,Pro,Credit card,32.0,44,2.0,79.8,1
11149,Non-Binary,North,Basic,Crypto,25.0,176,1.0,35.73,1
11150,Non-Binary,West,Plus,,45.0,112,1.0,160.52,0
11151,Female,South,Plus,Paypal,40.0,121,0.0,151.72,1
11152,Non-Binary,East,Pro,E-wallet,30.0,18,1.0,113.55,1
11153,Female,West,Pro,E-wallet,35.0,132,2.0,88.92,0
11154,Female,West,Basic,Paypal,,55,3.0,72.33,1
11155,Female,South,Pro,Crypto,26.0,161,4.0,79.68,1
11156,Female,West,Basic,Credit card,49.0,72,3.0,97.68,0
11157,Male,West,Basic,Credit card,34.0,102,2.0,29.62,1
11158,Non-Binary,South,Basic,Paypal,43.0,175,2.0,31.82,1
11159,Non-Binary,West,Basic,Paypal,36.0,25,1.0,9.3,0
11160,Male,East,Basic,Paypal,47.0,132,-1.0,44.18,1
11161,Non-Binary,North,Pro,E-wallet,14.0,87,2.0,166.12,1
11162,Male,West,Pro,Crypto,32.0,158,2.0,87.19,1
11163,Male,East,Pro,Crypto,50.0,23,3.0,117.95,0
11164,Female,West,Basic,Paypal,43.0,84,2.0,22.73,1
11165,Male,North,Basic,Credit card,47.0,21,0.0,0.0,0
11166,Non-Binary,South,Plus,E-wallet,33.0,101,2.0,225.5,1
11167,Non-Binary,North,Basic,Paypal,28.0,149,2.0,50.82,1
11168,Female,West,Plus,E-wallet,23.0,56,2.0,263.82,0
11169,Male,North,Basic,Paypal,23.0,157,2.0,35.14,1
11170,Male,North,Pro,E-wallet,42.0,112,1.0,77.84,1
11171,Female,South,Basic,Credit card,39.0,46,2.0,29.4,1
11172,Unknown,West,Pro,Credit card,33.0,166,3.0,113.3,1
11173,Female,North,Plus,,39.0,88,1.0,152.92,0
11174,Male,North,Plus,Credit card,35.0,90,1.0,142.49,1
11175,Female,South,Plus,Crypto,43.0,156,2.0,130.32,1
11176,Female,East,Basic,Crypto,43.0,141,0.0,31.5,1
11177,Female,West,Pro,,23.0,3,2.0,121.97,0
11178,Male,East,Basic,Paypal,36.0,4,0.0,43.43,0
11179,Female,East,Pro,Crypto,17.0,43,7.0,92.11,1
11180,Female,South,Basic,Paypal,35.0,90,5.0,25.85,1
11181,Unknown,South,Plus,E-wallet,40.0,23,2.0,119.31,1
11182,Male,West,Plus,Paypal,20.0,27,1.0,177.61,0
11183,Female,East,Basic,,29.0,151,2.0,5.66,1
11184,Unknown,North,Basic,Credit card,34.0,127,1.0,,1
11185,Male,East,Basic,Crypto,36.0,4,1.0,79.47,1
11186,Unknown,South,Pro,E-wallet,31.0,12,1.0,76.29,1
11187,Female,North,Basic,Crypto,22.0,54,3.0,0.0,1
11188,Male,North,Plus,Crypto,33.0,29,3.0,185.12,1
11189,Male,South,Pro,Crypto,,101,0.0,,1
11190,Female,North,Pro,E-wallet,31.0,82,2.0,49.31,1
11191,Male,East,Pro,Credit card,29.0,176,2.0,49.68,0
11192,Female,South,Basic,Credit card,32.0,112,2.0,46.41,1
11193,Male,West,Plus,Crypto,28.0,81,3.0,204.08,0
11194,Female,South,Pro,Paypal,18.0,89,0.0,112.02,1
11195,Male,West,Plus,Credit card,30.0,14,2.0,139.81,0
11196,Non-Binary,West,Pro,Credit card,43.0,29,1.0,141.97,1
11197,Unknown,South,Pro,E-wallet,46.0,27,4.0,68.11,1
11198,Unknown,South,Basic,Credit card,58.0,131,1.0,78.15,1
11199,Female,West,Pro,Credit card,50.0,67,1.0,135.17,0
11200,Male,West,Pro,Crypto,22.0,100,0.0,113.08,0
11201,Female,North,Pro,Crypto,29.0,142,2.0,55.41,1
11202,Male,South,Pro,E-wallet,33.0,33,1.0,134.4,0
11203,Male,South,Basic,E-wallet,33.0,98,1.0,107.94,0
11204,Male,North,Plus,Paypal,,170,-1.0,208.44,1
11205,Female,South,Plus,Credit card,58.0,60,2.0,118.46,0
11206,Female,North,Basic,Crypto,23.0,1,4.0,0.0,1
11207,Female,North,Plus,,26.0,117,0.0,177.9,1
11208,Female,South,Basic,Credit card,,51,1.0,0.0,1
11209,Male,East,Pro,E-wallet,27.0,51,2.0,93.61,1
11210,Unknown,West,Basic,,37.0,14,3.0,29.46,1
11211,Female,South,Plus,E-wallet,44.0,167,1.0,128.3,1
11212,Female,East,Basic,Crypto,38.0,27,1.0,66.16,0
11213,Male,North,Basic,,,95,0.0,0.0,1
11214,Female,East,Basic,Paypal,43.0,97,-1.0,60.13,1
11215,Female,South,Basic,Crypto,25.0,54,0.0,25.03,1
11216,Male,South,Pro,Credit card,29.0,177,1.0,86.95,1
11217,Male,East,Basic,Credit card,39.0,21,0.0,26.1,0
11218,Female,South,Pro,Credit card,13.0,156,0.0,82.06,1
11219,Female,West,Plus,E-wallet,48.0,71,3.0,223.16,1
11220,Male,East,Plus,Crypto,37.0,139,2.0,75.94,1
11221,Unknown,North,Plus,E-wallet,35.0,37,1.0,216.17,1
11222,Male,East,Basic,Paypal,17.0,119,2.0,0.0,1
11223,Female,East,Basic,Crypto,21.0,1,1.0,74.65,1
11224,Unknown,East,Pro,Credit card,30.0,139,1.0,80.52,1
11225,Female,East,Basic,Paypal,42.0,125,1.0,51.72,1
11226,Female,North,Plus,Paypal,13.0,139,1.0,153.66,1
11227,Male,North,Basic,Crypto,41.0,108,3.0,27.02,0
11228,Male,North,Plus,Credit card,30.0,8,2.0,,1
11229,Unknown,East,Basic,E-wallet,31.0,31,3.0,38.61,1
11230,Female,West,Plus,Crypto,36.0,72,0.0,130.76,0
11231,Non-Binary,West,Basic,Credit card,36.0,135,3.0,0.0,1
11232,Male,North,Basic,Paypal,26.0,115,0.0,0.0,1
11233,Male,West,Pro,Crypto,40.0,155,1.0,,1
11234,Male,West,Basic,Paypal,10.0,81,1.0,126.52,0
11235,Female,West,Pro,Credit card,29.0,106,3.0,17.96,1
11236,Male,West,Pro,E-wallet,35.0,35,2.0,152.53,0
11237,Non-Binary,West,Basic,E-wallet,30.0,116,0.0,39.83,0
11238,Female,South,Plus,Paypal,,164,0.0,158.92,1
11239,Unknown,North,Basic,Paypal,,31,4.0,58.11,1
11240,Male,East,Pro,Paypal,21.0,166,1.0,74.09,1
11241,Non-Binary,West,Pro,Crypto,33.0,48,1.0,58.33,0
11242,Female,South,Pro,Credit card,35.0,145,0.0,23.6,1
11243,Female,East,Basic,Paypal,34.0,22,2.0,29.87,1
11244,Non-Binary,South,Basic,,45.0,32,1.0,22.38,1
11245,Female,West,Pro,Paypal,33.0,111,4.0,71.11,1
11246,Female,West,Basic,E-wallet,38.0,178,1.0,67.47,1
11247,Male,West,Basic,Paypal,33.0,170,2.0,16.75,1
11248,Male,West,Pro,Credit card,40.0,3,2.0,117.96,0
11249,Unknown,East,Pro,,47.0,79,0.0,,1
11250,Female,East,Basic,Credit card,,124,3.0,69.35,1
11251,Female,South,Basic,E-wallet,41.0,1,1.0,81.77,0
11252,Female,North,Basic,E-wallet,48.0,44,2.0,32.32,0
11253,Male,West,Basic,Crypto,47.0,87,4.0,31.58,1
11254,Male,South,Basic,E-wallet,30.0,114,2.0,61.06,1
11255,Female,South,Basic,E-wallet,44.0,167,2.0,52.91,1
11256,Female,South,Plus,Credit card,36.0,129,4.0,140.59,1
11257,Male,West,Pro,Credit card,,159,5.0,90.4,1
11258,Female,West,Basic,Paypal,39.0,0,3.0,121.26,0
11259,Male,South,Basic,Crypto,36.0,17,3.0,8.59,1
11260,Female,West,Pro,E-wallet,38.0,159,0.0,107.53,0
11261,Male,South,Basic,Crypto,36.0,8,0.0,49.97,0
11262,Female,East,Pro,Paypal,36.0,54,1.0,88.51,1
11263,Male,West,Plus,Crypto,32.0,66,2.0,208.72,1
11264,Female,East,Pro,E-wallet,31.0,23,1.0,152.6,0
11265,Male,North,Basic,Credit card,51.0,120,1.0,91.4,0
11266,Male,West,Pro,Crypto,38.0,10,3.0,118.98,1
11267,Male,North,Plus,E-wallet,28.0,155,1.0,215.77,1
11268,Female,South,Pro,Paypal,31.0,15,3.0,43.83,0
11269,Female,West,Pro,E-wallet,,92,4.0,17.65,1
11270,Male,West,Basic,Crypto,26.0,104,1.0,0.0,1
11271,Female,West,Basic,E-wallet,19.0,11,1.0,8.87,1
11272,Non-Binary,North,Pro,E-wallet,19.0,120,3.0,150.82,1
11273,Female,North,Plus,Crypto,16.0,89,2.0,170.89,1
11274,Male,South,Pro,,21.0,131,0.0,52.13,1
11275,Female,East,Pro,Paypal,22.0,74,2.0,182.04,0
11276,Male,East,Basic,E-wallet,47.0,65,3.0,0.0,1
11277,Male,North,Basic,Credit card,33.0,30,1.0,0.0,0
11278,Unknown,West,Pro,Crypto,,177,4.0,59.89,1
11279,Male,East,Basic,E-wallet,19.0,88,4.0,63.64,1
11280,Female,East,Pro,Credit card,32.0,97,4.0,,1
11281,Female,North,Basic,Credit card,16.0,128,0.0,,1
11282,Female,South,Pro,E-wallet,,38,2.0,38.51,1
11283,Female,North,Plus,E-wallet,,179,4.0,180.47,1
11284,Male,North,Basic,E-wallet,40.0,94,1.0,55.79,1
11285,Male,West,Basic,Credit card,31.0,163,1.0,8.17,1
11286,Female,North,Pro,,40.0,139,4.0,74.63,1
11287,Male,West,Plus,Crypto,28.0,60,1.0,77.11,0
11288,Male,South,Pro,,,71,1.0,97.68,1
11289,Male,West,Basic,Crypto,51.0,138,2.0,25.2,1
11290,Male,South,Basic,Crypto,22.0,108,3.0,0.0,1
11291,Male,South,Basic,E-wallet,30.0,13,0.0,91.5,0
11292,Male,South,Basic,Crypto,37.0,135,3.0,35.74,1
11293,Female,North,Plus,E-wallet,24.0,160,1.0,154.37,1
11294,Female,West,Plus,Credit card,40.0,131,0.0,215.08,0
11295,Non-Binary,East,Basic,Crypto,30.0,112,1.0,0.0,0
11296,Male,North,Basic,E-wallet,40.0,29,3.0,0.0,1
11297,Male,South,Basic,Paypal,39.0,83,1.0,14.44,1
11298,Male,East,Plus,E-wallet,31.0,93,2.0,81.92,1
11299,Female,North,Pro,Paypal,51.0,90,2.0,70.09,0
11300,Female,East,Pro,E-wallet,27.0,88,2.0,3.84,0
11301,Male,South,Basic,Paypal,47.0,53,2.0,0.0,1
11302,Unknown,East,Pro,Crypto,45.0,133,2.0,96.08,1
11303,Male,East,Basic,Paypal,51.0,4,5.0,20.4,1
11304,Female,South,Basic,Crypto,35.0,50,0.0,37.38,1
11305,Female,East,Pro,Crypto,26.0,141,0.0,38.73,1
11306,Non-Binary,North,Pro,E-wallet,,33,2.0,71.78,1
11307,Female,East,Basic,Crypto,30.0,168,7.0,14.08,1
11308,Non-Binary,West,Basic,Credit card,25.0,88,3.0,0.0,1
11309,Male,North,Basic,Paypal,32.0,166,2.0,57.77,1
11310,Non-Binary,East,Basic,E-wallet,24.0,145,3.0,84.36,1
11311,Male,West,Pro,Crypto,,19,0.0,130.89,0
11312,Non-Binary,West,Plus,Paypal,27.0,106,1.0,89.73,1
11313,Female,West,Basic,Paypal,31.0,135,1.0,63.27,1
11314,Non-Binary,East,Basic,Credit card,43.0,25,0.0,9.98,0
11315,Female,South,Basic,Paypal,40.0,84,0.0,102.79,0
11316,Female,West,Pro,E-wallet,34.0,154,1.0,79.35,1
11317,Female,South,Basic,E-wallet,35.0,159,3.0,74.58,1
11318,Female,North,Pro,Crypto,34.0,41,2.0,37.72,1
11319,Male,South,Basic,Crypto,29.0,177,0.0,31.07,1
11320,Male,South,Pro,E-wallet,33.0,80,2.0,189.55,1
11321,Male,South,Plus,,38.0,176,3.0,104.83,1
11322,Male,South,Plus,Paypal,32.0,26,0.0,167.4,0
11323,Non-Binary,South,Plus,Credit card,38.0,99,1.0,189.51,1
11324,Male,North,Pro,Crypto,25.0,34,0.0,67.03,1
11325,Unknown,North,Plus,Paypal,27.0,37,5.0,128.23,1
11326,Male,South,Basic,Paypal,26.0,37,1.0,81.36,1
11327,Male,South,Basic,Crypto,,41,3.0,43.61,1
11328,Female,West,Basic,E-wallet,46.0,169,3.0,104.89,1
11329,Female,North,Pro,Paypal,41.0,176,0.0,73.06,1
11330,Female,East,Plus,,23.0,56,3.0,174.15,0
11331,Female,North,Basic,Paypal,,99,2.0,,1
11332,Female,East,Pro,Paypal,30.0,53,2.0,123.76,0
11333,Male,West,Pro,Credit card,27.0,137,1.0,51.17,1
11334,Unknown,South,Plus,E-wallet,19.0,39,2.0,183.37,1
11335,Unknown,West,Pro,Credit card,43.0,128,0.0,,1
11336,Female,South,Plus,Credit card,20.0,119,4.0,158.57,1
11337,Male,North,Basic,Crypto,33.0,85,2.0,34.14,1
11338,Female,South,Basic,Paypal,24.0,63,3.0,32.97,1
11339,Male,East,Pro,E-wallet,41.0,80,2.0,88.92,1
11340,Male,East,Basic,Paypal,30.0,11,1.0,0.0,1
11341,Male,West,Basic,E-wallet,32.0,88,4.0,,1
11342,Female,North,Pro,Credit card,32.0,25,3.0,64.2,1
11343,Non-Binary,East,Pro,Crypto,37.0,39,3.0,105.77,1
11344,Female,West,Pro,Credit card,,109,3.0,108.36,0
11345,Female,North,Basic,Paypal,33.0,112,4.0,0.0,1
11346,Female,North,Pro,Crypto,28.0,42,1.0,36.65,1
11347,Male,West,Basic,Crypto,18.0,71,4.0,47.63,1
11348,Male,East,Basic,Paypal,22.0,140,2.0,28.56,1
11349,Unknown,East,Pro,E-wallet,41.0,89,1.0,91.23,0
11350,Male,West,Basic,Crypto,30.0,16,2.0,13.55,1
11351,Non-Binary,East,Basic,E-wallet,,87,2.0,,1
11352,Female,West,Pro,E-wallet,19.0,23,4.0,54.24,0
11353,Female,East,Basic,E-wallet,16.0,75,3.0,34.68,1
11354,Female,East,Plus,Crypto,26.0,57,3.0,,1
11355,Female,West,Pro,Credit card,42.0,155,0.0,,0
11356,Non-Binary,West,Plus,Crypto,28.0,96,2.0,161.57,1
11357,Unknown,East,Basic,Credit card,38.0,50,1.0,33.66,1
11358,Female,West,Pro,Crypto,27.0,87,0.0,159.53,1
11359,Male,East,Basic,Credit card,40.0,91,2.0,0.0,1
11360,Female,South,Plus,Credit card,30.0,110,2.0,158.85,1
11361,Unknown,North,Basic,Crypto,21.0,166,1.0,72.52,1
11362,Male,North,Basic,E-wallet,31.0,100,3.0,38.44,1
11363,Female,East,Plus,E-wallet,52.0,167,1.0,188.29,1
11364,Female,North,Basic,Credit card,51.0,12,2.0,38.67,0
11365,Female,East,Basic,Paypal,38.0,146,2.0,31.62,1
11366,Male,West,Basic,,32.0,5,0.0,29.87,0
11367,Female,South,Pro,,37.0,145,2.0,99.24,1
11368,Unknown,North,Basic,Crypto,37.0,8,1.0,69.37,1
11369,Male,North,Basic,Crypto,33.0,80,2.0,92.73,1
11370,Male,West,Basic,Paypal,38.0,67,3.0,0.0,1
11371,Unknown,South,Pro,E-wallet,36.0,53,1.0,50.27,0
11372,Male,South,Pro,Crypto,30.0,125,2.0,135.55,1
11373,Non-Binary,South,Basic,Crypto,22.0,49,0.0,69.18,1
11374,Female,West,Basic,E-wallet,,69,0.0,34.11,1
11375,Male,North,Basic,Credit card,41.0,138,1.0,35.24,1
11376,Non-Binary,North,Basic,Crypto,33.0,117,1.0,50.06,1
11377,Female,South,Basic,Paypal,37.0,169,1.0,47.3,1
11378,Female,West,Basic,Paypal,,89,2.0,7.34,0
11379,Male,West,Pro,Crypto,23.0,138,0.0,29.3,1
11380,Female,West,Plus,Paypal,31.0,71,2.0,128.91,1
11381,Male,South,Basic,E-wallet,23.0,66,3.0,24.79,0
11382,Male,West,Pro,Credit card,23.0,129,3.0,85.15,1
11383,Unknown,South,Pro,Credit card,46.0,25,3.0,60.63,1
11384,Male,South,Pro,Crypto,,75,1.0,160.07,1
11385,Female,South,Plus,Crypto,26.0,36,3.0,124.71,0
11386,Male,East,Basic,Credit card,50.0,35,1.0,0.0,1
11387,Female,South,Basic,Credit card,42.0,15,2.0,,1
11388,Male,West,Pro,Crypto,30.0,77,0.0,45.0,1
11389,Unknown,East,Basic,Paypal,38.0,65,3.0,82.77,0
11390,Female,North,Basic,Crypto,31.0,20,4.0,29.06,1
11391,Male,North,Basic,E-wallet,27.0,134,4.0,108.82,1
11392,Male,West,Basic,Crypto,38.0,138,2.0,89.32,1
11393,Male,West,Pro,Crypto,30.0,171,0.0,74.16,1
11394,Female,West,Basic,Crypto,34.0,53,4.0,,1
11395,Male,West,Basic,Crypto,44.0,92,2.0,45.21,1
11396,Non-Binary,East,Basic,Crypto,43.0,57,2.0,83.52,1
11397,Female,West,Basic,Crypto,28.0,36,2.0,0.0,1
11398,Male,South,Plus,Paypal,38.0,119,2.0,81.56,1
11399,Female,North,Basic,Crypto,,175,1.0,12.29,1
11400,Female,West,Plus,,38.0,38,5.0,129.01,1
11401,Male,South,Pro,Crypto,35.0,103,2.0,124.46,0
11402,Male,West,Pro,Paypal,37.0,67,3.0,42.88,1
11403,Male,South,Basic,E-wallet,31.0,67,1.0,49.26,1
11404,Female,East,Basic,Credit card,54.0,154,1.0,4.77,1
11405,Female,North,Plus,Crypto,24.0,103,2.0,,1
11406,Female,North,Plus,Crypto,43.0,59,3.0,178.73,0
11407,Non-Binary,East,Basic,Credit card,23.0,171,2.0,0.0,1
11408,Non-Binary,South,Basic,Crypto,39.0,157,3.0,77.37,1
11409,Female,West,Basic,Paypal,39.0,125,3.0,40.46,1
11410,Non-Binary,South,Plus,Crypto,,122,2.0,126.49,1
11411,Male,North,Basic,E-wallet,,35,0.0,115.47,0
11412,Male,East,Pro,,35.0,132,1.0,149.55,0
11413,Male,East,Pro,Crypto,36.0,123,1.0,8.75,1
11414,Male,South,Pro,E-wallet,51.0,146,0.0,70.34,1
11415,Female,South,Pro,Credit card,25.0,139,0.0,67.49,1
11416,Unknown,East,Basic,Paypal,28.0,89,0.0,0.0,1
11417,Male,North,Plus,Crypto,36.0,82,1.0,208.49,1
11418,Male,West,Pro,Crypto,31.0,138,2.0,50.92,1
11419,Female,West,Pro,Credit card,32.0,52,0.0,76.23,1
11420,Unknown,South,Basic,Credit card,44.0,19,1.0,19.61,0
11421,Male,East,Pro,Paypal,5.0,72,2.0,0.0,0
11422,Female,East,Basic,,,83,0.0,62.74,0
11423,Male,East,Basic,Paypal,16.0,26,4.0,94.05,1
11424,Male,North,Pro,Crypto,22.0,57,1.0,53.29,1
11425,Unknown,South,Pro,Crypto,58.0,122,2.0,103.87,1
11426,Unknown,South,Pro,Paypal,39.0,132,2.0,91.64,1
11427,Male,South,Basic,Crypto,,73,0.0,59.9,1
11428,Unknown,North,Pro,Credit card,33.0,136,0.0,145.99,0
11429,Female,South,Basic,E-wallet,41.0,76,1.0,26.22,1
11430,Non-Binary,West,Pro,Crypto,16.0,124,0.0,32.62,1
11431,Female,South,Basic,Paypal,44.0,124,1.0,120.52,1
11432,Female,South,Pro,Crypto,25.0,31,1.0,83.16,0
11433,Female,South,Plus,,28.0,172,2.0,120.62,1
11434,Female,North,Basic,Paypal,39.0,26,5.0,15.13,1
11435,Male,West,Basic,E-wallet,37.0,155,2.0,24.71,1
11436,Male,West,Pro,Paypal,34.0,17,0.0,40.96,1
11437,Male,East,Pro,Paypal,,86,0.0,49.22,1
11438,Female,East,Pro,Paypal,34.0,104,-1.0,124.83,0
11439,Male,West,Pro,Crypto,43.0,158,0.0,96.47,1
11440,Female,South,Basic,E-wallet,28.0,40,1.0,60.68,1
11441,Unknown,South,Basic,,47.0,33,2.0,54.35,0
11442,Male,South,Basic,Crypto,,6,0.0,0.0,1
11443,Female,North,Basic,E-wallet,34.0,4,2.0,28.9,0
11444,Female,South,Pro,E-wallet,,20,1.0,140.04,0
11445,Non-Binary,North,Basic,Crypto,27.0,133,0.0,32.47,1
11446,Male,West,Plus,Paypal,44.0,172,3.0,195.48,1
11447,Female,South,Plus,E-wallet,53.0,119,2.0,183.46,1
11448,Non-Binary,South,Plus,Credit card,,162,1.0,-10.0,1
11449,Unknown,East,Plus,Crypto,28.0,105,2.0,204.34,1
11450,Female,West,Basic,E-wallet,26.0,86,5.0,85.85,1
11451,Female,South,Plus,Credit card,47.0,130,1.0,163.06,1
11452,Female,North,Basic,Credit card,46.0,160,3.0,71.62,1
11453,Non-Binary,West,Basic,Credit card,48.0,37,1.0,34.1,1
11454,Female,East,Pro,Credit card,33.0,86,0.0,86.84,0
11455,Male,West,Basic,Crypto,,79,1.0,17.45,1
11456,Unknown,North,Plus,Credit card,33.0,112,1.0,119.93,1
11457,Female,East,Pro,Crypto,25.0,143,4.0,57.81,1
11458,Female,North,Pro,Credit card,45.0,88,1.0,41.59,1
11459,Male,West,Basic,Credit card,50.0,105,3.0,,1
11460,Female,East,Pro,Crypto,23.0,70,0.0,86.49,0
11461,Male,North,Basic,Paypal,23.0,7,1.0,78.28,1
11462,Female,West,Plus,E-wallet,34.0,130,2.0,76.21,1
11463,Male,North,Basic,E-wallet,43.0,68,3.0,0.0,0
11464,Female,South,Pro,Crypto,22.0,127,1.0,65.23,1
11465,Unknown,West,Basic,Credit card,36.0,18,4.0,,1
11466,Male,East,Basic,Crypto,28.0,134,0.0,37.5,0
11467,Unknown,East,Basic,Credit card,41.0,85,1.0,29.85,0
11468,Female,South,Basic,Crypto,26.0,49,3.0,0.0,1
11469,Non-Binary,North,Pro,E-wallet,41.0,133,1.0,116.69,1
11470,Female,North,Basic,Crypto,32.0,132,1.0,,1
11471,Female,East,Basic,,24.0,60,2.0,105.86,1
11472,Female,North,Pro,E-wallet,34.0,94,3.0,0.0,1
11473,Non-Binary,West,Basic,,14.0,57,4.0,24.83,1
11474,Female,West,Basic,Crypto,28.0,149,2.0,0.0,1
11475,Male,East,Plus,,37.0,31,1.0,113.56,0
11476,Female,West,Basic,Crypto,16.0,144,4.0,3.61,1
11477,Non-Binary,East,Basic,Crypto,8.0,168,1.0,92.57,1
11478,Female,North,Basic,Paypal,10.0,21,0.0,32.0,0
11479,Female,North,Basic,Paypal,47.0,79,0.0,18.85,0
11480,Female,North,Pro,E-wallet,33.0,41,0.0,74.94,1
11481,Non-Binary,South,Basic,Credit card,28.0,78,3.0,43.48,0
11482,Male,East,Pro,Credit card,43.0,135,1.0,65.75,1
11483,Female,West,Basic,E-wallet,29.0,45,1.0,41.65,1
11484,Male,North,Basic,Crypto,36.0,175,1.0,38.64,1
11485,Male,South,Basic,Credit card,34.0,114,2.0,25.88,1
11486,Male,West,Pro,Crypto,29.0,130,1.0,100.61,1
11487,Male,West,Plus,Paypal,36.0,76,1.0,129.54,1
11488,Female,West,Pro,Paypal,41.0,29,0.0,76.51,0
11489,Male,North,Plus,E-wallet,32.0,27,2.0,106.48,0
11490,Female,West,Basic,Crypto,29.0,72,1.0,0.0,1
11491,Male,East,Basic,E-wallet,30.0,152,1.0,82.83,1
11492,Male,South,Basic,Credit card,11.0,164,1.0,60.02,1
11493,Male,West,Basic,Credit card,,178,2.0,83.52,1
11494,Male,West,Basic,Credit card,21.0,38,2.0,68.18,1
11495,Female,East,Basic,Crypto,40.0,82,0.0,1.42,0
11496,Female,West,Basic,E-wallet,33.0,66,3.0,0.0,1
11497,Female,North,Basic,E-wallet,35.0,128,5.0,0.05,1
11498,Female,North,Basic,Credit card,41.0,37,1.0,48.21,0
11499,Male,North,Basic,E-wallet,24.0,179,4.0,33.46,1
11500,Non-Binary,West,Plus,Paypal,37.0,51,5.0,161.62,1
11501,Female,South,Basic,Paypal,36.0,82,2.0,14.69,1
11502,Female,South,Pro,Paypal,32.0,84,2.0,37.95,1
11503,Male,West,Pro,Paypal,24.0,12,3.0,150.53,0
11504,Male,South,Basic,E-wallet,39.0,16,2.0,,1
11505,Male,South,Basic,Paypal,41.0,83,-1.0,50.76,1
11506,Male,West,Basic,Paypal,35.0,157,3.0,0.0,1
11507,Female,North,Pro,Paypal,23.0,165,2.0,77.6,1
11508,Female,West,Basic,Paypal,28.0,138,4.0,52.57,1
11509,Female,North,Basic,Paypal,33.0,154,1.0,108.43,1
11510,Female,North,Basic,Crypto,40.0,37,1.0,73.65,1
11511,Non-Binary,South,Plus,,,27,0.0,146.47,1
11512,Female,South,Basic,Paypal,28.0,153,1.0,57.71,1
11513,Unknown,North,Pro,Paypal,29.0,102,3.0,99.91,1
11514,Male,North,Basic,E-wallet,33.0,160,0.0,62.05,1
11515,Male,South,Plus,Paypal,,159,5.0,147.48,1
11516,Male,East,Pro,Credit card,31.0,152,0.0,91.26,0
11517,Female,North,Basic,Crypto,30.0,23,5.0,0.0,1
11518,Non-Binary,North,Plus,,23.0,167,5.0,147.32,1
11519,Male,North,Pro,Crypto,32.0,154,3.0,133.28,1
11520,Unknown,South,Basic,Paypal,28.0,45,3.0,,1
11521,Male,West,Basic,Credit card,,83,5.0,0.0,1
11522,Unknown,North,Pro,Paypal,25.0,96,2.0,66.53,1
11523,Male,North,Plus,Crypto,34.0,68,3.0,186.23,1
11524,Male,North,Pro,Crypto,,68,0.0,,1
11525,Female,West,Pro,Crypto,28.0,38,5.0,115.06,1
11526,Male,West,Pro,E-wallet,36.0,156,0.0,127.35,1
11527,Male,North,Basic,Crypto,36.0,74,0.0,42.57,1
11528,Male,North,Pro,Paypal,29.0,85,0.0,60.61,1
11529,Non-Binary,East,Basic,Credit card,31.0,30,3.0,0.0,1
11530,Female,West,Plus,Credit card,19.0,64,2.0,117.78,1
11531,Male,East,Pro,Paypal,48.0,14,5.0,148.04,1
11532,Female,North,Pro,E-wallet,40.0,82,1.0,79.29,0
11533,Female,North,Basic,Paypal,40.0,73,3.0,79.61,1
11534,Male,North,Basic,Crypto,18.0,8,3.0,17.14,0
11535,Female,North,Basic,E-wallet,28.0,12,1.0,1.59,0
11536,Male,South,Pro,,30.0,119,1.0,83.19,1
11537,Male,South,Pro,E-wallet,14.0,44,2.0,135.24,0
11538,Female,South,Basic,Credit card,42.0,89,4.0,53.33,1
11539,Male,East,Pro,Paypal,48.0,133,0.0,42.52,1
11540,Female,West,Plus,Paypal,54.0,103,3.0,131.87,1
11541,Female,North,Basic,Credit card,,43,4.0,0.0,1
11542,Male,West,Basic,,35.0,1,2.0,,0
11543,Female,South,Pro,Credit card,47.0,156,1.0,92.5,1
11544,Male,North,Pro,E-wallet,31.0,175,5.0,96.41,1
11545,Unknown,North,Pro,Paypal,28.0,124,0.0,,0
11546,Female,East,Pro,E-wallet,15.0,11,1.0,83.59,1
11547,Non-Binary,West,Plus,,45.0,113,1.0,131.74,1
11548,Female,East,Basic,Crypto,33.0,66,5.0,0.0,1
11549,Male,South,Basic,Crypto,26.0,177,0.0,37.08,1
11550,Female,West,Basic,Crypto,36.0,10,1.0,117.64,0
11551,Unknown,South,Basic,Credit card,35.0,4,0.0,0.0,1
11552,Female,East,Basic,Credit card,35.0,44,4.0,0.0,1
11553,Non-Binary,East,Basic,Crypto,,116,3.0,17.87,1
11554,Non-Binary,North,Plus,Paypal,50.0,174,1.0,,0
11555,Male,West,Plus,Paypal,32.0,133,2.0,119.51,1
11556,Male,West,Basic,Paypal,50.0,79,0.0,5.5,1
11557,Female,North,Pro,Credit card,39.0,93,3.0,35.22,1
11558,Female,West,Pro,E-wallet,37.0,83,1.0,86.79,0
11559,Non-Binary,South,Plus,Credit card,32.0,88,2.0,174.44,1
11560,Unknown,South,Pro,Crypto,43.0,110,1.0,70.79,1
11561,Male,East,Basic,E-wallet,35.0,66,3.0,0.0,1
11562,Male,South,Pro,Paypal,24.0,174,2.0,108.77,1
11563,Female,West,Pro,Credit card,24.0,161,1.0,114.51,1
11564,Male,North,Pro,Credit card,38.0,11,2.0,76.98,1
11565,Non-Binary,East,Plus,Crypto,24.0,26,0.0,174.47,1
11566,Female,North,Plus,Paypal,33.0,104,0.0,194.67,0
11567,Female,East,Pro,Credit card,44.0,85,1.0,51.34,1
11568,Male,East,Pro,Credit card,37.0,116,4.0,27.62,1
11569,Female,North,Plus,E-wallet,26.0,155,3.0,190.94,1
11570,Female,South,Basic,Credit card,48.0,172,0.0,108.41,1
11571,Female,South,Basic,E-wallet,39.0,129,1.0,0.0,1
11572,Male,South,Basic,,44.0,136,6.0,93.42,1
11573,Female,South,Plus,Paypal,11.0,30,2.0,157.49,0
11574,Non-Binary,North,Pro,Crypto,37.0,163,1.0,123.86,1
11575,Male,West,Basic,Paypal,42.0,112,2.0,0.0,1
11576,Male,East,Plus,Crypto,,104,3.0,137.96,1
11577,Male,North,Pro,Credit card,19.0,14,3.0,122.39,1
11578,Female,South,Plus,Paypal,,96,2.0,197.94,1
11579,Female,South,Basic,E-wallet,50.0,30,1.0,18.08,0
11580,Female,North,Pro,Crypto,13.0,154,1.0,81.22,1
11581,Male,East,Pro,Crypto,38.0,1,2.0,66.67,0
11582,Male,North,Pro,Credit card,40.0,42,3.0,32.13,0
11583,Female,North,Pro,Crypto,30.0,114,3.0,89.7,1
11584,Female,West,Plus,Crypto,29.0,122,2.0,154.5,1
11585,Unknown,North,Basic,Crypto,40.0,0,4.0,14.19,1
11586,Male,West,Plus,Credit card,27.0,8,1.0,107.01,1
11587,Female,East,Basic,Paypal,31.0,129,2.0,20.1,1
11588,Female,North,Basic,Credit card,42.0,100,2.0,37.79,1
11589,Female,North,Basic,E-wallet,51.0,109,2.0,,1
11590,Female,South,Basic,Crypto,,139,2.0,36.33,1
11591,Female,North,Basic,Crypto,35.0,137,1.0,,1
11592,Unknown,South,Plus,Paypal,28.0,110,1.0,,1
11593,Male,South,Pro,Crypto,,64,2.0,122.91,1
11594,Male,South,Basic,Paypal,45.0,64,3.0,7.49,1
11595,Female,East,Pro,Crypto,32.0,60,2.0,,1
11596,Female,West,Basic,Crypto,45.0,94,1.0,10.06,1
11597,Male,South,Basic,Credit card,30.0,34,2.0,6.02,1
11598,Male,North,Pro,Credit card,27.0,138,3.0,128.76,1
11599,Male,North,Pro,E-wallet,38.0,37,6.0,112.0,1
11600,Non-Binary,South,Pro,Paypal,33.0,113,1.0,161.18,1
11601,Male,South,Basic,E-wallet,21.0,38,4.0,41.67,1
11602,Male,North,Pro,Credit card,52.0,148,6.0,186.58,1
11603,Male,South,Pro,Paypal,,119,2.0,167.9,0
11604,Male,West,Plus,Credit card,,163,0.0,184.35,0
11605,Male,West,Basic,Paypal,42.0,109,1.0,67.99,1
11606,Female,East,Pro,Crypto,,19,3.0,123.54,1
11607,Male,South,Pro,E-wallet,23.0,42,5.0,114.37,0
11608,Non-Binary,East,Plus,,30.0,148,3.0,124.63,1
11609,Male,East,Basic,Paypal,25.0,162,2.0,22.66,1
11610,Female,East,Pro,,51.0,63,0.0,76.18,0
11611,Non-Binary,South,Basic,,31.0,106,2.0,72.93,1
11612,Female,East,Pro,E-wallet,42.0,31,0.0,107.23,0
11613,Female,West,Basic,Paypal,39.0,35,1.0,37.36,1
11614,Male,East,Basic,,36.0,104,3.0,0.0,1
11615,Male,West,Pro,E-wallet,34.0,68,3.0,64.33,1
11616,Female,West,Basic,Credit card,46.0,108,3.0,7.39,1
11617,Unknown,South,Basic,Crypto,25.0,179,1.0,111.57,1
11618,Female,East,Basic,Credit card,,131,3.0,21.54,1
11619,Female,South,Basic,E-wallet,21.0,6,3.0,0.0,1
11620,Female,West,Plus,E-wallet,41.0,83,2.0,166.21,0
11621,Female,North,Pro,Crypto,19.0,151,0.0,96.28,1
11622,Male,East,Plus,Crypto,30.0,148,2.0,154.48,1
11623,Female,South,Basic,Credit card,34.0,146,3.0,89.07,1
11624,Unknown,North,Plus,Crypto,29.0,155,2.0,207.68,1
11625,Male,East,Basic,Credit card,32.0,159,0.0,3.52,0
11626,Female,East,Pro,Paypal,20.0,33,3.0,53.77,1
11627,Male,South,Basic,E-wallet,24.0,15,1.0,0.0,1
11628,Female,North,Pro,Crypto,38.0,37,5.0,230.39,1
11629,Male,South,Pro,Paypal,34.0,114,2.0,59.53,1
11630,Female,East,Basic,Paypal,27.0,80,1.0,30.4,1
11631,Female,East,Basic,Credit card,,118,1.0,11.61,1
11632,Male,West,Pro,Credit card,21.0,131,1.0,34.53,1
11633,Female,East,Basic,Crypto,30.0,55,3.0,83.55,0
11634,Female,East,Basic,Credit card,28.0,167,1.0,49.53,1
11635,Unknown,North,Basic,Paypal,,119,1.0,,0
11636,Male,North,Pro,Paypal,34.0,49,3.0,11.66,1
11637,Male,West,Plus,E-wallet,32.0,108,0.0,155.1,1
11638,Male,West,Basic,Paypal,15.0,116,0.0,50.27,1
11639,Unknown,West,Basic,Crypto,42.0,167,1.0,0.0,1
11640,Unknown,South,Plus,E-wallet,31.0,105,3.0,197.36,0
11641,Female,South,Pro,Credit card,35.0,81,3.0,133.04,1
11642,Non-Binary,West,Basic,E-wallet,26.0,113,1.0,49.42,1
11643,Female,South,Plus,Paypal,24.0,48,2.0,121.55,0
11644,Female,East,Basic,Crypto,48.0,47,0.0,4.55,1
11645,Male,West,Basic,Credit card,16.0,133,0.0,48.97,0
11646,Female,West,Plus,Credit card,23.0,125,0.0,205.97,0
11647,Male,South,Plus,Paypal,48.0,132,0.0,140.96,1
11648,Non-Binary,North,Basic,Crypto,40.0,78,1.0,26.49,1
11649,Female,West,Basic,Paypal,30.0,172,1.0,2.94,1
11650,Female,South,Basic,Paypal,46.0,143,1.0,16.61,0
11651,Male,South,Basic,Crypto,38.0,111,5.0,82.02,1
11652,Male,North,Basic,Paypal,36.0,144,0.0,28.72,1
11653,Male,West,Basic,Crypto,36.0,119,2.0,0.0,1
11654,Male,North,Plus,Crypto,,100,2.0,,1
11655,Male,East,Plus,Paypal,39.0,106,2.0,150.85,0
11656,Unknown,North,Pro,Paypal,55.0,78,1.0,143.98,1
11657,Female,North,Pro,E-wallet,32.0,162,3.0,43.62,1
11658,Male,South,Basic,Credit card,32.0,7,4.0,52.35,0
11659,Male,North,Basic,Credit card,21.0,98,2.0,58.73,1
11660,Female,East,Basic,,,60,1.0,0.0,1
11661,Female,South,Pro,E-wallet,52.0,99,2.0,46.52,1
11662,Female,East,Basic,Crypto,43.0,26,2.0,8.04,1
11663,Unknown,North,Plus,E-wallet,28.0,118,1.0,182.98,1
11664,Female,East,Pro,,34.0,19,3.0,6.17,1
11665,Unknown,East,Basic,,,56,2.0,80.6,1
11666,Non-Binary,North,Basic,E-wallet,24.0,22,3.0,0.0,1
11667,Male,North,Pro,Paypal,35.0,99,0.0,63.71,0
11668,Unknown,South,Plus,Paypal,29.0,129,2.0,72.8,0
11669,Male,South,Pro,Credit card,23.0,154,4.0,60.15,1
11670,Non-Binary,West,Basic,E-wallet,38.0,159,4.0,95.08,1
11671,Male,South,Pro,Paypal,33.0,177,2.0,45.1,1
11672,Non-Binary,North,Basic,Paypal,18.0,39,1.0,88.22,0
11673,Non-Binary,East,Plus,Paypal,,103,3.0,94.19,1
11674,Non-Binary,East,Pro,Credit card,28.0,32,2.0,47.93,1
11675,Female,South,Pro,Crypto,18.0,28,5.0,85.12,1
11676,Male,South,Basic,Paypal,15.0,32,2.0,41.68,1
11677,Male,North,Pro,Paypal,,99,3.0,99.04,1
11678,Female,East,Basic,Crypto,33.0,144,-1.0,0.0,1
11679,Male,West,Basic,Paypal,31.0,73,3.0,90.43,0
11680,Female,West,Basic,E-wallet,32.0,64,3.0,23.29,1
11681,Male,South,Plus,Paypal,,121,1.0,195.9,1
11682,Unknown,West,Pro,Crypto,38.0,42,3.0,55.45,1
11683,Female,North,Basic,Credit card,32.0,116,3.0,43.82,1
11684,Non-Binary,West,Plus,Credit card,,126,1.0,145.0,1
11685,Male,South,Basic,E-wallet,27.0,99,2.0,71.35,1
11686,Non-Binary,North,Basic,Paypal,21.0,90,0.0,53.5,0
11687,Unknown,East,Basic,Paypal,29.0,42,2.0,42.21,1
11688,Female,North,Pro,Crypto,31.0,164,4.0,86.6,1
11689,Female,South,Pro,Crypto,29.0,45,1.0,17.53,1
11690,Female,South,Basic,E-wallet,34.0,24,3.0,90.03,1
11691,Male,West,Pro,,33.0,97,1.0,176.53,0
11692,Female,West,Basic,Paypal,36.0,92,2.0,,1
11693,Male,East,Pro,Paypal,43.0,98,2.0,57.38,1
11694,Male,East,Basic,E-wallet,39.0,104,3.0,19.54,1
11695,Male,South,Pro,Credit card,43.0,178,1.0,135.73,0
11696,Male,South,Pro,,25.0,73,2.0,70.31,1
11697,Male,South,Pro,Credit card,,116,0.0,145.99,1
11698,Male,East,Basic,Credit card,,37,2.0,46.83,1
11699,Unknown,South,Pro,E-wallet,40.0,165,5.0,45.6,1
11700,Female,East,Basic,Crypto,27.0,0,4.0,70.18,1
11701,Unknown,South,Plus,Credit card,40.0,53,3.0,191.77,0
11702,Female,North,Basic,E-wallet,24.0,95,5.0,3.09,1
11703,Male,North,Basic,Credit card,38.0,21,1.0,39.79,1
11704,Female,South,Pro,Paypal,33.0,18,3.0,35.57,1
11705,Female,North,Pro,Credit card,,33,2.0,86.33,0
11706,Male,East,Basic,E-wallet,29.0,43,1.0,53.91,1
11707,Female,West,Plus,Paypal,55.0,116,1.0,135.42,1
11708,Male,North,Plus,Paypal,36.0,108,1.0,190.92,1
11709,Female,West,Pro,Credit card,57.0,66,0.0,78.24,1
11710,Female,North,Basic,Credit card,19.0,113,3.0,10.32,1
11711,Male,East,Pro,Paypal,41.0,179,2.0,160.55,1
11712,Male,North,Basic,Crypto,8.0,21,3.0,70.45,1
11713,Female,North,Basic,E-wallet,33.0,28,1.0,0.0,1
11714,Female,South,Plus,E-wallet,40.0,141,3.0,212.08,1
11715,Male,West,Plus,E-wallet,42.0,61,3.0,163.19,1
11716,Unknown,West,Plus,E-wallet,26.0,14,2.0,174.21,1
11717,Male,East,Basic,E-wallet,44.0,141,5.0,12.98,1
11718,Female,East,Basic,Paypal,28.0,114,1.0,0.0,1
11719,Unknown,West,Basic,E-wallet,32.0,149,0.0,88.84,0
11720,Male,South,Basic,Crypto,29.0,96,2.0,19.68,1
11721,Male,South,Basic,Crypto,22.0,86,2.0,13.16,1
11722,Male,West,Basic,Credit card,49.0,124,1.0,0.0,1
11723,Male,North,Pro,Credit card,34.0,119,2.0,110.87,1
11724,Male,West,Pro,Credit card,,6,0.0,45.38,0
11725,Female,North,Pro,Credit card,44.0,83,2.0,43.05,1
11726,Male,West,Plus,Paypal,24.0,6,0.0,199.39,0
11727,Female,North,Basic,,46.0,16,2.0,,1
11728,Unknown,South,Basic,Paypal,39.0,31,1.0,0.0,0
11729,Non-Binary,West,Pro,Crypto,23.0,124,2.0,112.64,1
11730,Female,East,Pro,Paypal,38.0,78,1.0,,1
11731,Male,North,Pro,Crypto,23.0,61,2.0,29.9,1
11732,Female,South,Basic,Credit card,,57,1.0,,0
11733,Female,East,Basic,Crypto,,110,1.0,58.84,1
11734,Female,South,Pro,Credit card,33.0,130,2.0,51.98,1
11735,Male,North,Plus,Crypto,46.0,88,2.0,189.04,1
11736,Non-Binary,West,Plus,Paypal,18.0,79,1.0,169.83,1
11737,Female,South,Pro,,26.0,117,3.0,73.43,1
11738,Male,West,Pro,,31.0,0,0.0,109.19,0
11739,Male,West,Plus,Paypal,56.0,109,3.0,134.9,1
11740,Female,South,Pro,E-wallet,23.0,66,1.0,115.86,1
11741,Non-Binary,South,Pro,Paypal,16.0,147,3.0,62.35,1
11742,Female,South,Plus,E-wallet,,61,2.0,179.25,0
11743,Female,West,Pro,,43.0,55,1.0,,1
11744,Male,East,Plus,Crypto,28.0,55,0.0,150.23,0
11745,Female,North,Basic,Paypal,32.0,77,2.0,0.0,1
11746,Female,East,Pro,Crypto,41.0,172,0.0,38.59,1
11747,Male,West,Plus,Credit card,32.0,78,4.0,208.91,1
11748,Male,South,Basic,Credit card,36.0,95,2.0,68.33,1
11749,Female,South,Pro,Crypto,39.0,145,2.0,142.19,1
11750,Male,North,Basic,Paypal,29.0,47,6.0,48.64,1
11751,Female,North,Plus,Paypal,32.0,37,3.0,245.18,0
11752,Male,East,Pro,Paypal,36.0,21,2.0,52.75,0
11753,Male,East,Basic,Crypto,42.0,72,5.0,43.43,1
11754,Male,North,Basic,,26.0,128,2.0,0.0,1
11755,Unknown,West,Pro,Paypal,3.0,169,1.0,-10.0,1
11756,Non-Binary,East,Pro,E-wallet,40.0,124,1.0,44.14,1
11757,Unknown,South,Basic,Paypal,43.0,123,1.0,22.42,1
11758,Female,South,Plus,,36.0,74,0.0,102.88,1
11759,Male,West,Pro,Paypal,36.0,156,5.0,,1
11760,Female,North,Pro,Crypto,28.0,133,2.0,159.02,1
11761,Female,East,Basic,Crypto,39.0,55,2.0,57.23,1
11762,Non-Binary,South,Plus,,,119,1.0,114.64,1
11763,Male,North,Basic,Crypto,34.0,11,2.0,30.05,0
11764,Female,East,Pro,Crypto,58.0,38,2.0,132.29,1
11765,Male,West,Plus,,,107,2.0,76.33,1
11766,Male,South,Basic,,,139,1.0,74.2,1
11767,Female,West,Pro,E-wallet,22.0,32,1.0,78.97,0
11768,Female,West,Basic,,42.0,119,1.0,136.92,1
11769,Male,West,Pro,E-wallet,18.0,82,5.0,51.48,1
11770,Male,East,Pro,Credit card,20.0,18,2.0,116.82,0
11771,Female,West,Plus,Paypal,27.0,84,5.0,80.3,1
11772,Female,East,Plus,Crypto,36.0,127,3.0,154.02,1
11773,Non-Binary,East,Pro,Crypto,28.0,42,1.0,76.07,0
11774,Unknown,West,Pro,Paypal,28.0,72,1.0,53.09,0
11775,Female,West,Pro,Crypto,32.0,172,3.0,82.86,1
11776,Male,North,Basic,Credit card,31.0,85,3.0,54.51,1
11777,Female,South,Pro,E-wallet,48.0,18,1.0,151.12,1
11778,Female,North,Plus,Paypal,40.0,164,1.0,172.45,0
11779,Male,South,Basic,Crypto,30.0,10,4.0,28.27,1
11780,Non-Binary,South,Basic,Credit card,54.0,127,0.0,39.51,1
11781,Male,North,Basic,Crypto,38.0,152,5.0,50.28,1
11782,Unknown,North,Basic,Credit card,24.0,98,0.0,30.76,1
11783,Female,South,Basic,Crypto,36.0,44,1.0,85.72,1
11784,Female,South,Basic,E-wallet,39.0,61,0.0,16.33,0
11785,Female,South,Basic,Paypal,27.0,94,1.0,0.0,0
11786,Non-Binary,East,Pro,E-wallet,23.0,141,1.0,72.62,1
11787,Female,South,Basic,,34.0,33,1.0,36.08,0
11788,Female,West,Pro,Crypto,,97,2.0,97.5,1
11789,Male,West,Plus,E-wallet,48.0,59,0.0,197.82,0
11790,Female,West,Plus,Paypal,41.0,63,4.0,215.2,0
11791,Male,North,Pro,Credit card,,178,2.0,38.86,1
11792,Female,North,Basic,Credit card,38.0,41,3.0,27.93,0
11793,Female,North,Plus,Crypto,46.0,148,2.0,232.03,1
11794,Female,South,Pro,Paypal,20.0,103,5.0,32.84,1
11795,Male,West,Basic,Paypal,23.0,132,5.0,0.14,1
11796,Male,South,Basic,Credit card,33.0,65,5.0,43.84,1
11797,Female,East,Basic,Credit card,34.0,113,0.0,0.0,1
11798,Male,East,Basic,E-wallet,33.0,135,4.0,0.0,1
11799,Male,North,Basic,Crypto,30.0,65,2.0,56.28,1
11800,Male,East,Plus,Credit card,30.0,86,4.0,186.46,1
11801,Unknown,West,Pro,Credit card,,61,1.0,109.33,0
11802,Female,East,Pro,Paypal,45.0,147,0.0,96.99,1
11803,Male,North,Plus,Paypal,29.0,131,1.0,123.5,1
11804,Male,South,Pro,Paypal,58.0,142,3.0,81.85,1
11805,Male,East,Plus,Credit card,53.0,19,0.0,201.97,0
11806,Female,West,Plus,Crypto,47.0,23,4.0,96.43,1
11807,Female,West,Basic,E-wallet,40.0,8,0.0,,1
11808,Male,West,Plus,Crypto,54.0,115,0.0,102.26,1
11809,Male,South,Pro,,,148,1.0,117.67,1
11810,Male,West,Basic,E-wallet,25.0,40,1.0,3.65,1
11811,Female,North,Pro,Crypto,28.0,12,1.0,65.75,1
11812,Female,North,Pro,Credit card,23.0,132,2.0,35.76,1
11813,Male,West,Plus,Crypto,35.0,45,0.0,289.59,0
11814,Male,East,Basic,Credit card,36.0,77,0.0,45.16,1
11815,Male,West,Pro,Paypal,36.0,70,5.0,138.87,1
11816,Unknown,North,Basic,Crypto,,58,3.0,0.0,1
11817,Male,North,Basic,Paypal,35.0,50,4.0,65.83,1
11818,Female,North,Basic,Paypal,51.0,15,3.0,72.27,0
11819,Female,East,Pro,E-wallet,40.0,50,1.0,88.23,1
11820,Male,East,Plus,E-wallet,43.0,127,-1.0,143.73,1
11821,Male,East,Basic,Crypto,35.0,169,1.0,0.0,1
11822,Male,North,Pro,Credit card,17.0,10,1.0,110.75,1
11823,Female,South,Basic,E-wallet,15.0,67,2.0,0.0,1
11824,Female,West,Basic,E-wallet,54.0,120,1.0,39.57,1
11825,Female,West,Pro,Paypal,,179,2.0,129.63,1
11826,Female,North,Basic,Paypal,27.0,137,2.0,91.14,1
11827,Male,East,Pro,Credit card,36.0,71,4.0,104.97,1
11828,Unknown,South,Basic,E-wallet,39.0,163,1.0,16.21,1
11829,Female,South,Basic,E-wallet,40.0,44,2.0,54.68,1
11830,Male,East,Pro,Credit card,51.0,5,0.0,116.65,0
11831,Unknown,West,Pro,E-wallet,49.0,5,0.0,24.01,1
11832,Female,West,Basic,Crypto,25.0,90,2.0,20.97,1
11833,Female,South,Pro,Crypto,43.0,72,2.0,58.33,1
11834,Female,South,Plus,Credit card,30.0,63,1.0,186.36,0
11835,Non-Binary,East,Pro,Paypal,32.0,37,2.0,,1
11836,Female,West,Basic,Credit card,23.0,77,0.0,19.83,0
11837,Male,South,Pro,,17.0,62,2.0,104.24,1
11838,Male,West,Pro,E-wallet,33.0,110,0.0,35.0,1
11839,Unknown,South,Basic,E-wallet,24.0,70,0.0,29.26,1
11840,Male,East,Plus,Paypal,43.0,19,1.0,175.01,0
11841,Male,West,Plus,,31.0,76,1.0,66.42,0
11842,Female,South,Plus,Crypto,37.0,63,1.0,159.66,1
11843,Female,South,Plus,Paypal,47.0,36,1.0,129.91,1
11844,Female,South,Pro,Credit card,19.0,107,3.0,47.4,1
11845,Unknown,South,Pro,Crypto,26.0,163,6.0,124.9,1
11846,Male,East,Pro,E-wallet,35.0,9,2.0,172.3,1
11847,Male,West,Plus,E-wallet,37.0,161,1.0,188.09,1
11848,Male,West,Pro,E-wallet,45.0,44,0.0,112.51,0
11849,Non-Binary,North,Basic,Paypal,42.0,62,0.0,0.0,1
11850,Female,West,Basic,Crypto,34.0,12,2.0,9.8,1
11851,Male,North,Plus,,37.0,24,1.0,169.03,1
11852,Non-Binary,South,Basic,Credit card,37.0,126,4.0,0.0,1
11853,Non-Binary,East,Pro,Crypto,19.0,43,3.0,184.35,1
11854,Non-Binary,East,Plus,Paypal,32.0,73,4.0,156.04,1
11855,Unknown,South,Pro,E-wallet,36.0,115,4.0,145.31,0
11856,Male,North,Plus,E-wallet,38.0,151,2.0,179.94,0
11857,Female,South,Pro,Credit card,24.0,68,1.0,103.82,1
11858,Female,East,Basic,Credit card,21.0,46,1.0,45.64,0
11859,Non-Binary,East,Plus,Credit card,31.0,90,3.0,236.72,1
11860,Female,West,Basic,E-wallet,53.0,49,3.0,24.33,0
11861,Female,North,Basic,Paypal,25.0,115,0.0,0.0,1
11862,Female,West,Basic,E-wallet,45.0,163,0.0,25.01,0
11863,Male,East,Basic,E-wallet,49.0,32,0.0,0.0,1
11864,Female,East,Basic,,34.0,91,1.0,0.0,1
11865,Unknown,West,Basic,Paypal,27.0,103,2.0,9.89,1
11866,Unknown,West,Pro,E-wallet,39.0,130,3.0,59.03,1
11867,Male,East,Plus,Credit card,,158,0.0,50.9,1
11868,Male,West,Basic,Credit card,,59,3.0,,1
11869,Male,West,Basic,Credit card,27.0,28,0.0,56.1,1
11870,Female,North,Pro,Credit card,38.0,171,3.0,74.04,1
11871,Non-Binary,East,Pro,E-wallet,43.0,172,2.0,154.92,1
11872,Male,South,Plus,,30.0,115,-1.0,184.61,1
11873,Female,North,Basic,E-wallet,,41,1.0,60.54,1
11874,Non-Binary,South,Plus,Credit card,40.0,148,1.0,100.59,1
11875,Female,West,Pro,Paypal,32.0,31,2.0,83.91,1
11876,Female,West,Pro,Crypto,31.0,155,1.0,117.61,0
11877,Female,South,Basic,Crypto,26.0,174,1.0,3.87,1
11878,Female,West,Basic,,26.0,98,2.0,115.44,1
11879,Male,West,Basic,Paypal,60.0,119,3.0,71.65,1
11880,Female,North,Basic,E-wallet,32.0,46,2.0,55.97,1
11881,Female,South,Pro,Crypto,47.0,16,3.0,78.91,1
11882,Non-Binary,North,Plus,Crypto,50.0,28,0.0,61.35,1
11883,Female,South,Pro,E-wallet,32.0,47,1.0,119.75,0
11884,Female,North,Pro,Crypto,37.0,129,4.0,60.2,1
11885,Male,East,Pro,E-wallet,,32,1.0,55.54,0
11886,Female,East,Basic,Crypto,17.0,127,2.0,16.1,1
11887,Male,South,Plus,E-wallet,18.0,67,4.0,105.2,1
11888,Male,East,Pro,Credit card,34.0,38,2.0,44.45,0
11889,Female,North,Basic,Paypal,29.0,132,1.0,59.73,1
11890,Unknown,South,Basic,Crypto,52.0,118,-1.0,51.42,1
11891,Male,East,Pro,,,67,3.0,95.11,1
11892,Female,East,Pro,Credit card,,51,1.0,18.97,0
11893,Non-Binary,South,Basic,E-wallet,29.0,179,2.0,81.49,1
11894,Male,East,Plus,Crypto,53.0,156,3.0,181.94,1
11895,Female,East,Pro,Crypto,39.0,164,3.0,18.5,1
11896,Female,South,Pro,Crypto,39.0,135,0.0,117.42,1
11897,Female,East,Basic,Crypto,28.0,147,0.0,9.11,0
11898,Male,East,Basic,Crypto,39.0,168,1.0,51.99,1
11899,Male,East,Plus,Credit card,50.0,69,2.0,92.98,1
11900,Female,East,Plus,E-wallet,32.0,35,2.0,138.79,1
11901,Female,West,Basic,E-wallet,30.0,31,2.0,0.0,1
11902,Male,South,Basic,Crypto,31.0,4,2.0,26.01,0
11903,Female,West,Basic,E-wallet,50.0,103,0.0,52.51,1
11904,Male,West,Basic,Credit card,42.0,147,4.0,0.14,1
11905,Female,North,Pro,Crypto,48.0,67,3.0,92.3,1
11906,Male,West,Plus,Paypal,37.0,149,2.0,108.3,1
11907,Unknown,West,Basic,Credit card,34.0,158,1.0,26.92,0
11908,Male,North,Basic,Crypto,,168,2.0,86.15,1
11909,Male,East,Plus,E-wallet,44.0,4,4.0,152.91,1
11910,Male,East,Basic,Credit card,31.0,9,3.0,68.54,1
11911,Male,West,Plus,Crypto,,113,2.0,186.91,0
11912,Non-Binary,North,Pro,E-wallet,37.0,164,2.0,122.68,1
11913,Unknown,East,Plus,E-wallet,9.0,55,1.0,98.47,1
11914,Male,North,Basic,Crypto,,85,3.0,63.52,1
11915,Female,South,Basic,Credit card,21.0,151,2.0,,1
11916,Female,South,Basic,Crypto,42.0,99,1.0,97.56,1
11917,Non-Binary,South,Basic,Crypto,43.0,143,3.0,0.0,1
11918,Female,South,Basic,Crypto,37.0,1,2.0,32.95,1
11919,Male,West,Plus,Crypto,39.0,142,1.0,107.21,1
11920,Female,South,Plus,Crypto,44.0,168,2.0,139.81,1
11921,Female,South,Pro,E-wallet,29.0,62,3.0,37.1,1
11922,Male,North,Basic,Crypto,41.0,176,3.0,72.21,1
11923,Female,East,Pro,Credit card,45.0,153,2.0,125.91,1
11924,Male,North,Pro,Paypal,51.0,93,3.0,109.08,1
11925,Female,West,Basic,Crypto,22.0,65,2.0,39.0,1
11926,Male,South,Plus,Credit card,38.0,117,1.0,171.55,1
11927,Female,East,Basic,Paypal,24.0,28,0.0,24.14,1
11928,Female,East,Basic,Credit card,23.0,39,0.0,55.72,0
11929,Female,South,Basic,E-wallet,37.0,10,1.0,74.38,0
11930,Male,South,Pro,E-wallet,34.0,179,7.0,116.0,1
11931,Female,West,Pro,Paypal,45.0,125,0.0,135.2,1
11932,Female,West,Basic,Paypal,30.0,86,3.0,137.94,0
11933,Female,South,Basic,Paypal,32.0,89,0.0,57.91,0
11934,Female,South,Basic,E-wallet,36.0,78,1.0,0.0,0
11935,Female,South,Basic,,25.0,102,0.0,0.0,1
11936,Non-Binary,South,Basic,Credit card,26.0,80,1.0,0.0,1
11937,Male,East,Basic,E-wallet,45.0,98,2.0,21.86,1
11938,Non-Binary,West,Basic,Paypal,28.0,99,1.0,-10.0,0
11939,Female,South,Plus,Crypto,45.0,130,0.0,160.77,1
11940,Male,South,Pro,,,10,1.0,85.73,1
11941,Male,East,Pro,Paypal,18.0,27,5.0,98.29,1
11942,Male,North,Basic,E-wallet,39.0,47,6.0,36.95,1
11943,Female,South,Basic,Paypal,39.0,27,1.0,87.06,0
11944,Female,East,Basic,E-wallet,38.0,45,1.0,83.67,0
11945,Female,East,Basic,,32.0,54,0.0,21.61,0
11946,Female,North,Basic,,24.0,82,0.0,41.15,1
11947,Female,West,Plus,E-wallet,47.0,118,0.0,230.25,1
11948,Male,West,Plus,Credit card,32.0,1,2.0,137.79,0
11949,Male,West,Basic,Crypto,25.0,143,1.0,0.0,1
11950,Female,South,Basic,Credit card,38.0,10,1.0,0.0,0
11951,Male,West,Plus,Credit card,26.0,2,2.0,105.24,1
11952,Male,South,Basic,Paypal,24.0,41,0.0,6.38,0
11953,Female,South,Pro,Credit card,30.0,156,2.0,19.5,1
11954,Female,East,Plus,Crypto,27.0,91,0.0,128.1,1
11955,Unknown,West,Plus,E-wallet,24.0,158,1.0,219.56,0
11956,Unknown,West,Basic,Credit card,42.0,76,0.0,0.0,1
11957,Female,West,Basic,E-wallet,32.0,152,2.0,27.07,1
11958,Female,South,Basic,Paypal,46.0,119,1.0,,1
11959,Female,South,Plus,Crypto,25.0,133,0.0,163.97,1
11960,Female,West,Plus,Crypto,16.0,115,0.0,156.6,0
11961,Male,South,Pro,E-wallet,35.0,66,3.0,,1
11962,Female,South,Pro,Crypto,52.0,149,2.0,92.75,1
11963,Non-Binary,North,Pro,Paypal,39.0,40,1.0,28.77,0
11964,Male,North,Pro,E-wallet,66.0,38,0.0,87.43,0
11965,Female,West,Plus,Crypto,37.0,54,1.0,77.76,1
11966,Female,West,Pro,Paypal,36.0,157,0.0,7.78,1
11967,Male,North,Pro,Paypal,12.0,70,2.0,130.76,1
11968,Male,South,Basic,Credit card,38.0,129,0.0,48.68,1
11969,Male,South,Pro,Crypto,35.0,7,0.0,56.58,1
11970,Male,East,Basic,E-wallet,29.0,113,2.0,23.59,1
11971,Male,West,Basic,Credit card,32.0,62,1.0,66.87,1
11972,Non-Binary,West,Plus,E-wallet,33.0,96,2.0,161.34,0
11973,Male,West,Pro,Credit card,,155,4.0,53.01,1
11974,Female,East,Plus,Paypal,54.0,73,2.0,124.96,0
11975,Male,East,Basic,Credit card,30.0,165,2.0,0.0,1
11976,Unknown,South,Pro,Credit card,35.0,17,1.0,56.59,0
11977,Male,North,Basic,Credit card,29.0,96,3.0,0.0,1
11978,Female,North,Plus,Crypto,41.0,22,1.0,187.59,1
11979,Non-Binary,North,Basic,Credit card,35.0,123,0.0,44.13,0
11980,Non-Binary,South,Pro,Paypal,31.0,167,3.0,39.0,1
11981,Male,North,Pro,E-wallet,14.0,59,3.0,48.69,1
11982,Non-Binary,East,Basic,,36.0,84,2.0,16.11,1
11983,Female,East,Plus,Paypal,30.0,4,0.0,137.0,0
11984,Female,West,Plus,,,98,2.0,205.51,1
11985,Male,North,Basic,E-wallet,22.0,145,3.0,114.69,1
11986,Male,East,Basic,E-wallet,48.0,165,2.0,0.0,1
11987,Female,West,Basic,E-wallet,42.0,110,1.0,70.65,1
11988,Female,North,Basic,Crypto,48.0,156,1.0,19.12,1
11989,Female,North,Plus,Crypto,45.0,153,3.0,158.32,1
11990,Female,East,Plus,E-wallet,39.0,59,0.0,167.08,0
11991,Female,West,Basic,E-wallet,22.0,163,0.0,7.44,1
11992,Male,West,Basic,Paypal,52.0,113,2.0,0.0,1
11993,Female,East,Pro,E-wallet,24.0,81,2.0,61.67,0
11994,Male,East,Basic,Credit card,31.0,156,0.0,39.72,1
11995,Female,East,Basic,Crypto,,158,4.0,42.76,1
11996,Female,North,Basic,Paypal,41.0,105,4.0,110.57,1
11997,Unknown,East,Pro,Crypto,39.0,140,2.0,80.75,1
11998,Male,East,Pro,E-wallet,29.0,117,3.0,63.33,1
11999,Male,South,Pro,Credit card,27.0,122,2.0,65.74,1
12000,Male,East,Basic,,59.0,167,0.0,15.97,1
12001,Male,East,Plus,Crypto,33.0,120,4.0,154.64,1
12002,Male,North,Pro,,32.0,1,3.0,96.31,0
12003,Unknown,West,Plus,Crypto,,117,1.0,257.66,0
12004,Male,North,Basic,Paypal,36.0,135,0.0,24.82,1
12005,Male,South,Plus,Credit card,35.0,73,2.0,104.54,1
12006,Female,East,Plus,E-wallet,33.0,126,1.0,220.3,0
12007,Female,East,Basic,E-wallet,37.0,117,0.0,48.6,1
12008,Female,East,Basic,Credit card,51.0,107,4.0,0.0,1
12009,Male,East,Plus,Crypto,28.0,42,4.0,167.72,1
12010,Female,East,Pro,Credit card,34.0,176,0.0,90.76,1
12011,Male,East,Plus,E-wallet,27.0,111,6.0,190.86,1
12012,Male,South,Pro,Paypal,36.0,149,1.0,183.06,1
12013,Unknown,East,Pro,E-wallet,28.0,162,3.0,84.77,1
12014,Male,East,Basic,Crypto,28.0,18,2.0,,1
12015,Female,East,Basic,Paypal,19.0,131,2.0,33.78,1
12016,Female,South,Plus,Crypto,34.0,18,1.0,145.07,0
12017,Male,East,Basic,,38.0,19,2.0,0.0,0
12018,Non-Binary,South,Basic,,52.0,3,1.0,58.33,1
12019,Male,North,Pro,Paypal,38.0,48,3.0,0.0,1
12020,Female,East,Pro,Crypto,,153,1.0,30.84,1
12021,Unknown,West,Basic,Paypal,20.0,2,3.0,0.0,1
12022,Female,South,Basic,Paypal,21.0,51,2.0,28.66,0
12023,Unknown,North,Basic,Crypto,21.0,127,6.0,6.24,1
12024,Male,South,Basic,Paypal,52.0,35,2.0,65.08,1
12025,Female,South,Pro,Credit card,,168,2.0,131.31,1
12026,Male,North,Basic,Paypal,28.0,178,2.0,0.0,1
12027,Female,East,Plus,E-wallet,24.0,102,1.0,107.82,1
12028,Unknown,East,Plus,Crypto,25.0,15,0.0,101.02,1
12029,Male,South,Pro,E-wallet,27.0,46,6.0,135.18,1
12030,Female,North,Basic,Credit card,47.0,79,2.0,34.37,1
12031,Male,East,Pro,Credit card,33.0,45,-1.0,50.31,1
12032,Female,South,Basic,Paypal,19.0,99,3.0,56.57,1
12033,Female,West,Basic,E-wallet,57.0,97,2.0,3.04,1
12034,Unknown,North,Plus,Paypal,22.0,123,-1.0,175.34,1
12035,Female,West,Basic,,28.0,166,3.0,12.95,1
12036,Male,West,Plus,E-wallet,47.0,133,0.0,110.54,1
12037,Male,South,Basic,Credit card,38.0,83,1.0,64.65,1
12038,Male,North,Basic,,29.0,60,0.0,15.46,0
12039,Male,East,Plus,Credit card,21.0,8,0.0,197.75,1
12040,Male,East,Pro,Crypto,24.0,138,3.0,157.08,0
12041,Non-Binary,South,Pro,Crypto,24.0,64,4.0,115.12,1
12042,Female,East,Pro,Paypal,,90,4.0,125.63,1
12043,Female,East,Basic,Crypto,35.0,121,0.0,60.11,1
12044,Male,West,Pro,Crypto,32.0,58,1.0,65.16,0
12045,Non-Binary,West,Basic,E-wallet,33.0,111,2.0,60.2,1
12046,Female,North,Pro,Paypal,23.0,112,2.0,83.52,1
12047,Male,West,Pro,Paypal,36.0,117,3.0,14.91,1
12048,Female,East,Plus,E-wallet,46.0,6,2.0,180.21,0
12049,Female,North,Pro,Credit card,32.0,111,0.0,113.5,1
12050,Male,North,Basic,E-wallet,32.0,121,2.0,,1
12051,Female,South,Pro,Credit card,34.0,60,1.0,19.42,1
12052,Female,West,Basic,Paypal,45.0,56,2.0,,0
12053,Male,North,Basic,Paypal,,85,4.0,42.46,1
12054,Unknown,East,Basic,Crypto,48.0,161,1.0,72.32,0
12055,Non-Binary,North,Pro,Crypto,38.0,83,1.0,70.58,1
12056,Female,North,Basic,E-wallet,34.0,44,0.0,23.83,1
12057,Female,South,Basic,Crypto,46.0,44,2.0,0.0,0
12058,Female,East,Plus,Paypal,22.0,14,1.0,228.08,0
12059,Female,East,Pro,Paypal,39.0,136,2.0,199.41,0
12060,Female,West,Basic,,38.0,173,2.0,24.4,1
12061,Male,East,Basic,Crypto,24.0,173,1.0,,1
12062,Female,North,Pro,Credit card,38.0,35,2.0,147.02,0
12063,Non-Binary,East,Plus,Paypal,36.0,45,1.0,82.46,0
12064,Female,East,Basic,Crypto,32.0,41,3.0,137.57,0
12065,Male,North,Plus,Credit card,42.0,157,1.0,237.21,1
12066,Female,South,Pro,Paypal,28.0,138,4.0,39.59,1
12067,Male,West,Pro,Credit card,36.0,117,0.0,44.5,1
12068,Male,West,Plus,Crypto,32.0,32,3.0,101.06,1
12069,Male,South,Pro,Credit card,27.0,125,3.0,29.02,1
12070,Male,North,Plus,Credit card,39.0,109,2.0,185.31,1
12071,Female,West,Basic,Paypal,31.0,167,2.0,0.0,1
12072,Female,South,Pro,Crypto,19.0,69,4.0,99.43,0
12073,Male,South,Pro,E-wallet,15.0,170,1.0,137.72,1
12074,Non-Binary,South,Basic,E-wallet,41.0,109,2.0,,1
12075,Non-Binary,West,Pro,Credit card,21.0,166,4.0,125.31,1
12076,Non-Binary,West,Basic,Paypal,36.0,124,0.0,59.33,1
12077,Male,West,Basic,Crypto,34.0,38,0.0,74.8,1
12078,Female,West,Basic,Paypal,,82,1.0,32.07,1
12079,Unknown,East,Pro,Crypto,53.0,158,1.0,61.38,1
12080,Female,South,Plus,Paypal,35.0,105,3.0,106.06,0
12081,Male,East,Basic,E-wallet,,62,1.0,,0
12082,Male,South,Pro,E-wallet,36.0,24,4.0,125.07,1
12083,Female,West,Basic,E-wallet,31.0,40,3.0,0.0,1
12084,Unknown,West,Plus,Paypal,33.0,177,1.0,142.23,1
12085,Female,East,Pro,Paypal,48.0,58,5.0,83.08,1
12086,Female,North,Pro,Credit card,,176,3.0,76.82,1
12087,Male,West,Pro,E-wallet,53.0,29,2.0,44.73,1
12088,Female,North,Basic,Credit card,36.0,44,1.0,94.23,1
12089,Non-Binary,South,Pro,,25.0,52,0.0,65.12,1
12090,Male,East,Plus,Crypto,29.0,153,2.0,179.28,1
12091,Female,North,Basic,E-wallet,22.0,39,2.0,8.74,1
12092,Unknown,North,Pro,E-wallet,41.0,139,3.0,,1
12093,Male,West,Plus,E-wallet,28.0,0,1.0,147.19,0
12094,Female,North,Basic,E-wallet,3.0,69,1.0,0.0,0
12095,Male,North,Plus,,58.0,128,3.0,97.37,1
12096,Female,South,Plus,Paypal,28.0,135,1.0,151.25,1
12097,Female,East,Pro,E-wallet,28.0,111,2.0,98.42,1
12098,Female,West,Basic,,,32,2.0,51.88,1
12099,Female,West,Basic,Credit card,21.0,114,0.0,27.7,0
12100,Male,North,Basic,Crypto,45.0,177,0.0,12.34,1
12101,Unknown,South,Plus,E-wallet,28.0,103,0.0,174.43,0
12102,Female,North,Plus,Credit card,20.0,133,2.0,122.38,0
12103,Male,North,Pro,Paypal,51.0,179,1.0,140.56,1
12104,Female,West,Basic,Credit card,43.0,130,1.0,28.79,1
12105,Female,North,Basic,E-wallet,43.0,78,0.0,68.36,1
12106,Male,North,Pro,Credit card,37.0,5,0.0,107.17,0
12107,Non-Binary,South,Pro,Credit card,39.0,36,0.0,79.11,0
12108,Unknown,West,Plus,Paypal,21.0,178,1.0,166.94,1
12109,Male,East,Pro,Credit card,35.0,26,3.0,38.77,1
12110,Unknown,South,Plus,,24.0,105,7.0,171.34,1
12111,Male,South,Pro,Paypal,20.0,173,1.0,53.67,1
12112,Male,South,Pro,Credit card,38.0,68,3.0,55.5,1
12113,Male,West,Basic,E-wallet,,122,1.0,77.07,1
12114,Non-Binary,North,Plus,,30.0,144,1.0,135.98,1
12115,Female,East,Pro,Credit card,31.0,16,1.0,130.0,0
12116,Male,West,Basic,Credit card,22.0,104,1.0,0.0,1
12117,Female,North,Basic,Credit card,34.0,117,2.0,68.78,1
12118,Female,South,Basic,Crypto,41.0,22,3.0,0.0,1
12119,Male,West,Pro,Crypto,41.0,38,3.0,85.66,1
12120,Non-Binary,North,Basic,Paypal,39.0,160,1.0,40.04,1
12121,Non-Binary,East,Basic,Crypto,27.0,9,5.0,47.87,1
12122,Female,East,Pro,Crypto,27.0,82,3.0,86.24,1
12123,Unknown,North,Basic,Credit card,41.0,167,1.0,0.0,1
12124,Female,West,Plus,Paypal,42.0,72,2.0,93.98,1
12125,Unknown,South,Basic,E-wallet,32.0,142,3.0,27.33,1
12126,Female,North,Pro,Paypal,,42,3.0,162.22,1
12127,Female,South,Basic,Crypto,45.0,87,1.0,11.11,1
12128,Male,East,Basic,Crypto,30.0,11,3.0,87.3,0
12129,Non-Binary,North,Basic,Credit card,41.0,21,0.0,72.32,1
12130,Female,East,Plus,E-wallet,32.0,17,4.0,189.6,1
12131,Male,South,Pro,E-wallet,,61,2.0,38.55,1
12132,Male,South,Basic,E-wallet,50.0,78,3.0,52.28,1
12133,Female,North,Pro,,,166,2.0,105.97,1
12134,Female,North,Basic,Crypto,26.0,149,3.0,30.73,1
12135,Female,North,Plus,Paypal,20.0,141,3.0,172.48,1
12136,Non-Binary,East,Plus,Crypto,21.0,104,0.0,135.94,0
12137,Male,South,Pro,E-wallet,30.0,6,0.0,111.08,0
12138,Female,South,Pro,E-wallet,53.0,162,2.0,127.93,1
12139,Male,East,Plus,E-wallet,28.0,33,2.0,,0
12140,Non-Binary,North,Pro,Credit card,48.0,62,1.0,88.03,1
12141,Non-Binary,West,Pro,Paypal,32.0,129,1.0,25.38,1
12142,Female,North,Plus,Paypal,22.0,108,0.0,131.27,0
12143,Female,West,Pro,Crypto,29.0,172,4.0,98.64,1
12144,Male,West,Pro,Credit card,21.0,62,3.0,97.45,1
12145,Female,East,Plus,Paypal,25.0,129,1.0,139.38,1
12146,Non-Binary,South,Pro,Credit card,,50,0.0,163.36,0
12147,Female,South,Pro,Credit card,14.0,40,1.0,94.73,1
12148,Male,South,Basic,Crypto,49.0,132,2.0,5.94,1
12149,Female,South,Basic,Credit card,36.0,84,0.0,44.01,0
12150,Non-Binary,East,Basic,,27.0,70,5.0,0.0,1
12151,Male,West,Pro,Crypto,36.0,152,3.0,101.23,1
12152,Male,South,Basic,Paypal,25.0,0,1.0,18.05,1
12153,Female,West,Plus,Credit card,,8,5.0,213.3,0
12154,Non-Binary,East,Pro,Credit card,63.0,107,1.0,41.93,1
12155,Male,North,Pro,E-wallet,35.0,100,3.0,119.67,0
12156,Male,East,Basic,Crypto,28.0,121,1.0,29.46,0
12157,Male,South,Plus,Crypto,14.0,107,3.0,193.0,1
12158,Male,North,Pro,E-wallet,19.0,3,4.0,126.41,0
12159,Female,East,Pro,Paypal,,148,1.0,102.63,1
12160,Female,East,Basic,Paypal,49.0,60,2.0,69.59,1
12161,Female,West,Pro,Credit card,41.0,25,2.0,98.27,0
12162,Female,East,Pro,Crypto,,116,0.0,58.93,1
12163,Male,North,Pro,Credit card,49.0,171,1.0,155.07,0
12164,Non-Binary,East,Plus,E-wallet,38.0,164,0.0,78.44,1
12165,Female,South,Plus,Credit card,40.0,77,1.0,112.4,0
12166,Unknown,West,Plus,Paypal,38.0,137,0.0,146.73,1
12167,Female,North,Pro,Paypal,18.0,81,2.0,55.77,0
12168,Male,North,Plus,E-wallet,22.0,80,3.0,158.98,1
12169,Female,East,Plus,Paypal,28.0,74,0.0,161.98,1
12170,Male,South,Basic,E-wallet,40.0,46,1.0,3.44,1
12171,Female,West,Basic,Crypto,20.0,87,0.0,,1
12172,Male,North,Basic,E-wallet,32.0,82,1.0,0.0,1
12173,Male,West,Basic,E-wallet,32.0,150,1.0,51.09,0
12174,Non-Binary,East,Basic,E-wallet,,119,0.0,8.65,1
12175,Male,South,Basic,Paypal,40.0,122,2.0,22.77,1
12176,Non-Binary,East,Pro,Crypto,23.0,53,1.0,,0
12177,Male,West,Basic,Credit card,48.0,146,3.0,120.6,1
12178,Female,East,Basic,Crypto,22.0,24,1.0,4.16,1
12179,Female,West,Pro,Paypal,44.0,66,4.0,152.74,1
12180,Female,North,Plus,,28.0,140,1.0,117.79,1
12181,Male,North,Plus,,35.0,20,1.0,141.58,0
12182,Male,East,Pro,E-wallet,36.0,21,2.0,98.02,1
12183,Male,North,Basic,E-wallet,35.0,174,0.0,38.63,0
12184,Male,West,Basic,Paypal,,28,2.0,9.25,1
12185,Female,North,Basic,E-wallet,37.0,48,2.0,27.31,0
12186,Unknown,South,Basic,Paypal,41.0,106,2.0,76.95,1
12187,Non-Binary,South,Basic,Credit card,38.0,24,1.0,0.0,1
12188,Female,East,Plus,Crypto,21.0,150,5.0,197.45,1
12189,Female,East,Basic,,36.0,75,2.0,43.1,0
12190,Female,East,Basic,Credit card,28.0,48,2.0,48.07,1
12191,Male,East,Basic,Crypto,22.0,150,1.0,0.0,1
12192,Unknown,West,Pro,E-wallet,31.0,4,2.0,115.44,1
12193,Female,West,Basic,Credit card,35.0,156,4.0,,1
12194,Female,South,Basic,Crypto,36.0,4,2.0,10.89,1
12195,Male,West,Basic,Credit card,44.0,38,0.0,5.82,0
12196,Female,North,Basic,Credit card,47.0,162,5.0,26.32,1
12197,Female,South,Basic,Crypto,,80,0.0,21.94,1
12198,Non-Binary,East,Pro,E-wallet,39.0,29,2.0,73.75,1
12199,Female,East,Basic,Paypal,34.0,1,0.0,26.88,0
12200,Male,West,Pro,Crypto,41.0,14,4.0,121.49,0
12201,Unknown,South,Pro,Paypal,38.0,50,4.0,193.25,1
12202,Male,West,Pro,Crypto,33.0,22,2.0,11.77,1
12203,Female,West,Basic,Crypto,55.0,25,3.0,0.0,1
12204,Male,West,Basic,Paypal,28.0,10,0.0,-10.0,0
12205,Female,South,Basic,Paypal,48.0,127,0.0,10.69,1
12206,Unknown,East,Pro,E-wallet,20.0,23,1.0,77.12,0
12207,Male,North,Pro,Crypto,,136,1.0,77.43,0
12208,Non-Binary,East,Basic,Crypto,48.0,70,3.0,40.7,1
12209,Male,South,Pro,Crypto,14.0,137,2.0,145.88,1
12210,Unknown,East,Plus,E-wallet,35.0,96,3.0,218.94,1
12211,Female,East,Pro,Paypal,41.0,109,2.0,48.73,1
12212,Non-Binary,North,Basic,Crypto,36.0,71,2.0,0.0,1
12213,Male,East,Pro,Paypal,37.0,70,3.0,36.17,1
12214,Unknown,East,Basic,E-wallet,35.0,89,0.0,0.0,1
12215,Female,East,Pro,Credit card,23.0,126,3.0,14.99,1
12216,Male,West,Basic,Paypal,57.0,122,2.0,87.2,1
12217,Non-Binary,South,Basic,E-wallet,,142,1.0,64.17,1
12218,Male,South,Plus,Credit card,38.0,32,2.0,138.72,0
12219,Non-Binary,North,Pro,Crypto,,138,2.0,79.46,1
12220,Male,West,Basic,Crypto,11.0,146,1.0,0.0,1
12221,Female,West,Basic,Paypal,24.0,169,2.0,,1
12222,Female,East,Pro,Credit card,19.0,57,0.0,116.66,0
12223,Male,South,Plus,E-wallet,44.0,145,2.0,174.84,1
12224,Male,North,Pro,Crypto,27.0,145,0.0,49.27,1
12225,Male,West,Plus,Crypto,28.0,21,0.0,226.41,1
12226,Female,East,Basic,Credit card,23.0,88,1.0,85.41,1
12227,Male,North,Pro,E-wallet,34.0,117,2.0,40.68,1
12228,Female,West,Pro,Crypto,,179,1.0,29.72,1
12229,Male,North,Pro,Crypto,43.0,43,1.0,100.41,1
12230,Male,West,Basic,Paypal,37.0,158,1.0,120.28,1
12231,Female,North,Pro,E-wallet,28.0,8,1.0,49.1,1
12232,Male,West,Pro,Crypto,42.0,49,0.0,115.01,1
12233,Unknown,West,Pro,Credit card,34.0,118,4.0,66.27,1
12234,Non-Binary,North,Pro,Crypto,34.0,60,3.0,112.37,1
12235,Female,West,Pro,E-wallet,19.0,18,2.0,1.47,0
12236,Female,West,Pro,Paypal,,51,4.0,52.0,1
12237,Non-Binary,West,Basic,Crypto,37.0,54,2.0,41.18,1
12238,Male,North,Basic,Credit card,,24,1.0,42.37,1
12239,Male,North,Pro,Crypto,26.0,68,2.0,4.65,1
12240,Male,West,Plus,Credit card,56.0,74,1.0,,1
12241,Female,West,Basic,E-wallet,39.0,140,3.0,3.88,1
12242,Male,North,Pro,Paypal,18.0,161,2.0,111.06,1
12243,Female,East,Basic,E-wallet,25.0,71,2.0,23.38,1
12244,Unknown,West,Basic,Crypto,48.0,24,2.0,46.03,0
12245,Non-Binary,East,Pro,,46.0,90,0.0,139.84,1
12246,Female,North,Pro,Paypal,34.0,74,1.0,78.49,1
12247,Male,West,Basic,Credit card,35.0,63,1.0,55.87,1
12248,Non-Binary,East,Pro,E-wallet,22.0,81,3.0,,0
12249,Female,North,Plus,Credit card,47.0,137,0.0,-10.0,0
12250,Male,East,Plus,Crypto,24.0,96,1.0,141.5,0
12251,Male,South,Basic,Credit card,42.0,99,4.0,59.1,1
12252,Unknown,North,Pro,E-wallet,47.0,16,1.0,102.29,0
12253,Female,South,Basic,Credit card,34.0,4,2.0,75.89,1
12254,Non-Binary,North,Basic,Crypto,43.0,66,3.0,47.32,0
12255,Non-Binary,North,Pro,E-wallet,52.0,100,5.0,73.93,1
12256,Female,West,Pro,Credit card,36.0,137,0.0,93.05,1
12257,Female,South,Basic,Credit card,32.0,154,2.0,8.35,1
12258,Female,South,Plus,E-wallet,33.0,134,1.0,78.06,0
12259,Male,South,Plus,Crypto,26.0,112,1.0,194.45,1
12260,Female,North,Pro,E-wallet,,28,0.0,39.69,1
12261,Female,South,Pro,Crypto,38.0,48,1.0,98.92,1
12262,Female,South,Basic,Credit card,32.0,166,1.0,31.78,0
12263,Non-Binary,West,Pro,E-wallet,37.0,8,2.0,95.01,1
12264,Female,East,Basic,Crypto,19.0,77,2.0,0.0,1
12265,Female,East,Plus,E-wallet,,136,1.0,100.4,0
12266,Female,South,Basic,Credit card,44.0,59,0.0,,0
12267,Female,South,Basic,E-wallet,22.0,51,1.0,34.38,1
12268,Female,South,Pro,Credit card,34.0,120,1.0,97.13,0
12269,Male,South,Basic,Credit card,15.0,74,3.0,3.33,1
12270,Female,East,Basic,Credit card,20.0,10,3.0,0.0,1
12271,Male,West,Basic,Crypto,42.0,103,1.0,58.48,1
12272,Male,North,Plus,Crypto,30.0,162,3.0,233.89,1
12273,Female,South,Pro,Paypal,52.0,74,1.0,105.67,0
12274,Female,South,Basic,Crypto,38.0,35,0.0,69.62,1
12275,Unknown,East,Basic,Paypal,39.0,130,1.0,0.0,1
12276,Female,South,Basic,E-wallet,23.0,108,1.0,64.51,0
12277,Female,West,Pro,Credit card,,82,-1.0,62.07,1
12278,Female,West,Pro,Crypto,26.0,27,1.0,73.36,1
12279,Female,South,Basic,Credit card,23.0,52,0.0,83.32,1
12280,Male,East,Basic,Paypal,40.0,53,1.0,12.1,1
12281,Male,South,Basic,Crypto,42.0,64,1.0,55.38,1
12282,Male,South,Basic,Crypto,37.0,52,2.0,15.65,1
12283,Female,East,Basic,Crypto,25.0,39,2.0,-10.0,1
12284,Male,West,Pro,,37.0,40,1.0,115.98,0
12285,Male,North,Basic,Credit card,14.0,165,4.0,33.01,1
12286,Male,South,Pro,Crypto,47.0,74,4.0,91.37,0
12287,Unknown,West,Pro,Paypal,21.0,28,4.0,97.55,1
12288,Male,South,Basic,Crypto,22.0,158,1.0,87.82,1
12289,Female,North,Pro,Paypal,35.0,39,3.0,85.04,1
12290,Male,East,Pro,Paypal,36.0,129,0.0,0.0,1
12291,Female,West,Basic,Credit card,,47,1.0,89.54,0
12292,Male,North,Plus,Crypto,22.0,0,0.0,171.5,0
12293,Male,South,Basic,Paypal,45.0,58,1.0,0.0,1
12294,Female,North,Plus,,17.0,159,1.0,195.81,0
12295,Male,West,Pro,Credit card,19.0,87,4.0,32.8,1
12296,Male,East,Pro,Credit card,,1,1.0,0.0,1
12297,Male,South,Plus,Crypto,21.0,58,3.0,203.55,1
12298,Male,East,Plus,Paypal,46.0,130,1.0,,0
12299,Male,East,Pro,E-wallet,22.0,48,1.0,132.03,0
12300,Male,North,Pro,E-wallet,49.0,75,1.0,66.76,1
12301,Non-Binary,North,Basic,Credit card,44.0,33,0.0,17.27,1
12302,Female,West,Pro,Paypal,46.0,61,1.0,66.97,1
12303,Female,West,Basic,,52.0,33,0.0,0.0,0
12304,Male,East,Basic,Paypal,34.0,22,3.0,14.77,1
12305,Unknown,West,Plus,Crypto,23.0,18,0.0,147.38,0
12306,Male,East,Basic,Credit card,32.0,179,1.0,0.0,1
12307,Male,South,Basic,,28.0,59,1.0,87.77,0
12308,Female,East,Pro,Crypto,26.0,126,1.0,55.5,0
12309,Male,West,Basic,Crypto,35.0,95,1.0,90.66,0
12310,Male,West,Basic,Paypal,30.0,155,2.0,66.9,1
12311,Female,East,Pro,E-wallet,26.0,89,2.0,93.61,1
12312,Non-Binary,North,Pro,Crypto,31.0,48,3.0,29.65,1
12313,Female,East,Pro,Credit card,39.0,44,3.0,114.05,1
12314,Female,East,Pro,Paypal,43.0,75,0.0,166.47,0
12315,Unknown,North,Pro,E-wallet,17.0,106,0.0,58.92,0
12316,Male,South,Pro,Crypto,30.0,59,1.0,102.69,0
12317,Male,North,Basic,Credit card,32.0,131,2.0,16.99,1
12318,Male,West,Pro,Crypto,22.0,145,0.0,15.24,1
12319,Female,North,Plus,E-wallet,32.0,156,0.0,162.43,0
12320,Female,West,Basic,E-wallet,35.0,119,0.0,20.11,1
12321,Unknown,West,Basic,,39.0,166,1.0,0.0,1
12322,Female,East,Basic,Crypto,34.0,54,0.0,68.61,0
12323,Female,East,Pro,Paypal,25.0,174,0.0,53.04,1
12324,Male,South,Basic,E-wallet,54.0,30,5.0,5.73,1
12325,Non-Binary,West,Pro,E-wallet,42.0,114,1.0,109.77,1
12326,Unknown,East,Plus,Crypto,39.0,155,3.0,113.08,1
12327,Non-Binary,West,Pro,Credit card,44.0,154,2.0,115.53,1
12328,Male,South,Basic,Crypto,36.0,29,1.0,37.78,1
12329,Female,West,Pro,Crypto,46.0,48,2.0,96.39,1
12330,Male,South,Basic,,34.0,169,2.0,79.1,1
12331,Male,South,Pro,Paypal,34.0,74,3.0,65.03,1
12332,Male,South,Pro,Crypto,40.0,67,1.0,47.36,1
12333,Female,East,Basic,Credit card,49.0,99,0.0,0.0,0
12334,Female,North,Plus,,49.0,128,2.0,,1
12335,Male,North,Basic,Crypto,39.0,171,2.0,22.67,1
12336,Male,East,Plus,Credit card,39.0,102,4.0,137.49,1
12337,Female,West,Basic,Credit card,40.0,164,1.0,42.41,1
12338,Male,East,Basic,Crypto,43.0,160,2.0,0.0,0
12339,Male,West,Basic,Credit card,46.0,148,1.0,13.23,1
12340,Female,South,Basic,Credit card,31.0,87,0.0,55.45,1
12341,Female,East,Pro,Crypto,47.0,167,0.0,121.08,1
12342,Male,North,Pro,E-wallet,37.0,113,4.0,148.49,1
12343,Male,West,Pro,Paypal,40.0,12,3.0,61.8,0
12344,Male,East,Basic,Paypal,47.0,112,0.0,0.0,1
12345,Unknown,East,Basic,E-wallet,41.0,165,0.0,64.42,1
12346,Female,West,Pro,Crypto,43.0,156,1.0,88.91,0
12347,Female,South,Basic,E-wallet,,63,-1.0,9.0,1
12348,Male,South,Pro,Paypal,48.0,35,1.0,42.57,0
12349,Female,South,Pro,Paypal,40.0,103,1.0,44.38,1
12350,Male,South,Basic,Paypal,,110,0.0,16.86,0
12351,Female,West,Pro,Paypal,45.0,4,2.0,191.92,0
12352,Unknown,North,Pro,Crypto,59.0,147,2.0,85.95,1
12353,Female,East,Pro,Paypal,22.0,138,4.0,120.06,1
12354,Non-Binary,East,Basic,Paypal,25.0,71,3.0,0.0,1
12355,Female,South,Basic,Crypto,60.0,155,3.0,0.0,1
12356,Male,West,Basic,E-wallet,38.0,176,3.0,56.68,1
12357,Unknown,North,Basic,Crypto,35.0,168,1.0,0.0,1
12358,Male,North,Basic,,32.0,145,1.0,0.0,1
12359,Female,East,Plus,Credit card,46.0,157,4.0,159.63,0
12360,Male,South,Pro,Crypto,,127,1.0,,1
12361,Male,East,Pro,Crypto,27.0,141,2.0,121.48,1
12362,Female,East,Basic,E-wallet,33.0,55,0.0,2.55,1
12363,Male,North,Plus,Paypal,30.0,72,4.0,172.5,1
12364,Female,West,Basic,Credit card,41.0,179,2.0,50.0,1
12365,Female,North,Pro,Crypto,,90,3.0,106.2,1
12366,Male,East,Plus,Crypto,50.0,28,2.0,147.3,1
12367,Male,South,Pro,Crypto,41.0,127,0.0,105.24,1
12368,Female,South,Plus,Credit card,59.0,26,2.0,181.25,1
12369,Male,West,Pro,Crypto,28.0,67,3.0,101.36,0
12370,Female,West,Basic,Crypto,25.0,162,5.0,0.0,1
12371,Female,West,Basic,Credit card,48.0,90,1.0,30.42,0
12372,Non-Binary,East,Basic,Crypto,35.0,9,1.0,67.78,0
12373,Female,East,Basic,Credit card,,126,0.0,0.0,1
12374,Female,West,Pro,E-wallet,30.0,25,1.0,133.68,0
12375,Female,South,Basic,Credit card,36.0,70,1.0,64.48,1
12376,Male,South,Plus,E-wallet,27.0,90,4.0,176.26,1
12377,Male,South,Basic,Credit card,23.0,93,1.0,50.2,1
12378,Female,East,Basic,Paypal,31.0,75,2.0,,0
12379,Female,North,Plus,Crypto,23.0,103,1.0,121.5,1
12380,Female,South,Basic,,40.0,76,5.0,20.19,1
12381,Non-Binary,South,Pro,Crypto,14.0,40,2.0,86.65,1
12382,Non-Binary,South,Pro,Crypto,34.0,131,4.0,74.86,1
12383,Unknown,West,Basic,Credit card,,65,4.0,45.13,1
12384,Female,East,Pro,Paypal,33.0,164,3.0,,1
12385,Male,West,Basic,Credit card,44.0,33,2.0,31.23,1
12386,Female,West,Pro,Crypto,20.0,121,2.0,106.68,1
12387,Male,North,Pro,Credit card,26.0,49,0.0,111.01,1
12388,Female,West,Basic,E-wallet,,89,4.0,0.0,1
12389,Female,North,Pro,Paypal,41.0,41,3.0,131.84,1
12390,Female,West,Basic,Crypto,36.0,128,3.0,4.83,1
12391,Male,South,Pro,Credit card,55.0,33,0.0,98.85,1
12392,Male,East,Plus,E-wallet,25.0,137,3.0,150.78,1
12393,Female,West,Plus,,20.0,4,2.0,160.74,0
12394,Male,North,Pro,,51.0,89,0.0,134.22,1
12395,Non-Binary,East,Basic,Credit card,19.0,171,2.0,22.85,1
12396,Male,North,Plus,Crypto,40.0,146,-1.0,174.76,0
12397,Male,South,Basic,E-wallet,24.0,148,-1.0,,1
12398,Male,West,Pro,Paypal,13.0,120,8.0,117.3,1
12399,Female,East,Basic,Credit card,30.0,161,3.0,50.41,1
12400,Female,South,Plus,Paypal,42.0,28,0.0,244.19,0
12401,Male,West,Pro,E-wallet,21.0,101,2.0,,1
12402,Male,West,Pro,Crypto,39.0,39,2.0,126.25,1
12403,Female,North,Basic,Crypto,41.0,114,0.0,137.31,1
12404,Male,North,Pro,Crypto,21.0,17,6.0,62.33,1
12405,Female,South,Pro,,31.0,122,1.0,150.56,1
12406,Female,North,Pro,Paypal,49.0,48,3.0,105.25,0
12407,Male,South,Basic,Credit card,40.0,64,1.0,99.32,1
12408,Male,South,Basic,E-wallet,31.0,163,2.0,37.19,1
12409,Unknown,South,Basic,E-wallet,38.0,69,1.0,-10.0,1
12410,Female,North,Basic,E-wallet,27.0,6,4.0,0.0,1
12411,Female,East,Basic,Paypal,45.0,60,3.0,0.0,0
12412,Male,South,Basic,Crypto,45.0,103,0.0,55.55,0
12413,Female,East,Basic,E-wallet,35.0,87,1.0,57.01,1
12414,Male,West,Basic,Credit card,36.0,157,1.0,,1
12415,Female,North,Basic,Paypal,24.0,16,3.0,59.1,1
12416,Unknown,North,Plus,Crypto,20.0,171,0.0,176.78,0
12417,Male,East,Pro,E-wallet,30.0,75,1.0,108.21,0
12418,Male,West,Basic,Crypto,33.0,25,5.0,72.92,1
12419,Male,West,Pro,Credit card,,144,2.0,,1
12420,Male,South,Pro,E-wallet,43.0,162,5.0,118.34,1
12421,Male,North,Plus,E-wallet,35.0,173,0.0,180.19,1
12422,Male,West,Basic,Crypto,,107,1.0,1.62,1
12423,Female,West,Basic,Paypal,24.0,132,0.0,0.0,1
12424,Female,South,Plus,Crypto,44.0,44,0.0,141.77,1
12425,Male,South,Basic,Credit card,26.0,74,2.0,16.34,1
12426,Unknown,East,Basic,Crypto,46.0,143,2.0,13.04,1
12427,Male,North,Basic,Crypto,33.0,57,2.0,36.34,0
12428,Unknown,West,Basic,E-wallet,14.0,41,2.0,76.41,1
12429,Male,East,Plus,Paypal,41.0,93,2.0,175.01,0
12430,Non-Binary,North,Basic,Paypal,42.0,133,6.0,0.0,1
12431,Female,East,Plus,Paypal,29.0,19,4.0,174.17,1
12432,Non-Binary,North,Plus,Paypal,30.0,23,2.0,146.33,1
12433,Unknown,North,Pro,Crypto,,90,1.0,69.32,1
12434,Male,West,Basic,E-wallet,14.0,51,2.0,9.29,0
12435,Unknown,North,Basic,E-wallet,10.0,137,2.0,40.5,1
12436,Male,South,Basic,Paypal,47.0,152,0.0,33.25,1
12437,Male,West,Basic,Crypto,25.0,105,1.0,5.95,0
12438,Male,South,Pro,Paypal,52.0,172,4.0,100.0,1
12439,Female,East,Basic,Paypal,47.0,0,0.0,,1
12440,Male,East,Plus,E-wallet,,24,1.0,145.95,0
12441,Female,North,Pro,E-wallet,27.0,111,0.0,90.84,1
12442,Female,North,Pro,Paypal,17.0,102,1.0,78.16,1
12443,Female,South,Plus,Crypto,23.0,136,3.0,,1
12444,Non-Binary,South,Basic,Paypal,29.0,169,3.0,70.03,1
12445,Female,South,Basic,E-wallet,10.0,104,0.0,,1
12446,Male,East,Basic,E-wallet,29.0,152,1.0,8.18,1
12447,Male,South,Basic,Crypto,31.0,47,0.0,43.63,1
12448,Male,West,Pro,Paypal,21.0,65,0.0,70.51,1
12449,Male,West,Basic,Paypal,,23,0.0,18.54,0
12450,Male,East,Basic,Credit card,31.0,81,1.0,7.48,1
12451,Male,South,Plus,Paypal,37.0,90,1.0,117.95,0
12452,Unknown,South,Basic,,25.0,171,2.0,30.42,1
12453,Female,North,Pro,E-wallet,36.0,34,1.0,78.04,1
12454,Male,West,Basic,Credit card,35.0,33,1.0,17.12,1
12455,Female,East,Basic,Crypto,34.0,5,1.0,80.63,0
12456,Male,South,Pro,Crypto,27.0,176,1.0,98.94,1
12457,Female,North,Plus,Credit card,20.0,143,0.0,173.84,1
12458,Female,East,Basic,,50.0,140,5.0,97.68,1
12459,Female,East,Basic,Credit card,40.0,11,1.0,49.04,0
12460,Female,West,Basic,Crypto,44.0,138,1.0,111.96,1
12461,Unknown,South,Basic,Paypal,33.0,46,0.0,16.43,1
12462,Non-Binary,East,Basic,E-wallet,32.0,59,5.0,31.15,1
12463,Female,North,Pro,Credit card,38.0,48,2.0,126.61,1
12464,Female,North,Basic,Crypto,15.0,51,2.0,0.0,1
12465,Female,East,Basic,Paypal,22.0,60,2.0,38.45,1
12466,Male,North,Pro,Crypto,26.0,94,4.0,187.88,1
12467,Male,East,Basic,Paypal,29.0,119,2.0,0.0,1
12468,Male,North,Basic,Paypal,25.0,39,0.0,87.41,0
12469,Female,East,Plus,Credit card,37.0,89,1.0,155.57,0
12470,Female,East,Basic,E-wallet,34.0,70,0.0,142.06,0
12471,Male,East,Pro,Paypal,47.0,60,1.0,55.15,1
12472,Unknown,North,Basic,Crypto,58.0,149,6.0,1.69,1
12473,Unknown,East,Basic,Paypal,21.0,37,2.0,0.0,1
12474,Female,West,Basic,E-wallet,35.0,60,2.0,,0
12475,Female,East,Basic,Crypto,35.0,82,1.0,14.1,1
12476,Non-Binary,South,Basic,Paypal,33.0,99,1.0,6.95,1
12477,Male,South,Basic,Paypal,23.0,117,1.0,43.94,1
12478,Female,West,Plus,Credit card,24.0,46,1.0,186.14,1
12479,Male,East,Pro,E-wallet,36.0,26,2.0,3.05,1
12480,Female,South,Basic,Paypal,24.0,145,1.0,66.04,1
12481,Male,East,Pro,E-wallet,35.0,124,2.0,36.5,1
12482,Non-Binary,South,Plus,Paypal,31.0,19,2.0,147.82,1
12483,Unknown,North,Pro,Crypto,35.0,41,0.0,70.52,1
12484,Male,North,Basic,E-wallet,24.0,40,0.0,45.51,0
12485,Female,West,Plus,Crypto,35.0,71,1.0,128.76,1
12486,Unknown,West,Basic,E-wallet,,57,0.0,61.25,1
12487,Female,East,Basic,Crypto,35.0,39,1.0,0.0,1
12488,Non-Binary,West,Pro,Paypal,47.0,118,2.0,,1
12489,Female,East,Plus,Crypto,,157,4.0,153.95,1
12490,Male,North,Plus,Crypto,37.0,139,1.0,,1
12491,Male,North,Plus,Paypal,42.0,117,2.0,201.07,1
12492,Male,South,Basic,E-wallet,19.0,61,2.0,22.98,1
12493,Female,East,Plus,Crypto,51.0,86,3.0,247.51,0
12494,Male,North,Basic,Credit card,23.0,69,2.0,22.34,1
12495,Female,North,Basic,Credit card,42.0,98,3.0,38.76,1
12496,Female,East,Pro,Crypto,41.0,142,2.0,149.53,1
12497,Female,South,Basic,Crypto,24.0,123,2.0,50.1,1
12498,Non-Binary,South,Pro,Crypto,44.0,6,4.0,120.85,1
12499,Unknown,South,Basic,E-wallet,38.0,133,1.0,15.67,1
12500,Female,South,Plus,Paypal,52.0,26,2.0,78.6,0
12501,Non-Binary,North,Basic,Credit card,35.0,1,5.0,6.29,1
12502,Female,East,Basic,Credit card,32.0,133,0.0,28.54,1
12503,Female,East,Plus,,28.0,60,2.0,130.33,1
12504,Unknown,North,Basic,Crypto,16.0,159,3.0,32.41,1
12505,Male,North,Pro,Crypto,30.0,156,0.0,25.18,1
12506,Male,North,Pro,Paypal,31.0,64,1.0,88.38,0
12507,Non-Binary,West,Pro,,36.0,142,1.0,55.83,1
12508,Female,East,Pro,Credit card,19.0,137,2.0,19.61,1
12509,Non-Binary,East,Basic,Paypal,31.0,9,0.0,34.82,1
12510,Non-Binary,East,Plus,Credit card,39.0,9,1.0,161.01,0
12511,Male,South,Basic,E-wallet,40.0,36,1.0,17.18,1
12512,Non-Binary,North,Basic,Crypto,15.0,31,5.0,0.0,1
12513,Female,North,Basic,Crypto,41.0,35,0.0,0.0,1
12514,Female,North,Pro,Credit card,31.0,63,4.0,144.35,1
12515,Female,West,Pro,,32.0,142,6.0,112.88,1
12516,Unknown,East,Plus,E-wallet,10.0,72,3.0,137.06,0
12517,Male,North,Pro,,48.0,15,3.0,63.11,0
12518,Female,West,Pro,E-wallet,35.0,104,0.0,43.14,1
12519,Female,North,Plus,Crypto,18.0,82,6.0,154.24,1
12520,Female,South,Basic,E-wallet,37.0,173,1.0,79.63,1
12521,Female,East,Pro,,37.0,121,2.0,104.25,0
12522,Male,West,Pro,Credit card,46.0,171,5.0,120.84,1
12523,Male,North,Basic,,30.0,75,1.0,0.0,0
12524,Male,East,Plus,Paypal,,34,3.0,136.72,1
12525,Non-Binary,West,Basic,Crypto,27.0,124,4.0,41.65,1
12526,Male,East,Pro,Crypto,39.0,50,2.0,0.0,1
12527,Male,East,Pro,Paypal,26.0,106,3.0,59.25,1
12528,Unknown,South,Plus,E-wallet,,4,3.0,125.9,1
12529,Male,East,Plus,E-wallet,33.0,165,0.0,212.85,0
12530,Unknown,West,Pro,E-wallet,21.0,5,2.0,119.58,1
12531,Female,East,Pro,Paypal,50.0,178,1.0,104.25,1
12532,Non-Binary,West,Basic,Credit card,,141,0.0,28.2,1
12533,Male,East,Basic,Crypto,29.0,175,4.0,52.07,1
12534,Male,North,Plus,Crypto,20.0,11,1.0,149.55,0
12535,Female,South,Plus,Paypal,37.0,113,2.0,197.74,1
12536,Non-Binary,North,Plus,Credit card,29.0,179,1.0,123.84,1
12537,Female,South,Basic,Paypal,45.0,113,2.0,0.0,1
12538,Male,West,Plus,E-wallet,26.0,67,0.0,157.2,1
12539,Female,South,Plus,E-wallet,39.0,106,3.0,170.23,1
12540,Female,East,Basic,Crypto,35.0,58,2.0,,1
12541,Female,East,Pro,Crypto,27.0,17,0.0,52.13,1
12542,Female,North,Pro,Crypto,36.0,30,2.0,83.31,1
12543,Non-Binary,South,Pro,,42.0,34,2.0,,1
12544,Female,West,Plus,E-wallet,34.0,3,2.0,133.33,1
12545,Male,West,Basic,E-wallet,34.0,8,1.0,52.75,1
12546,Female,East,Pro,Credit card,25.0,108,2.0,44.53,1
12547,Male,West,Pro,Crypto,45.0,142,2.0,80.05,1
12548,Female,East,Basic,Paypal,44.0,41,3.0,45.68,1
12549,Female,East,Plus,Credit card,29.0,84,2.0,175.8,0
12550,Male,East,Pro,Credit card,32.0,95,2.0,94.1,1
12551,Male,North,Basic,E-wallet,48.0,111,4.0,0.0,1
12552,Male,North,Basic,Crypto,22.0,31,3.0,72.55,1
12553,Non-Binary,East,Basic,Credit card,40.0,79,3.0,28.21,0
12554,Unknown,East,Pro,Crypto,28.0,44,1.0,23.67,1
12555,Male,East,Plus,E-wallet,51.0,4,0.0,113.75,0
12556,Unknown,West,Basic,Credit card,34.0,158,4.0,0.0,1
12557,Female,East,Basic,Credit card,46.0,152,1.0,,1
12558,Male,East,Basic,,26.0,0,5.0,,1
12559,Male,South,Pro,E-wallet,21.0,60,1.0,0.0,1
12560,Female,South,Plus,Paypal,31.0,66,3.0,192.68,1
12561,Female,South,Pro,E-wallet,36.0,66,2.0,135.28,1
12562,Female,South,Pro,Paypal,28.0,169,1.0,127.7,1
12563,Male,East,Pro,E-wallet,41.0,95,1.0,33.81,0
12564,Male,South,Basic,E-wallet,31.0,93,0.0,54.48,1
12565,Female,West,Pro,Credit card,13.0,58,3.0,126.59,1
12566,Male,West,Pro,Paypal,39.0,177,3.0,165.8,0
12567,Male,South,Pro,Paypal,25.0,33,2.0,32.6,0
12568,Male,North,Plus,,30.0,111,1.0,188.74,1
12569,Non-Binary,West,Pro,Credit card,49.0,67,1.0,71.94,1
12570,Unknown,West,Pro,Crypto,51.0,141,0.0,103.9,1
12571,Female,South,Plus,E-wallet,28.0,159,0.0,138.87,1
12572,Unknown,South,Plus,Paypal,39.0,106,2.0,174.26,1
12573,Male,East,Pro,E-wallet,28.0,80,2.0,165.03,1
12574,Female,West,Basic,Credit card,31.0,7,0.0,0.0,0
12575,Male,South,Basic,E-wallet,27.0,162,2.0,0.0,1
12576,Female,South,Pro,Credit card,16.0,23,0.0,58.42,1
12577,Unknown,East,Basic,,34.0,2,0.0,52.97,0
12578,Female,West,Basic,Paypal,36.0,80,4.0,51.52,1
12579,Male,South,Basic,,27.0,35,2.0,0.0,0
12580,Female,East,Pro,E-wallet,44.0,178,1.0,76.44,1
12581,Male,South,Pro,Credit card,29.0,103,0.0,107.63,1
12582,Non-Binary,North,Basic,Credit card,,80,0.0,41.85,0
12583,Female,North,Basic,Crypto,39.0,58,0.0,40.94,1
12584,Female,South,Pro,Paypal,18.0,93,2.0,,1
12585,Female,West,Basic,Credit card,43.0,21,1.0,20.87,1
12586,Female,North,Basic,Credit card,,164,1.0,45.3,1
12587,Male,East,Pro,E-wallet,43.0,125,4.0,44.96,1
12588,Female,South,Pro,Credit card,46.0,11,4.0,144.14,1
12589,Male,East,Basic,Credit card,40.0,148,5.0,0.0,1
12590,Female,North,Pro,Paypal,25.0,142,2.0,62.31,1
12591,Non-Binary,West,Basic,Paypal,21.0,11,3.0,30.97,1
12592,Non-Binary,East,Pro,E-wallet,19.0,85,2.0,67.68,1
12593,Female,North,Basic,Credit card,45.0,102,2.0,49.08,1
12594,Female,North,Basic,Credit card,32.0,55,2.0,0.0,0
12595,Male,North,Pro,Credit card,28.0,105,1.0,12.82,0
12596,Female,East,Pro,Crypto,,143,5.0,47.82,1
12597,Male,North,Basic,Crypto,44.0,32,1.0,75.64,1
12598,Female,South,Basic,E-wallet,41.0,116,3.0,0.0,1
12599,Male,North,Plus,Crypto,,170,0.0,179.45,1
12600,Male,South,Pro,E-wallet,40.0,48,2.0,123.37,0
12601,Female,West,Basic,Credit card,35.0,77,2.0,36.58,0
12602,Male,South,Pro,Crypto,37.0,17,2.0,46.76,0
12603,Female,West,Basic,Paypal,36.0,143,0.0,0.21,1
12604,Male,West,Pro,Crypto,33.0,167,2.0,127.4,1
12605,Male,South,Basic,Credit card,41.0,106,0.0,27.26,1
12606,Female,West,Basic,,37.0,89,2.0,35.18,0
12607,Male,South,Basic,E-wallet,25.0,78,1.0,25.45,0
12608,Male,East,Basic,Credit card,,99,3.0,36.52,1
12609,Female,West,Basic,Paypal,36.0,154,2.0,35.16,1
12610,Male,South,Basic,Crypto,40.0,117,2.0,67.44,1
12611,Non-Binary,West,Basic,E-wallet,32.0,119,2.0,7.83,1
12612,Male,North,Basic,Crypto,42.0,126,0.0,0.0,1
12613,Male,South,Pro,Paypal,33.0,80,1.0,84.53,1
12614,Female,North,Basic,Paypal,41.0,141,3.0,25.44,1
12615,Male,West,Pro,Credit card,29.0,154,3.0,85.44,1
12616,Male,West,Basic,E-wallet,30.0,53,0.0,107.82,0
12617,Male,East,Basic,,40.0,87,3.0,2.87,1
12618,Male,South,Pro,Paypal,30.0,167,1.0,117.93,1
12619,Non-Binary,North,Plus,Credit card,56.0,172,0.0,145.74,0
12620,Male,East,Basic,Paypal,39.0,98,0.0,56.82,0
12621,Female,West,Basic,Paypal,34.0,67,2.0,35.65,1
12622,Non-Binary,West,Pro,,42.0,167,1.0,103.15,1
12623,Female,East,Plus,Crypto,29.0,40,2.0,184.02,0
12624,Unknown,North,Plus,Crypto,43.0,0,1.0,133.62,0
12625,Male,West,Basic,E-wallet,,8,1.0,0.0,0
12626,Unknown,West,Basic,Credit card,46.0,74,2.0,66.02,0
12627,Male,South,Pro,,29.0,79,4.0,0.0,1
12628,Female,East,Pro,Credit card,21.0,92,1.0,58.27,0
12629,Female,West,Pro,E-wallet,,142,4.0,44.22,1
12630,Male,North,Plus,Credit card,31.0,58,3.0,195.09,1
12631,Female,South,Pro,,50.0,9,1.0,150.44,0
12632,Female,East,Basic,Paypal,55.0,176,1.0,33.09,1
12633,Male,North,Basic,,37.0,138,3.0,,1
12634,Male,West,Pro,E-wallet,34.0,29,4.0,54.75,0
12635,Female,East,Basic,Paypal,,22,2.0,44.12,0
12636,Female,East,Basic,E-wallet,42.0,21,2.0,0.0,1
12637,Unknown,North,Basic,Crypto,55.0,178,2.0,0.0,1
12638,Female,East,Basic,Paypal,51.0,41,1.0,0.0,0
12639,Unknown,North,Basic,E-wallet,45.0,28,1.0,11.38,1
12640,Female,West,Plus,E-wallet,45.0,172,3.0,73.07,1
12641,Male,South,Basic,Crypto,42.0,160,3.0,97.06,1
12642,Male,North,Pro,E-wallet,,166,3.0,58.48,1
12643,Female,South,Basic,Credit card,26.0,64,1.0,0.0,0
12644,Female,East,Basic,Paypal,33.0,177,8.0,58.98,1
12645,Male,North,Plus,Credit card,38.0,111,2.0,103.08,1
12646,Male,West,Plus,Crypto,19.0,85,2.0,143.56,1
12647,Unknown,North,Basic,Credit card,32.0,47,1.0,38.57,1
12648,Female,North,Pro,,25.0,36,0.0,46.09,0
12649,Female,North,Basic,Crypto,,85,2.0,24.42,0
12650,Female,South,Plus,Crypto,28.0,160,1.0,179.64,1
12651,Male,South,Basic,Credit card,37.0,133,2.0,9.65,1
12652,Male,East,Basic,Crypto,26.0,90,2.0,107.28,1
12653,Male,East,Pro,Credit card,49.0,69,3.0,,1
12654,Male,East,Plus,Credit card,16.0,54,3.0,159.12,1
12655,Female,East,Basic,Credit card,38.0,171,0.0,22.83,1
12656,Female,North,Pro,Crypto,21.0,49,1.0,84.37,1
12657,Non-Binary,South,Basic,Crypto,28.0,53,3.0,8.26,1
12658,Non-Binary,South,Plus,Paypal,,104,0.0,208.36,0
12659,Male,South,Basic,Credit card,36.0,15,3.0,84.2,1
12660,Female,South,Plus,Credit card,36.0,127,2.0,183.29,0
12661,Female,East,Basic,Credit card,35.0,46,4.0,30.73,0
12662,Non-Binary,North,Basic,Credit card,27.0,129,1.0,11.04,1
12663,Male,South,Plus,Credit card,32.0,164,0.0,141.6,1
12664,Female,West,Plus,Credit card,,92,2.0,,1
12665,Female,North,Pro,Credit card,35.0,22,2.0,70.6,1
12666,Male,West,Basic,Paypal,,140,2.0,0.0,1
12667,Male,North,Pro,Paypal,41.0,114,1.0,147.63,1
12668,Female,North,Pro,E-wallet,34.0,64,2.0,25.04,1
12669,Female,North,Pro,Credit card,36.0,47,1.0,41.47,0
12670,Male,West,Pro,Credit card,,6,3.0,81.36,1
12671,Female,South,Basic,,23.0,158,1.0,28.66,1
12672,Male,South,Pro,Paypal,,172,2.0,82.63,1
12673,Female,West,Pro,Credit card,46.0,55,0.0,91.56,0
12674,Male,South,Basic,Credit card,38.0,21,0.0,2.77,1
12675,Non-Binary,East,Pro,Paypal,25.0,62,3.0,20.17,1
12676,Male,South,Pro,Paypal,42.0,79,2.0,70.33,1
12677,Male,East,Pro,E-wallet,30.0,27,0.0,37.55,1
12678,Male,East,Basic,E-wallet,41.0,171,1.0,,1
12679,Male,East,Pro,Credit card,30.0,102,2.0,62.26,0
12680,Female,West,Basic,Paypal,37.0,141,1.0,21.03,1
12681,Male,South,Pro,E-wallet,28.0,84,6.0,139.97,1
12682,Non-Binary,South,Pro,Credit card,29.0,146,2.0,93.72,1
12683,Male,West,Pro,E-wallet,18.0,76,4.0,52.16,0
12684,Male,West,Basic,E-wallet,39.0,1,5.0,17.5,1
12685,Male,South,Pro,E-wallet,37.0,50,4.0,,0
12686,Male,West,Plus,Crypto,38.0,77,2.0,184.81,1
12687,Male,West,Basic,Credit card,,161,1.0,29.77,0
12688,Female,East,Plus,E-wallet,26.0,81,1.0,124.49,1
12689,Female,West,Pro,Credit card,43.0,50,3.0,131.04,0
12690,Female,East,Pro,Credit card,43.0,146,2.0,37.86,1
12691,Female,North,Basic,Paypal,26.0,163,5.0,52.93,1
12692,Female,East,Basic,Credit card,39.0,117,2.0,41.71,1
12693,Male,East,Plus,E-wallet,42.0,153,3.0,156.42,1
12694,Female,West,Basic,Credit card,29.0,162,2.0,0.0,1
12695,Unknown,South,Basic,Paypal,31.0,62,2.0,0.0,1
12696,Female,North,Pro,Crypto,39.0,103,1.0,,1
12697,Female,North,Basic,Crypto,18.0,131,2.0,45.13,1
12698,Male,North,Pro,,23.0,84,3.0,101.59,1
12699,Female,South,Pro,E-wallet,24.0,2,3.0,146.15,1
12700,Female,North,Plus,E-wallet,16.0,4,0.0,161.7,1
12701,Female,North,Pro,E-wallet,44.0,156,3.0,87.04,1
12702,Unknown,South,Basic,Credit card,14.0,118,3.0,1.98,1
12703,Male,North,Basic,Crypto,37.0,18,2.0,14.88,0
12704,Male,West,Pro,,42.0,114,3.0,85.1,1
12705,Female,West,Basic,Crypto,,144,3.0,96.54,1
12706,Non-Binary,East,Plus,Paypal,27.0,33,1.0,173.9,1
12707,Male,East,Pro,Crypto,36.0,19,2.0,68.49,0
12708,Male,East,Basic,E-wallet,34.0,155,3.0,2.24,1
12709,Male,West,Plus,Crypto,44.0,72,1.0,73.14,1
12710,Male,West,Basic,Paypal,7.0,137,1.0,,1
12711,Female,West,Basic,Crypto,24.0,148,4.0,15.35,1
12712,Female,East,Pro,Credit card,39.0,115,3.0,85.09,1
12713,Male,East,Plus,Paypal,34.0,3,3.0,125.12,0
12714,Male,East,Pro,Credit card,41.0,21,2.0,129.99,0
12715,Male,East,Basic,Credit card,36.0,70,2.0,61.27,1
12716,Male,East,Basic,E-wallet,32.0,11,1.0,47.76,0
12717,Female,East,Basic,E-wallet,30.0,138,1.0,74.49,1
12718,Unknown,West,Basic,,57.0,149,0.0,78.47,1
12719,Non-Binary,South,Basic,,49.0,156,1.0,9.72,0
12720,Male,South,Pro,Crypto,38.0,60,3.0,65.62,1
12721,Non-Binary,East,Plus,Paypal,34.0,26,2.0,155.79,1
12722,Female,South,Basic,E-wallet,39.0,174,1.0,13.8,1
12723,Female,South,Basic,E-wallet,42.0,83,1.0,0.0,1
12724,Female,West,Plus,Crypto,38.0,141,0.0,178.06,1
12725,Male,East,Pro,Credit card,26.0,6,1.0,85.91,1
12726,Male,East,Plus,,51.0,142,3.0,205.51,0
12727,Male,South,Basic,Credit card,36.0,173,1.0,0.0,1
12728,Male,East,Basic,E-wallet,54.0,155,4.0,64.4,1
12729,Male,East,Pro,Credit card,35.0,170,3.0,168.74,1
12730,Female,East,Pro,Credit card,31.0,9,3.0,52.15,1
12731,Female,East,Basic,E-wallet,,178,2.0,7.76,1
12732,Female,South,Pro,Paypal,37.0,2,1.0,92.75,1
12733,Male,North,Basic,Crypto,35.0,102,3.0,48.45,1
12734,Unknown,South,Basic,E-wallet,21.0,43,1.0,0.0,1
12735,Unknown,West,Pro,Crypto,40.0,53,1.0,119.71,1
12736,Female,North,Basic,Crypto,29.0,161,0.0,0.0,1
12737,Unknown,North,Pro,Credit card,29.0,88,6.0,117.58,1
12738,Female,North,Basic,E-wallet,29.0,24,2.0,0.0,1
12739,Unknown,South,Basic,,38.0,69,3.0,1.79,0
12740,Male,West,Basic,Crypto,18.0,44,2.0,68.18,0
12741,Male,South,Basic,Crypto,31.0,67,2.0,2.9,1
12742,Male,West,Basic,Paypal,43.0,25,2.0,72.47,0
12743,Male,South,Pro,Crypto,21.0,25,5.0,86.02,1
12744,Male,South,Plus,E-wallet,35.0,153,3.0,164.18,1
12745,Female,South,Basic,Paypal,,111,1.0,11.05,1
12746,Female,North,Basic,E-wallet,29.0,91,1.0,0.0,1
12747,Female,South,Plus,Paypal,50.0,129,1.0,231.96,1
12748,Male,West,Basic,Crypto,17.0,40,2.0,34.01,1
12749,Non-Binary,West,Basic,,41.0,172,1.0,0.0,1
12750,Female,West,Basic,E-wallet,29.0,13,2.0,53.24,1
12751,Male,North,Pro,Paypal,28.0,164,1.0,25.14,1
12752,Female,South,Basic,Crypto,22.0,129,5.0,24.94,1
12753,Male,South,Pro,Credit card,,4,2.0,,1
12754,Male,East,Basic,Crypto,32.0,101,1.0,0.0,1
12755,Unknown,North,Basic,Crypto,30.0,129,2.0,36.04,1
12756,Male,West,Basic,Credit card,35.0,128,2.0,38.36,1
12757,Female,West,Pro,Paypal,32.0,175,7.0,33.17,1
12758,Non-Binary,South,Pro,Crypto,13.0,21,6.0,90.03,1
12759,Female,West,Basic,Credit card,,40,0.0,0.0,0
12760,Male,South,Basic,E-wallet,42.0,152,2.0,74.62,1
12761,Male,South,Pro,Credit card,18.0,45,1.0,85.39,0
12762,Male,East,Plus,Crypto,23.0,93,2.0,159.03,0
12763,Female,North,Basic,E-wallet,29.0,8,0.0,0.0,1
12764,Female,South,Pro,Crypto,26.0,100,4.0,54.11,1
12765,Male,South,Basic,Credit card,33.0,46,1.0,63.42,1
12766,Unknown,South,Basic,E-wallet,23.0,73,1.0,44.74,0
12767,Female,East,Basic,Crypto,,2,2.0,67.14,1
12768,Male,South,Pro,Credit card,33.0,7,4.0,55.84,0
12769,Female,North,Basic,E-wallet,40.0,152,1.0,20.82,1
12770,Female,North,Plus,Crypto,46.0,35,4.0,172.26,1
12771,Male,West,Pro,Credit card,31.0,42,2.0,75.89,1
12772,Male,North,Plus,Crypto,52.0,177,3.0,177.53,1
12773,Non-Binary,West,Basic,Crypto,32.0,62,1.0,5.91,1
12774,Female,North,Basic,Crypto,42.0,161,1.0,0.0,1
12775,Female,West,Plus,Paypal,53.0,137,1.0,175.65,1
12776,Female,South,Pro,Crypto,35.0,26,1.0,26.38,0
12777,Male,East,Plus,E-wallet,20.0,88,3.0,241.6,1
12778,Male,East,Basic,Credit card,34.0,12,0.0,16.92,0
12779,Female,East,Basic,,27.0,50,2.0,13.89,0
12780,Male,South,Pro,Paypal,31.0,67,0.0,93.64,0
12781,Male,East,Basic,Paypal,53.0,123,1.0,46.39,1
12782,Non-Binary,North,Pro,Paypal,21.0,143,2.0,65.41,1
12783,Unknown,West,Basic,Crypto,,139,4.0,37.74,1
12784,Female,South,Basic,Crypto,,24,1.0,8.85,1
12785,Non-Binary,East,Basic,E-wallet,30.0,176,1.0,78.91,1
12786,Male,North,Basic,Credit card,41.0,143,1.0,,1
12787,Unknown,North,Basic,,37.0,102,1.0,9.41,0
12788,Male,South,Pro,Crypto,31.0,1,0.0,68.4,1
12789,Unknown,South,Basic,Credit card,27.0,72,3.0,7.02,1
12790,Unknown,East,Basic,Crypto,37.0,122,2.0,27.48,1
12791,Female,West,Plus,Paypal,51.0,126,2.0,179.34,0
12792,Unknown,East,Basic,Crypto,24.0,76,3.0,56.79,1
12793,Female,East,Basic,E-wallet,53.0,77,1.0,34.96,1
12794,Male,South,Pro,Crypto,45.0,75,2.0,93.14,0
12795,Female,East,Plus,Crypto,,162,2.0,156.84,1
12796,Female,East,Basic,Credit card,37.0,149,2.0,67.36,1
12797,Male,West,Basic,Crypto,45.0,47,1.0,16.76,1
12798,Female,North,Pro,E-wallet,23.0,113,2.0,162.43,0
12799,Unknown,North,Basic,Crypto,27.0,63,2.0,84.44,1
12800,Male,West,Pro,Crypto,41.0,149,0.0,73.62,1
12801,Female,North,Plus,Paypal,36.0,72,0.0,156.18,0
12802,Unknown,East,Plus,,32.0,46,6.0,39.34,1
12803,Unknown,West,Basic,Crypto,8.0,39,2.0,0.0,1
12804,Unknown,West,Basic,Crypto,29.0,105,2.0,12.1,1
12805,Female,South,Plus,E-wallet,22.0,117,0.0,143.25,1
12806,Unknown,North,Basic,Credit card,38.0,2,1.0,50.92,1
12807,Female,South,Basic,Paypal,32.0,94,1.0,60.81,1
12808,Male,East,Pro,Paypal,27.0,100,0.0,19.16,1
12809,Female,West,Basic,Crypto,60.0,133,1.0,0.0,1
12810,Female,East,Basic,Crypto,44.0,141,3.0,0.0,1
12811,Male,North,Plus,Credit card,44.0,82,5.0,103.55,1
12812,Female,South,Basic,Crypto,56.0,81,2.0,28.96,1
12813,Female,North,Basic,E-wallet,,120,1.0,67.94,1
12814,Male,East,Basic,Credit card,26.0,134,2.0,81.61,1
12815,Female,South,Pro,Crypto,25.0,156,1.0,132.39,1
12816,Female,North,Basic,Credit card,43.0,2,2.0,0.0,1
12817,Female,East,Basic,Paypal,13.0,12,3.0,10.98,1
12818,Male,North,Pro,Crypto,33.0,163,2.0,92.24,1
12819,Male,West,Plus,Credit card,12.0,104,1.0,190.45,1
12820,Male,South,Basic,Credit card,34.0,88,5.0,0.0,1
12821,Unknown,South,Plus,Crypto,42.0,91,1.0,129.06,1
12822,Male,South,Basic,Credit card,36.0,165,0.0,88.39,1
12823,Female,West,Pro,Crypto,43.0,74,3.0,81.29,1
12824,Male,South,Basic,Crypto,53.0,59,2.0,85.18,1
12825,Male,West,Basic,E-wallet,32.0,125,1.0,57.03,0
12826,Non-Binary,South,Pro,E-wallet,62.0,72,2.0,61.0,1
12827,Female,North,Basic,Credit card,36.0,21,4.0,51.12,1
12828,Male,North,Basic,Credit card,43.0,148,1.0,73.56,1
12829,Female,North,Basic,Credit card,27.0,122,1.0,15.47,1
12830,Male,North,Pro,Paypal,50.0,32,2.0,-10.0,1
12831,Female,West,Basic,Crypto,44.0,3,1.0,0.0,1
12832,Female,East,Basic,Crypto,48.0,171,3.0,64.44,1
12833,Male,East,Basic,Paypal,34.0,128,1.0,65.96,1
12834,Male,North,Basic,Paypal,21.0,149,2.0,0.0,1
12835,Male,East,Basic,Credit card,38.0,58,2.0,0.0,1
12836,Unknown,East,Basic,,17.0,36,0.0,6.35,1
12837,Unknown,South,Basic,E-wallet,30.0,150,3.0,20.04,1
12838,Male,West,Basic,E-wallet,35.0,160,2.0,58.2,0
12839,Female,North,Pro,Paypal,,112,0.0,148.44,0
12840,Male,East,Pro,Paypal,37.0,149,1.0,57.81,1
12841,Male,East,Plus,Crypto,35.0,126,3.0,226.08,0
12842,Female,North,Basic,Crypto,33.0,117,1.0,0.0,1
12843,Unknown,South,Plus,E-wallet,20.0,139,1.0,185.52,1
12844,Unknown,North,Basic,Crypto,34.0,111,3.0,80.1,0
12845,Female,South,Plus,Credit card,35.0,145,1.0,119.56,1
12846,Male,East,Basic,Paypal,24.0,124,1.0,0.0,1
12847,Female,West,Basic,E-wallet,22.0,99,3.0,,0
12848,Male,South,Basic,E-wallet,29.0,0,4.0,73.74,1
12849,Female,South,Basic,Credit card,34.0,120,0.0,22.93,1
12850,Male,North,Plus,Crypto,29.0,88,1.0,195.0,1
12851,Female,East,Pro,Crypto,,19,2.0,111.87,1
12852,Male,West,Plus,Paypal,,16,1.0,101.21,1
12853,Male,North,Pro,Credit card,39.0,176,1.0,85.14,1
12854,Unknown,North,Basic,E-wallet,35.0,149,1.0,69.87,1
12855,Male,West,Basic,Credit card,28.0,113,2.0,0.0,1
12856,Female,East,Plus,E-wallet,39.0,160,0.0,130.95,1
12857,Male,West,Pro,Credit card,32.0,25,2.0,130.78,0
12858,Male,North,Pro,Crypto,22.0,26,1.0,78.44,0
12859,Male,North,Basic,E-wallet,44.0,161,2.0,47.58,1
12860,Male,South,Pro,Paypal,37.0,86,0.0,14.88,1
12861,Non-Binary,West,Plus,Credit card,,79,1.0,,0
12862,Male,West,Basic,Crypto,18.0,179,1.0,0.94,1
12863,Unknown,West,Basic,E-wallet,26.0,54,1.0,0.0,1
12864,Female,North,Basic,Crypto,,60,1.0,20.15,0
12865,Female,East,Pro,Credit card,18.0,177,1.0,117.86,1
12866,Female,North,Basic,Paypal,,13,2.0,66.74,0
12867,Female,South,Basic,Paypal,33.0,125,2.0,27.53,1
12868,Female,North,Basic,Credit card,37.0,108,3.0,,0
12869,Male,North,Pro,E-wallet,19.0,121,1.0,24.76,1
12870,Male,North,Basic,,35.0,50,2.0,52.97,1
12871,Non-Binary,South,Basic,Crypto,17.0,112,4.0,25.99,1
12872,Unknown,West,Plus,E-wallet,34.0,154,1.0,151.77,1
12873,Non-Binary,East,Plus,Credit card,27.0,167,3.0,144.91,1
12874,Female,East,Basic,Crypto,,67,1.0,64.47,1
12875,Female,South,Pro,Crypto,42.0,8,2.0,112.45,0
12876,Female,West,Pro,Credit card,31.0,38,1.0,123.91,0
12877,Female,West,Basic,Crypto,38.0,142,1.0,58.48,1
12878,Male,South,Basic,E-wallet,,88,1.0,14.51,1
12879,Female,North,Basic,E-wallet,46.0,17,2.0,9.28,1
12880,Male,West,Basic,Credit card,21.0,51,0.0,24.1,0
12881,Male,East,Basic,Credit card,43.0,36,1.0,26.58,0
12882,Non-Binary,South,Plus,E-wallet,34.0,79,2.0,190.57,1
12883,Male,East,Basic,Credit card,,139,0.0,27.59,0
12884,Male,North,Pro,E-wallet,22.0,152,0.0,80.01,1
12885,Male,South,Basic,E-wallet,40.0,78,1.0,44.82,1
12886,Unknown,East,Pro,E-wallet,24.0,24,0.0,103.2,0
12887,Female,East,Basic,Crypto,,148,1.0,0.0,1
12888,Female,North,Pro,Credit card,,121,2.0,68.8,1
12889,Non-Binary,South,Pro,Crypto,,87,0.0,,1
12890,Non-Binary,West,Pro,Credit card,47.0,134,1.0,59.63,1
12891,Male,West,Basic,Paypal,26.0,176,1.0,76.02,1
12892,Female,East,Pro,Crypto,41.0,38,1.0,114.05,1
12893,Female,North,Plus,Crypto,22.0,74,1.0,184.86,1
12894,Female,East,Pro,Crypto,31.0,96,2.0,114.93,1
12895,Male,North,Basic,,51.0,48,0.0,0.0,1
12896,Non-Binary,West,Pro,,27.0,161,3.0,76.14,1
12897,Female,East,Basic,Paypal,45.0,143,0.0,36.98,1
12898,Male,East,Plus,Credit card,44.0,95,1.0,124.5,1
12899,Female,North,Pro,Credit card,44.0,142,2.0,21.57,1
12900,Male,South,Basic,Credit card,21.0,39,3.0,18.35,1
12901,Male,North,Basic,Credit card,39.0,6,2.0,55.24,0
12902,Female,South,Basic,Credit card,32.0,100,1.0,66.18,1
12903,Male,West,Plus,Paypal,44.0,39,2.0,105.55,0
12904,Female,East,Basic,Crypto,17.0,69,1.0,42.39,1
12905,Female,East,Basic,Paypal,37.0,102,2.0,0.0,1
12906,Male,North,Plus,Crypto,36.0,91,0.0,172.99,0
12907,Unknown,North,Basic,,14.0,21,1.0,0.0,1
12908,Male,West,Basic,,25.0,100,-1.0,51.66,1
12909,Male,West,Pro,,15.0,132,1.0,96.4,1
12910,Male,South,Basic,Paypal,26.0,145,1.0,96.99,1
12911,Male,West,Basic,E-wallet,39.0,10,3.0,28.82,1
12912,Male,West,Basic,Credit card,35.0,118,2.0,47.01,1
12913,Female,West,Pro,Credit card,35.0,7,3.0,110.05,1
12914,Unknown,West,Plus,Crypto,23.0,19,2.0,140.8,1
12915,Male,South,Basic,Credit card,45.0,58,2.0,73.85,1
12916,Female,West,Basic,,,90,3.0,,1
12917,Female,South,Basic,E-wallet,34.0,152,1.0,19.84,0
12918,Non-Binary,North,Plus,Paypal,43.0,114,4.0,,1
12919,Female,East,Basic,Credit card,24.0,18,1.0,0.0,1
12920,Male,North,Plus,Credit card,36.0,124,0.0,248.69,1
12921,Male,West,Basic,Paypal,38.0,129,2.0,72.36,1
12922,Female,East,Plus,E-wallet,28.0,105,6.0,167.75,1
12923,Non-Binary,West,Pro,E-wallet,40.0,65,1.0,119.16,0
12924,Male,West,Pro,Credit card,38.0,6,3.0,38.72,1
12925,Male,North,Basic,Crypto,32.0,50,1.0,,0
12926,Unknown,West,Pro,Paypal,32.0,94,6.0,93.28,1
12927,Non-Binary,North,Basic,E-wallet,39.0,160,3.0,18.18,1
12928,Unknown,West,Basic,Credit card,41.0,74,-1.0,34.22,1
12929,Female,South,Basic,E-wallet,34.0,103,2.0,0.0,1
12930,Male,East,Plus,Credit card,45.0,12,0.0,128.54,0
12931,Female,North,Pro,Paypal,40.0,137,4.0,34.81,1
12932,Female,North,Pro,Crypto,16.0,112,1.0,92.56,1
12933,Male,East,Pro,Paypal,19.0,58,4.0,90.63,0
12934,Female,North,Basic,E-wallet,45.0,37,1.0,0.0,0
12935,Female,East,Plus,E-wallet,31.0,19,3.0,98.45,1
12936,Male,South,Pro,E-wallet,35.0,13,1.0,123.31,0
12937,Female,West,Pro,Crypto,45.0,39,1.0,111.86,1
12938,Female,South,Basic,Paypal,33.0,134,4.0,13.89,1
12939,Unknown,West,Plus,Credit card,34.0,5,2.0,195.21,0
12940,Male,East,Plus,Paypal,25.0,167,2.0,92.33,1
12941,Male,South,Pro,Paypal,37.0,8,4.0,122.41,0
12942,Female,West,Basic,Crypto,39.0,105,0.0,0.0,0
12943,Male,East,Pro,Paypal,28.0,64,3.0,,1
12944,Female,West,Pro,E-wallet,24.0,147,2.0,124.18,1
12945,Female,North,Basic,Crypto,60.0,133,1.0,,1
12946,Male,North,Basic,E-wallet,33.0,95,1.0,77.2,1
12947,Female,East,Basic,E-wallet,27.0,38,3.0,21.8,1
12948,Female,West,Pro,Paypal,41.0,122,2.0,82.65,1
12949,Male,North,Basic,Credit card,33.0,20,3.0,79.51,1
12950,Unknown,South,Basic,Paypal,23.0,36,4.0,72.18,1
12951,Non-Binary,West,Pro,Credit card,38.0,11,1.0,68.66,1
12952,Female,West,Pro,Crypto,25.0,14,5.0,100.71,1
12953,Female,North,Basic,Crypto,49.0,148,0.0,2.11,1
12954,Female,North,Basic,Crypto,38.0,84,1.0,79.54,1
12955,Unknown,East,Plus,E-wallet,31.0,91,1.0,158.49,1
12956,Female,West,Pro,,35.0,99,2.0,100.06,1
12957,Female,South,Basic,Crypto,43.0,173,1.0,20.85,1
12958,Non-Binary,North,Plus,Paypal,35.0,108,3.0,30.04,1
12959,Male,West,Basic,E-wallet,55.0,85,4.0,0.0,1
12960,Non-Binary,North,Plus,E-wallet,45.0,137,0.0,99.72,1
12961,Male,East,Basic,Paypal,38.0,81,1.0,41.83,0
12962,Male,West,Basic,E-wallet,24.0,65,1.0,0.0,0
12963,Male,West,Basic,Paypal,32.0,117,5.0,41.43,1
12964,Unknown,East,Basic,Credit card,38.0,116,3.0,0.0,1
12965,Non-Binary,South,Pro,Paypal,25.0,166,2.0,99.46,1
12966,Female,North,Pro,Credit card,46.0,21,3.0,86.17,1
12967,Female,East,Plus,E-wallet,24.0,85,2.0,155.75,1
12968,Female,West,Basic,Credit card,27.0,169,3.0,72.44,1
12969,Unknown,East,Basic,Paypal,28.0,133,2.0,,1
12970,Female,West,Basic,Credit card,41.0,109,1.0,82.09,0
12971,Male,East,Basic,Crypto,25.0,179,2.0,0.85,1
12972,Male,South,Pro,Paypal,16.0,164,0.0,38.73,1
12973,Female,West,Basic,,,5,4.0,71.46,1
12974,Female,East,Pro,Credit card,29.0,72,3.0,56.62,1
12975,Male,South,Pro,E-wallet,23.0,156,0.0,27.61,1
12976,Male,South,Basic,E-wallet,26.0,100,3.0,0.0,1
12977,Non-Binary,North,Pro,Paypal,51.0,178,2.0,91.57,0
12978,Male,West,Basic,Paypal,27.0,76,1.0,20.92,1
12979,Female,North,Basic,Credit card,32.0,26,1.0,73.3,0
12980,Unknown,South,Pro,Paypal,29.0,164,3.0,,1
12981,Female,North,Basic,Paypal,21.0,173,1.0,0.0,1
12982,Male,North,Basic,E-wallet,26.0,97,3.0,19.24,0
12983,Female,East,Pro,Paypal,20.0,24,2.0,6.5,1
12984,Non-Binary,North,Basic,Credit card,43.0,164,2.0,10.15,1
12985,Female,South,Pro,Paypal,35.0,150,1.0,119.53,1
12986,Unknown,North,Basic,Paypal,58.0,153,2.0,114.64,1
12987,Male,West,Basic,Paypal,26.0,75,4.0,13.51,1
12988,Female,East,Plus,Crypto,,119,0.0,140.36,1
12989,Female,South,Pro,Paypal,,179,1.0,89.31,1
12990,Non-Binary,North,Basic,Credit card,44.0,2,0.0,56.38,0
12991,Male,West,Basic,E-wallet,37.0,72,5.0,72.83,1
12992,Non-Binary,South,Plus,E-wallet,22.0,110,0.0,,1
12993,Female,North,Basic,Crypto,51.0,78,1.0,72.13,0
12994,Male,East,Pro,Credit card,33.0,71,2.0,64.41,1
12995,Male,North,Pro,E-wallet,29.0,155,2.0,148.99,1
12996,Non-Binary,South,Pro,E-wallet,45.0,33,2.0,122.61,0
12997,Male,South,Pro,Paypal,33.0,83,2.0,52.39,1
12998,Male,South,Pro,Paypal,22.0,64,0.0,89.65,1
12999,Male,West,Pro,Paypal,34.0,28,1.0,67.54,0
13000,Non-Binary,North,Plus,Crypto,26.0,3,6.0,,1
13001,Female,North,Pro,Paypal,3.0,118,3.0,73.17,1
13002,Female,North,Basic,Credit card,25.0,165,2.0,0.76,1
13003,Male,East,Basic,Crypto,28.0,129,2.0,51.29,1
13004,Female,West,Pro,E-wallet,22.0,112,2.0,98.74,1
13005,Female,West,Plus,E-wallet,39.0,91,2.0,108.44,0
13006,Non-Binary,East,Basic,,26.0,75,1.0,84.68,1
13007,Unknown,West,Basic,Credit card,38.0,124,2.0,,1
13008,Male,East,Plus,E-wallet,21.0,43,0.0,190.97,0
13009,Female,South,Pro,Credit card,43.0,113,0.0,77.2,1
13010,Male,South,Basic,Credit card,21.0,104,2.0,0.0,1
13011,Female,West,Pro,Credit card,10.0,94,2.0,131.84,0
13012,Male,South,Plus,Paypal,46.0,116,1.0,132.56,1
13013,Male,South,Plus,E-wallet,25.0,100,0.0,125.94,1
13014,Male,South,Pro,Credit card,,31,2.0,92.45,1
13015,Female,North,Basic,,39.0,130,1.0,0.0,0
13016,Male,South,Plus,,41.0,16,1.0,171.63,1
13017,Female,North,Pro,E-wallet,,118,0.0,54.36,1
13018,Female,East,Plus,Crypto,35.0,139,3.0,153.22,1
13019,Male,East,Basic,E-wallet,35.0,63,1.0,61.99,1
13020,Female,East,Basic,E-wallet,46.0,77,3.0,80.48,1
13021,Male,East,Basic,E-wallet,35.0,40,2.0,74.15,0
13022,Female,East,Basic,Paypal,26.0,1,0.0,86.56,0
13023,Female,South,Pro,E-wallet,39.0,33,1.0,83.26,0
13024,Male,South,Plus,Crypto,12.0,124,3.0,64.65,1
13025,Male,South,Pro,Credit card,47.0,87,3.0,77.02,1
13026,Male,East,Plus,E-wallet,47.0,111,2.0,186.27,0
13027,Unknown,East,Basic,Paypal,45.0,39,0.0,5.98,0
13028,Female,North,Pro,E-wallet,45.0,54,5.0,69.4,1
13029,Female,West,Plus,E-wallet,33.0,125,0.0,110.98,0
13030,Female,South,Pro,Crypto,32.0,73,1.0,113.09,1
13031,Male,West,Pro,Crypto,21.0,178,1.0,58.05,0
13032,Female,East,Pro,Paypal,51.0,4,2.0,73.82,0
13033,Female,East,Pro,Paypal,29.0,55,2.0,108.06,1
13034,Male,East,Basic,Paypal,37.0,117,2.0,26.73,1
13035,Male,West,Plus,Paypal,36.0,148,0.0,223.14,1
13036,Male,North,Plus,Paypal,20.0,57,3.0,144.65,1
13037,Female,East,Basic,Credit card,16.0,92,2.0,0.0,1
13038,Unknown,North,Pro,Credit card,34.0,30,2.0,112.81,1
13039,Male,North,Pro,Paypal,29.0,173,3.0,,1
13040,Female,South,Pro,Paypal,33.0,154,2.0,113.12,1
13041,Male,West,Pro,Credit card,,106,1.0,67.6,1
13042,Unknown,East,Plus,Crypto,36.0,158,1.0,172.54,1
13043,Male,North,Basic,Credit card,41.0,168,1.0,19.6,1
13044,Female,West,Basic,Paypal,38.0,44,1.0,0.0,1
13045,Female,West,Plus,Crypto,,163,0.0,186.24,0
13046,Female,East,Pro,Paypal,23.0,1,0.0,,1
13047,Female,South,Plus,E-wallet,36.0,61,2.0,200.9,1
13048,Male,South,Basic,Crypto,34.0,148,0.0,0.0,1
13049,Male,North,Basic,Paypal,43.0,161,2.0,29.59,1
13050,Male,South,Plus,,32.0,85,4.0,141.75,1
13051,Male,South,Basic,Paypal,31.0,12,0.0,67.1,0
13052,Female,South,Plus,Credit card,31.0,18,1.0,165.24,1
13053,Male,West,Plus,Crypto,24.0,160,1.0,144.95,1
13054,Male,East,Pro,Credit card,48.0,123,4.0,149.06,1
13055,Female,West,Basic,Crypto,45.0,101,2.0,,1
13056,Unknown,West,Pro,Paypal,21.0,103,3.0,146.59,1
13057,Female,East,Plus,Credit card,42.0,48,1.0,174.55,0
13058,Male,West,Basic,Crypto,,2,2.0,12.49,0
13059,Male,North,Basic,Crypto,43.0,165,1.0,111.78,0
13060,Unknown,North,Basic,Crypto,27.0,70,2.0,84.87,1
13061,Male,West,Basic,E-wallet,37.0,14,5.0,65.33,1
13062,Male,South,Plus,,14.0,37,2.0,145.55,1
13063,Female,West,Plus,Paypal,22.0,152,4.0,115.0,1
13064,Female,South,Plus,Paypal,,60,1.0,111.56,1
13065,Female,West,Pro,Paypal,26.0,177,2.0,85.85,1
13066,Male,North,Pro,Crypto,25.0,9,1.0,107.12,1
13067,Male,South,Basic,Paypal,47.0,99,4.0,0.0,1
13068,Unknown,North,Pro,Crypto,56.0,100,2.0,125.23,1
13069,Male,West,Pro,,43.0,177,1.0,24.41,1
13070,Female,East,Plus,Crypto,23.0,122,3.0,150.54,1
13071,Female,South,Plus,E-wallet,51.0,41,2.0,210.06,1
13072,Female,South,Plus,Credit card,18.0,179,3.0,249.15,1
13073,Male,West,Plus,Paypal,,173,2.0,165.2,1
13074,Male,West,Plus,E-wallet,34.0,39,2.0,154.2,1
13075,Female,South,Basic,Paypal,53.0,23,1.0,26.06,0
13076,Non-Binary,East,Plus,E-wallet,43.0,68,1.0,155.4,1
13077,Unknown,West,Pro,Credit card,,84,2.0,117.45,1
13078,Male,West,Basic,Credit card,24.0,167,1.0,6.26,1
13079,Male,West,Basic,Credit card,44.0,147,4.0,5.24,1
13080,Unknown,East,Pro,Credit card,28.0,28,4.0,58.85,0
13081,Female,South,Basic,Crypto,36.0,36,1.0,71.1,1
13082,Non-Binary,North,Basic,Paypal,20.0,19,1.0,48.95,0
13083,Male,West,Pro,Paypal,39.0,145,0.0,99.05,1
13084,Female,East,Plus,Paypal,38.0,3,2.0,234.72,1
13085,Female,South,Plus,,21.0,138,3.0,185.75,1
13086,Female,South,Basic,Paypal,44.0,85,4.0,112.08,1
13087,Female,East,Basic,Credit card,39.0,51,2.0,85.05,0
13088,Male,West,Basic,Paypal,41.0,42,3.0,0.0,1
13089,Female,North,Basic,Paypal,30.0,141,4.0,70.76,1
13090,Male,West,Basic,E-wallet,35.0,121,1.0,87.65,1
13091,Female,South,Plus,Crypto,34.0,172,3.0,108.5,0
13092,Unknown,North,Pro,Credit card,32.0,155,0.0,111.38,0
13093,Male,West,Basic,Credit card,35.0,131,3.0,0.0,1
13094,Non-Binary,North,Basic,Credit card,46.0,143,3.0,41.96,1
13095,Male,East,Pro,Paypal,,165,2.0,130.27,1
13096,Female,West,Pro,Credit card,22.0,150,0.0,50.49,1
13097,Unknown,South,Basic,Credit card,43.0,76,1.0,58.47,1
13098,Male,South,Plus,E-wallet,45.0,147,2.0,,1
13099,Male,North,Basic,,32.0,82,1.0,43.93,1
13100,Female,East,Basic,E-wallet,39.0,148,3.0,44.77,0
13101,Male,West,Basic,Crypto,38.0,169,1.0,35.73,1
13102,Female,East,Pro,Paypal,25.0,68,0.0,57.21,1
13103,Unknown,East,Basic,,30.0,13,1.0,60.16,1
13104,Female,North,Basic,Crypto,41.0,69,3.0,61.73,0
13105,Male,North,Basic,E-wallet,,4,0.0,,0
13106,Female,West,Pro,Crypto,43.0,151,4.0,190.59,1
13107,Female,South,Basic,Credit card,47.0,156,3.0,0.0,1
13108,Male,West,Basic,Credit card,,1,0.0,3.61,1
13109,Female,East,Basic,Paypal,53.0,5,1.0,16.83,1
13110,Female,North,Basic,E-wallet,33.0,33,2.0,32.67,1
13111,Female,East,Pro,E-wallet,,21,1.0,80.51,1
13112,Male,North,Basic,Crypto,37.0,131,2.0,45.42,1
13113,Female,South,Basic,Paypal,33.0,112,1.0,0.0,1
13114,Male,East,Pro,Credit card,39.0,133,0.0,66.3,1
13115,Male,North,Basic,E-wallet,16.0,66,1.0,0.0,1
13116,Non-Binary,West,Basic,Crypto,36.0,76,3.0,37.34,1
13117,Female,West,Basic,Credit card,20.0,89,3.0,0.0,1
13118,Male,West,Plus,Credit card,24.0,115,3.0,,1
13119,Male,East,Pro,Credit card,41.0,86,0.0,124.46,1
13120,Male,North,Plus,Crypto,32.0,67,1.0,138.48,1
13121,Male,North,Plus,Crypto,40.0,161,2.0,173.56,1
13122,Male,North,Plus,Credit card,31.0,100,4.0,214.9,1
13123,Male,East,Pro,Crypto,,161,3.0,110.04,1
13124,Female,North,Pro,,31.0,56,1.0,141.24,1
13125,Female,South,Basic,Credit card,14.0,164,1.0,98.45,1
13126,Female,East,Basic,Credit card,36.0,133,1.0,30.09,1
13127,Female,South,Pro,Crypto,12.0,70,3.0,92.68,1
13128,Male,South,Plus,Paypal,19.0,172,1.0,,1
13129,Unknown,West,Basic,Paypal,25.0,168,3.0,0.0,1
13130,Non-Binary,East,Pro,Crypto,23.0,102,0.0,111.69,1
13131,Non-Binary,North,Basic,E-wallet,,132,0.0,65.96,1
13132,Non-Binary,South,Basic,Crypto,23.0,59,0.0,0.0,0
13133,Unknown,East,Basic,E-wallet,19.0,144,1.0,0.59,1
13134,Female,North,Pro,Credit card,49.0,108,0.0,33.04,1
13135,Male,West,Basic,E-wallet,27.0,100,0.0,50.41,1
13136,Female,East,Pro,Credit card,11.0,8,4.0,57.82,0
13137,Female,East,Plus,Paypal,30.0,131,3.0,215.93,1
13138,Female,East,Plus,Credit card,,169,5.0,192.74,1
13139,Female,North,Basic,E-wallet,25.0,173,3.0,96.31,0
13140,Male,South,Plus,Paypal,,73,3.0,144.43,1
13141,Male,South,Basic,Paypal,29.0,95,1.0,114.73,1
13142,Unknown,East,Basic,Crypto,22.0,128,0.0,0.0,1
13143,Female,East,Pro,E-wallet,38.0,86,2.0,104.29,0
13144,Female,North,Basic,E-wallet,45.0,114,3.0,42.1,1
13145,Male,West,Basic,Crypto,39.0,144,2.0,70.05,1
13146,Male,East,Basic,Crypto,9.0,115,0.0,13.92,1
13147,Non-Binary,East,Pro,Paypal,22.0,127,2.0,123.02,1
13148,Female,West,Basic,Crypto,34.0,90,2.0,0.0,1
13149,Female,East,Pro,Paypal,31.0,78,3.0,66.64,1
13150,Female,South,Pro,E-wallet,30.0,117,2.0,88.22,1
13151,Female,East,Pro,Crypto,24.0,6,0.0,111.47,0
13152,Male,South,Plus,E-wallet,19.0,132,2.0,106.98,1
13153,Female,North,Basic,Paypal,54.0,179,0.0,46.49,1
13154,Female,North,Basic,Credit card,34.0,115,1.0,0.0,1
13155,Female,South,Basic,Credit card,40.0,102,1.0,0.0,1
13156,Female,South,Basic,E-wallet,34.0,52,3.0,82.34,1
13157,Unknown,West,Pro,Paypal,34.0,118,1.0,126.12,1
13158,Male,South,Basic,Paypal,33.0,2,3.0,85.11,1
13159,Non-Binary,South,Basic,Credit card,22.0,61,1.0,0.0,1
13160,Male,East,Pro,Paypal,18.0,31,3.0,,1
13161,Female,West,Pro,Paypal,37.0,1,1.0,55.62,1
13162,Male,South,Pro,,35.0,79,2.0,96.83,1
13163,Male,South,Plus,Credit card,43.0,123,2.0,219.77,1
13164,Female,South,Pro,Paypal,41.0,80,2.0,87.39,1
13165,Male,East,Pro,E-wallet,25.0,52,2.0,11.54,0
13166,Female,East,Basic,Crypto,45.0,139,1.0,33.65,1
13167,Unknown,East,Plus,Credit card,41.0,123,2.0,157.74,1
13168,Male,North,Pro,E-wallet,40.0,132,2.0,134.96,0
13169,Female,East,Basic,Crypto,,3,2.0,44.72,1
13170,Female,South,Basic,Paypal,54.0,55,2.0,43.18,1
13171,Female,East,Pro,Paypal,40.0,79,1.0,89.43,0
13172,Male,East,Plus,Crypto,,44,2.0,118.62,1
13173,Male,West,Basic,E-wallet,44.0,147,2.0,27.99,1
13174,Male,South,Basic,Paypal,28.0,52,1.0,,1
13175,Male,East,Plus,Paypal,28.0,72,1.0,164.74,0
13176,Male,North,Plus,E-wallet,40.0,15,3.0,86.78,1
13177,Female,West,Basic,E-wallet,25.0,92,1.0,67.03,1
13178,Non-Binary,East,Basic,Crypto,39.0,112,2.0,40.71,1
13179,Non-Binary,West,Pro,Paypal,35.0,29,3.0,130.7,0
13180,Female,West,Basic,E-wallet,25.0,19,0.0,22.58,0
13181,Male,North,Plus,Credit card,34.0,105,1.0,173.41,0
13182,Male,North,Basic,Crypto,47.0,86,1.0,0.0,1
13183,Male,North,Basic,Crypto,34.0,179,0.0,18.13,1
13184,Male,South,Basic,,34.0,35,7.0,88.34,1
13185,Female,West,Basic,Crypto,37.0,21,0.0,63.89,0
13186,Female,East,Basic,Credit card,38.0,128,0.0,5.6,0
13187,Male,North,Basic,Crypto,30.0,20,4.0,5.37,1
13188,Male,North,Pro,,37.0,175,2.0,119.76,1
13189,Non-Binary,West,Basic,E-wallet,23.0,4,1.0,0.0,1
13190,Female,West,Plus,Paypal,26.0,119,3.0,183.68,1
13191,Male,West,Basic,Crypto,27.0,167,3.0,91.8,1
13192,Unknown,East,Pro,E-wallet,38.0,81,2.0,36.55,1
13193,Unknown,South,Basic,E-wallet,35.0,78,1.0,43.49,0
13194,Male,South,Basic,Paypal,32.0,44,2.0,46.46,0
13195,Male,North,Pro,E-wallet,40.0,158,0.0,105.03,1
13196,Female,South,Pro,E-wallet,,142,1.0,93.66,1
13197,Unknown,East,Pro,Crypto,31.0,57,2.0,134.8,0
13198,Non-Binary,South,Pro,Crypto,,44,3.0,54.07,1
13199,Male,East,Pro,E-wallet,25.0,169,2.0,60.07,1
13200,Male,North,Basic,Credit card,19.0,151,1.0,0.0,1
13201,Female,West,Plus,Paypal,35.0,37,0.0,154.27,0
13202,Female,East,Pro,E-wallet,25.0,50,4.0,126.61,1
13203,Male,West,Plus,E-wallet,29.0,23,1.0,165.09,0
13204,Non-Binary,North,Plus,Credit card,32.0,90,2.0,199.98,1
13205,Female,East,Basic,Paypal,44.0,160,2.0,25.99,1
13206,Non-Binary,East,Basic,E-wallet,43.0,146,3.0,0.0,1
13207,Non-Binary,South,Pro,E-wallet,33.0,24,1.0,83.13,0
13208,Female,East,Pro,Crypto,46.0,69,0.0,49.82,1
13209,Female,North,Pro,E-wallet,13.0,48,0.0,67.86,0
13210,Female,West,Pro,Credit card,52.0,16,3.0,26.08,1
13211,Male,East,Basic,E-wallet,40.0,148,1.0,62.0,1
13212,Female,North,Basic,Paypal,35.0,42,0.0,62.86,0
13213,Male,North,Basic,Paypal,,81,2.0,48.15,1
13214,Female,East,Pro,Credit card,29.0,149,1.0,,1
13215,Male,South,Pro,E-wallet,40.0,62,2.0,71.65,1
13216,Male,East,Basic,E-wallet,40.0,23,3.0,0.0,1
13217,Male,East,Pro,E-wallet,40.0,32,5.0,18.54,1
13218,Male,South,Basic,E-wallet,26.0,16,2.0,40.77,0
13219,Female,North,Basic,E-wallet,,175,0.0,62.19,1
13220,Female,East,Pro,Paypal,,43,3.0,102.22,0
13221,Female,South,Basic,Crypto,41.0,152,3.0,0.0,1
13222,Male,West,Pro,Paypal,,106,2.0,-10.0,1
13223,Male,West,Plus,Crypto,,98,2.0,224.91,1
13224,Male,South,Plus,Paypal,34.0,28,3.0,165.81,1
13225,Male,North,Basic,Credit card,33.0,11,0.0,75.76,1
13226,Non-Binary,South,Basic,E-wallet,40.0,99,2.0,5.13,1
13227,Male,North,Pro,Crypto,46.0,126,2.0,47.49,0
13228,Male,West,Pro,Paypal,20.0,136,3.0,0.0,1
13229,Male,East,Pro,Crypto,22.0,85,0.0,102.3,0
13230,Male,South,Basic,E-wallet,30.0,52,1.0,43.3,1
13231,Female,West,Basic,Credit card,65.0,60,2.0,,1
13232,Female,East,Pro,E-wallet,31.0,158,3.0,85.18,1
13233,Male,West,Pro,Paypal,32.0,112,2.0,,1
13234,Male,South,Basic,Paypal,40.0,47,1.0,20.74,0
13235,Male,South,Basic,Crypto,43.0,107,1.0,18.87,1
13236,Male,East,Pro,Credit card,35.0,78,2.0,57.08,1
13237,Male,South,Basic,Credit card,45.0,46,3.0,38.84,1
13238,Unknown,West,Basic,Paypal,22.0,160,0.0,28.02,1
13239,Female,East,Basic,Crypto,26.0,66,0.0,49.91,1
13240,Female,East,Basic,E-wallet,,63,1.0,28.09,1
13241,Female,West,Pro,E-wallet,34.0,121,2.0,48.69,1
13242,Female,North,Basic,Paypal,21.0,144,3.0,64.17,0
13243,Female,East,Basic,Paypal,,43,4.0,0.0,1
13244,Female,North,Basic,E-wallet,25.0,4,2.0,94.54,0
13245,Female,West,Basic,E-wallet,34.0,93,2.0,55.44,1
13246,Male,West,Pro,E-wallet,38.0,78,3.0,189.67,1
13247,Female,East,Basic,Crypto,30.0,38,1.0,0.0,1
13248,Female,South,Pro,Credit card,37.0,169,0.0,80.65,1
13249,Non-Binary,East,Basic,Paypal,29.0,101,4.0,19.72,0
13250,Female,South,Basic,Paypal,46.0,91,5.0,24.04,1
13251,Female,North,Basic,,59.0,20,3.0,23.12,1
13252,Male,South,Basic,E-wallet,30.0,174,5.0,46.29,1
13253,Female,East,Pro,Crypto,38.0,73,1.0,113.36,1
13254,Male,South,Basic,E-wallet,37.0,27,0.0,62.1,1
13255,Male,West,Plus,Paypal,35.0,148,0.0,204.22,1
13256,Male,North,Basic,Credit card,,112,0.0,0.0,1
13257,Female,West,Basic,Crypto,,27,2.0,,1
13258,Male,West,Basic,E-wallet,29.0,85,0.0,13.82,1
13259,Male,West,Pro,Paypal,47.0,101,2.0,126.01,1
13260,Non-Binary,West,Basic,Credit card,36.0,18,1.0,33.86,0
13261,Male,South,Basic,Crypto,30.0,62,1.0,95.52,1
13262,Female,West,Basic,Crypto,58.0,115,0.0,95.54,1
13263,Female,South,Basic,Paypal,32.0,179,1.0,72.65,1
13264,Male,West,Plus,Crypto,36.0,37,2.0,226.12,1
13265,Female,East,Pro,,35.0,45,2.0,46.21,0
13266,Male,West,Pro,Crypto,32.0,151,1.0,171.47,1
13267,Female,East,Pro,Credit card,38.0,91,1.0,75.52,1
13268,Female,South,Pro,Credit card,25.0,172,3.0,55.39,1
13269,Female,North,Basic,Crypto,39.0,8,3.0,0.0,1
13270,Female,South,Pro,Paypal,16.0,8,3.0,72.35,0
13271,Male,North,Basic,E-wallet,,20,5.0,0.0,1
13272,Male,North,Basic,Crypto,52.0,23,0.0,18.29,1
13273,Female,West,Pro,E-wallet,21.0,94,2.0,83.16,0
13274,Female,North,Pro,Paypal,14.0,92,2.0,107.62,1
13275,Non-Binary,South,Pro,E-wallet,21.0,39,1.0,64.19,0
13276,Non-Binary,West,Pro,Crypto,51.0,179,2.0,42.24,1
13277,Non-Binary,North,Basic,Credit card,16.0,131,1.0,34.16,1
13278,Female,South,Basic,Paypal,24.0,130,2.0,61.52,1
13279,Male,North,Basic,Credit card,19.0,140,2.0,39.33,1
13280,Female,North,Pro,Credit card,31.0,20,3.0,4.34,0
13281,Female,West,Plus,Credit card,,7,3.0,189.51,0
13282,Male,West,Basic,,29.0,119,1.0,87.64,1
13283,Non-Binary,South,Basic,Paypal,52.0,109,4.0,68.74,1
13284,Non-Binary,West,Basic,E-wallet,22.0,128,1.0,80.04,1
13285,Female,West,Plus,Credit card,32.0,13,1.0,202.98,1
13286,Male,East,Pro,E-wallet,37.0,75,2.0,84.94,0
13287,Male,East,Basic,Paypal,24.0,35,2.0,22.68,1
13288,Non-Binary,South,Plus,Paypal,,149,2.0,184.2,1
13289,Unknown,West,Plus,E-wallet,30.0,116,0.0,170.87,1
13290,Male,South,Basic,E-wallet,37.0,163,1.0,57.61,1
13291,Male,East,Plus,Credit card,32.0,44,2.0,135.72,0
13292,Non-Binary,East,Basic,E-wallet,13.0,143,1.0,26.11,1
13293,Male,East,Basic,E-wallet,47.0,10,3.0,49.21,0
13294,Female,South,Basic,Crypto,,66,0.0,41.83,1
13295,Unknown,West,Plus,Credit card,32.0,97,4.0,88.61,1
13296,Male,North,Pro,Credit card,25.0,152,1.0,145.49,1
13297,Female,West,Basic,Paypal,,89,0.0,101.84,1
13298,Male,South,Plus,E-wallet,52.0,158,0.0,143.24,1
13299,Male,East,Basic,Crypto,32.0,112,3.0,7.01,0
13300,Non-Binary,North,Pro,Paypal,31.0,89,2.0,61.53,1
13301,Female,South,Pro,Crypto,33.0,88,-1.0,76.96,1
13302,Unknown,East,Basic,Credit card,17.0,10,2.0,,0
13303,Female,South,Basic,E-wallet,31.0,79,3.0,6.1,1
13304,Male,North,Plus,Crypto,51.0,83,2.0,238.01,0
13305,Male,East,Basic,Paypal,32.0,105,1.0,41.66,1
13306,Male,West,Pro,Credit card,23.0,115,2.0,116.24,1
13307,Male,South,Pro,Crypto,38.0,165,0.0,125.71,1
13308,Male,North,Pro,Crypto,27.0,1,4.0,133.49,0
13309,Male,West,Basic,Paypal,33.0,53,3.0,57.99,1
13310,Female,North,Basic,Crypto,21.0,92,0.0,24.69,1
13311,Female,South,Basic,Credit card,23.0,6,0.0,28.54,1
13312,Female,North,Plus,Crypto,41.0,176,1.0,-10.0,1
13313,Female,East,Basic,E-wallet,35.0,39,1.0,74.32,0
13314,Male,North,Basic,,26.0,44,3.0,0.0,1
13315,Male,South,Plus,Paypal,35.0,131,2.0,214.65,1
13316,Female,East,Pro,E-wallet,27.0,106,2.0,178.23,1
13317,Female,North,Basic,E-wallet,26.0,33,3.0,11.68,1
13318,Male,North,Plus,Crypto,45.0,7,1.0,160.63,0
13319,Non-Binary,East,Pro,Credit card,41.0,31,2.0,128.63,1
13320,Female,West,Basic,Credit card,33.0,145,0.0,0.0,1
13321,Female,West,Basic,Crypto,35.0,167,1.0,49.97,1
13322,Male,East,Pro,E-wallet,,74,4.0,100.81,1
13323,Female,North,Pro,Crypto,,36,1.0,18.23,1
13324,Female,West,Basic,,26.0,35,1.0,0.0,1
13325,Female,East,Basic,E-wallet,42.0,9,2.0,113.32,1
13326,Female,South,Basic,E-wallet,37.0,69,2.0,48.0,1
13327,Non-Binary,North,Pro,Credit card,31.0,117,2.0,96.41,0
13328,Female,South,Basic,Paypal,29.0,161,0.0,,1
13329,Male,North,Basic,Credit card,42.0,94,3.0,94.66,1
13330,Female,West,Pro,E-wallet,32.0,71,2.0,36.36,1
13331,Female,South,Pro,Crypto,27.0,144,2.0,66.14,1
13332,Female,South,Pro,Crypto,30.0,122,0.0,76.99,0
13333,Male,East,Basic,E-wallet,41.0,60,3.0,50.28,1
13334,Male,West,Basic,Paypal,17.0,145,4.0,0.0,1
13335,Non-Binary,West,Basic,Credit card,,35,1.0,117.99,0
13336,Female,North,Plus,Credit card,44.0,160,2.0,79.6,1
13337,Unknown,East,Pro,E-wallet,32.0,150,0.0,21.14,1
13338,Female,East,Basic,E-wallet,36.0,37,3.0,13.04,1
13339,Female,North,Basic,Paypal,44.0,157,2.0,39.02,1
13340,Female,South,Pro,Credit card,42.0,143,4.0,179.44,0
13341,Non-Binary,North,Pro,Paypal,29.0,103,2.0,98.87,1
13342,Female,North,Basic,Credit card,32.0,91,2.0,43.45,0
13343,Female,North,Plus,Paypal,43.0,5,1.0,195.82,0
13344,Male,East,Pro,Paypal,43.0,132,2.0,88.27,1
13345,Female,North,Pro,Paypal,33.0,91,2.0,78.19,1
13346,Female,North,Plus,Crypto,33.0,0,1.0,140.0,1
13347,Male,North,Pro,Crypto,36.0,13,1.0,85.82,1
13348,Male,West,Pro,,47.0,82,2.0,140.66,1
13349,Male,South,Plus,Credit card,,30,4.0,149.36,1
13350,Male,South,Basic,Paypal,40.0,178,2.0,25.13,1
13351,Male,South,Basic,E-wallet,23.0,120,2.0,12.46,1
13352,Female,South,Plus,E-wallet,31.0,78,1.0,156.06,0
13353,Unknown,East,Pro,Credit card,31.0,146,3.0,104.23,1
13354,Female,East,Plus,Credit card,48.0,101,1.0,117.84,1
13355,Male,North,Basic,E-wallet,31.0,31,1.0,60.25,1
13356,Male,East,Pro,Paypal,46.0,56,0.0,92.28,1
13357,Female,South,Basic,Crypto,28.0,30,2.0,57.44,0
13358,Male,West,Pro,Credit card,29.0,57,3.0,113.07,0
13359,Non-Binary,North,Basic,Credit card,38.0,153,1.0,0.0,1
13360,Female,North,Basic,,49.0,47,3.0,15.35,1
13361,Female,South,Basic,,,122,0.0,0.0,1
13362,Male,South,Pro,Crypto,8.0,40,1.0,63.08,0
13363,Female,South,Basic,Paypal,18.0,152,1.0,17.65,0
13364,Male,East,Basic,Paypal,,174,0.0,99.14,1
13365,Unknown,North,Basic,,19.0,120,0.0,58.03,1
13366,Female,South,Basic,Credit card,,60,1.0,0.0,1
13367,Male,West,Plus,E-wallet,34.0,131,1.0,112.91,0
13368,Male,North,Basic,,9.0,158,5.0,124.54,1
13369,Male,North,Basic,Paypal,30.0,119,1.0,42.29,0
13370,Female,East,Plus,Crypto,22.0,95,1.0,,0
13371,Male,North,Pro,Paypal,19.0,111,1.0,,1
13372,Female,South,Pro,E-wallet,25.0,40,1.0,23.16,1
13373,Male,South,Pro,E-wallet,23.0,25,0.0,79.79,1
13374,Female,West,Plus,Credit card,38.0,18,1.0,166.62,0
13375,Non-Binary,North,Basic,Credit card,45.0,86,3.0,82.23,1
13376,Female,North,Plus,E-wallet,30.0,24,3.0,109.07,1
13377,Female,East,Plus,Paypal,28.0,46,4.0,136.62,1
13378,Male,South,Pro,Credit card,,7,2.0,98.65,1
13379,Male,West,Pro,Crypto,22.0,2,0.0,113.06,1
13380,Female,South,Pro,Crypto,,32,5.0,130.87,1
13381,Male,North,Basic,E-wallet,17.0,111,3.0,,1
13382,Female,North,Basic,Crypto,20.0,155,1.0,37.54,1
13383,Male,West,Plus,Crypto,50.0,21,2.0,179.73,0
13384,Male,North,Pro,Credit card,27.0,98,3.0,118.74,1
13385,Male,West,Basic,Credit card,,97,1.0,28.08,1
13386,Non-Binary,West,Pro,,28.0,29,1.0,104.71,0
13387,Male,South,Pro,Credit card,18.0,46,3.0,143.21,1
13388,Female,West,Basic,Paypal,34.0,163,2.0,24.11,1
13389,Male,North,Pro,Credit card,33.0,58,4.0,90.88,1
13390,Female,East,Pro,E-wallet,34.0,13,1.0,82.38,1
13391,Male,East,Basic,Paypal,,72,1.0,,1
13392,Non-Binary,North,Plus,E-wallet,30.0,104,2.0,106.84,1
13393,Non-Binary,East,Basic,Paypal,,13,1.0,16.46,1
13394,Male,East,Basic,Crypto,33.0,151,3.0,58.08,1
13395,Unknown,West,Basic,Paypal,44.0,48,2.0,55.78,0
13396,Unknown,East,Pro,Paypal,52.0,170,2.0,82.18,1
13397,Non-Binary,East,Basic,Paypal,31.0,2,3.0,30.26,0
13398,Non-Binary,East,Basic,Paypal,32.0,22,1.0,0.0,1
13399,Male,South,Plus,Paypal,39.0,147,2.0,204.12,1
13400,Female,North,Basic,Crypto,48.0,108,0.0,0.0,0
13401,Male,West,Pro,Paypal,29.0,142,0.0,32.49,1
13402,Male,East,Pro,E-wallet,40.0,42,2.0,85.17,1
13403,Unknown,North,Plus,Paypal,,70,4.0,182.86,0
13404,Male,East,Pro,Paypal,37.0,160,1.0,144.73,1
13405,Female,South,Basic,E-wallet,,54,3.0,68.9,0
13406,Non-Binary,South,Basic,Credit card,21.0,125,2.0,58.99,1
13407,Non-Binary,East,Plus,Credit card,,81,0.0,177.0,1
13408,Unknown,East,Plus,Crypto,43.0,40,3.0,50.63,1
13409,Male,East,Basic,Paypal,40.0,145,2.0,48.73,1
13410,Male,South,Pro,Paypal,44.0,130,1.0,128.55,0
13411,Female,South,Basic,,42.0,2,0.0,0.0,1
13412,Male,North,Plus,Paypal,30.0,99,0.0,167.67,1
13413,Male,West,Plus,Crypto,55.0,143,0.0,97.25,1
13414,Male,West,Plus,E-wallet,35.0,170,2.0,190.89,1
13415,Female,South,Plus,Paypal,3.0,22,0.0,121.95,1
13416,Female,West,Plus,E-wallet,31.0,142,1.0,255.06,1
13417,Male,East,Basic,Crypto,29.0,126,4.0,,1
13418,Female,North,Plus,Credit card,41.0,57,1.0,167.0,1
13419,Male,South,Pro,Crypto,,167,2.0,86.3,1
13420,Male,South,Plus,,44.0,117,1.0,191.67,0
13421,Female,West,Pro,Crypto,39.0,165,1.0,,1
13422,Female,East,Basic,Crypto,,116,1.0,,1
13423,Female,North,Pro,E-wallet,32.0,81,2.0,40.23,1
13424,Male,West,Pro,Crypto,26.0,101,3.0,116.5,0
13425,Non-Binary,South,Basic,Crypto,35.0,133,5.0,9.09,1
13426,Female,South,Basic,Crypto,,107,2.0,0.0,0
13427,Female,West,Pro,Crypto,34.0,45,1.0,80.65,1
13428,Female,East,Basic,E-wallet,31.0,5,0.0,14.43,0
13429,Non-Binary,North,Basic,Crypto,32.0,122,2.0,39.81,1
13430,Female,North,Basic,Credit card,54.0,91,1.0,19.31,1
13431,Female,North,Plus,Crypto,30.0,147,6.0,136.61,1
13432,Unknown,North,Pro,Crypto,14.0,18,0.0,105.32,1
13433,Female,East,Basic,Paypal,44.0,13,3.0,52.0,0
13434,Female,South,Pro,Paypal,44.0,64,0.0,17.28,0
13435,Female,South,Pro,Paypal,14.0,95,2.0,74.29,1
13436,Male,North,Basic,Crypto,26.0,156,4.0,36.95,1
13437,Male,North,Basic,Credit card,38.0,158,1.0,0.0,1
13438,Female,North,Pro,Credit card,39.0,152,2.0,102.8,0
13439,Unknown,West,Basic,Paypal,33.0,45,1.0,30.87,1
13440,Unknown,West,Pro,Paypal,34.0,179,7.0,78.14,1
13441,Male,South,Basic,Crypto,24.0,15,1.0,2.74,0
13442,Female,South,Basic,Credit card,10.0,107,0.0,14.13,1
13443,Male,North,Plus,,54.0,138,0.0,202.79,0
13444,Unknown,West,Basic,Paypal,24.0,17,3.0,84.91,0
13445,Unknown,East,Pro,Credit card,35.0,107,3.0,52.53,1
13446,Female,West,Basic,Paypal,32.0,68,2.0,23.01,1
13447,Non-Binary,South,Basic,Paypal,,119,1.0,0.0,1
13448,Female,West,Basic,E-wallet,,87,2.0,26.7,1
13449,Female,South,Basic,E-wallet,35.0,89,4.0,40.32,1
13450,Male,North,Basic,,7.0,15,2.0,32.59,1
13451,Female,East,Basic,Paypal,,101,-1.0,0.0,1
13452,Female,North,Pro,Crypto,41.0,133,1.0,133.83,1
13453,Female,North,Pro,E-wallet,40.0,179,2.0,65.72,1
13454,Male,East,Basic,Credit card,,124,1.0,0.0,1
13455,Unknown,East,Plus,E-wallet,18.0,119,5.0,126.27,1
13456,Male,East,Basic,E-wallet,,75,1.0,72.27,0
13457,Female,South,Basic,E-wallet,,72,2.0,58.44,1
13458,Female,North,Pro,,22.0,176,6.0,83.05,1
13459,Female,South,Basic,E-wallet,51.0,40,3.0,27.28,1
13460,Female,East,Basic,Paypal,48.0,105,6.0,,1
13461,Male,South,Basic,Paypal,,120,1.0,70.02,1
13462,Male,East,Plus,E-wallet,37.0,88,0.0,196.62,0
13463,Female,West,Pro,Crypto,14.0,117,1.0,136.94,1
13464,Female,East,Basic,Crypto,,155,3.0,38.11,1
13465,Male,North,Basic,Credit card,31.0,158,2.0,77.74,1
13466,Female,North,Plus,Credit card,,179,2.0,124.11,1
13467,Female,North,Pro,Paypal,30.0,65,2.0,87.67,0
13468,Female,South,Basic,,46.0,45,3.0,-10.0,1
13469,Non-Binary,North,Basic,E-wallet,28.0,107,2.0,59.23,1
13470,Male,East,Basic,Crypto,30.0,3,3.0,94.46,1
13471,Male,West,Pro,Paypal,41.0,149,1.0,60.45,0
13472,Female,North,Plus,Crypto,19.0,172,5.0,194.29,1
13473,Female,South,Basic,Credit card,25.0,155,1.0,0.0,1
13474,Female,West,Basic,Credit card,26.0,137,1.0,0.0,1
13475,Non-Binary,North,Plus,E-wallet,34.0,176,0.0,174.8,0
13476,Non-Binary,North,Pro,E-wallet,30.0,94,1.0,156.29,1
13477,Unknown,West,Pro,Paypal,,105,0.0,,1
13478,Female,North,Basic,Crypto,27.0,79,0.0,-10.0,1
13479,Female,South,Pro,Paypal,23.0,50,2.0,84.95,1
13480,Female,East,Pro,Paypal,40.0,170,2.0,40.37,1
13481,Male,East,Basic,Crypto,30.0,133,3.0,35.78,1
13482,Female,West,Plus,Paypal,40.0,120,2.0,,1
13483,Male,East,Plus,E-wallet,22.0,152,2.0,144.77,1
13484,Unknown,North,Pro,Crypto,27.0,3,3.0,94.93,1
13485,Female,North,Pro,Crypto,,151,0.0,57.45,1
13486,Female,South,Basic,Paypal,32.0,90,2.0,6.26,1
13487,Male,East,Basic,Crypto,41.0,53,0.0,0.0,1
13488,Male,West,Basic,E-wallet,29.0,2,3.0,0.0,1
13489,Male,North,Pro,E-wallet,41.0,174,1.0,155.17,1
13490,Female,West,Basic,,37.0,29,2.0,51.67,1
13491,Male,North,Plus,Credit card,32.0,75,2.0,86.91,1
13492,Female,North,Basic,Credit card,24.0,40,1.0,47.62,0
13493,Non-Binary,South,Pro,Credit card,41.0,105,0.0,104.62,1
13494,Non-Binary,East,Pro,Paypal,24.0,58,3.0,,0
13495,Female,South,Pro,Credit card,33.0,39,1.0,36.82,0
13496,Male,East,Plus,Credit card,33.0,44,2.0,183.14,0
13497,Non-Binary,West,Plus,Credit card,31.0,149,3.0,156.19,1
13498,Non-Binary,East,Basic,Credit card,30.0,14,4.0,40.18,0
13499,Male,West,Basic,,25.0,16,4.0,57.06,1
13500,Female,North,Basic,Credit card,17.0,107,1.0,0.0,1
13501,Male,West,Pro,Crypto,48.0,24,1.0,106.42,1
13502,Non-Binary,West,Basic,E-wallet,29.0,42,6.0,52.79,1
13503,Unknown,North,Pro,Crypto,32.0,178,1.0,95.7,1
13504,Male,West,Basic,Paypal,32.0,60,1.0,0.0,1
13505,Non-Binary,West,Pro,Paypal,44.0,172,1.0,79.42,1
13506,Female,North,Pro,Paypal,53.0,130,4.0,141.71,1
13507,Unknown,North,Pro,E-wallet,35.0,163,4.0,83.37,1
13508,Female,North,Pro,Credit card,,27,1.0,116.72,0
13509,Non-Binary,East,Basic,Paypal,22.0,106,3.0,50.71,1
13510,Male,North,Basic,Credit card,19.0,123,1.0,75.81,1
13511,Male,North,Pro,Paypal,16.0,172,3.0,150.3,1
13512,Male,West,Basic,E-wallet,26.0,83,3.0,0.0,1
13513,Unknown,South,Plus,Crypto,13.0,148,1.0,133.85,1
13514,Non-Binary,South,Plus,Crypto,44.0,26,0.0,161.72,0
13515,Non-Binary,East,Plus,E-wallet,,82,0.0,244.73,1
13516,Unknown,East,Basic,Credit card,,99,3.0,73.93,1
13517,Male,South,Pro,Paypal,45.0,75,1.0,106.91,0
13518,Male,South,Basic,Crypto,23.0,34,5.0,52.59,1
13519,Male,North,Basic,E-wallet,25.0,175,0.0,0.0,1
13520,Male,West,Basic,Credit card,14.0,96,1.0,52.38,1
13521,Male,North,Basic,Crypto,41.0,99,3.0,0.0,1
13522,Female,East,Basic,E-wallet,25.0,150,0.0,36.55,1
13523,Male,South,Basic,Paypal,34.0,12,2.0,49.9,1
13524,Male,East,Plus,E-wallet,44.0,157,3.0,196.8,1
13525,Male,North,Basic,Credit card,47.0,147,4.0,0.0,1
13526,Male,East,Plus,Crypto,,5,1.0,146.23,0
13527,Unknown,East,Basic,Paypal,37.0,146,1.0,0.0,0
13528,Female,West,Basic,Credit card,,73,2.0,83.29,1
13529,Unknown,East,Pro,E-wallet,50.0,9,0.0,154.48,0
13530,Female,North,Pro,Crypto,32.0,20,2.0,121.83,0
13531,Male,West,Basic,Crypto,34.0,126,3.0,0.0,1
13532,Female,East,Basic,,29.0,55,2.0,29.04,1
13533,Male,North,Basic,Paypal,45.0,56,4.0,52.53,0
13534,Male,South,Basic,Credit card,35.0,129,3.0,41.23,1
13535,Male,West,Pro,Crypto,41.0,38,1.0,106.74,1
13536,Male,East,Pro,Crypto,37.0,60,1.0,93.73,0
13537,Male,East,Basic,Crypto,31.0,172,0.0,41.04,1
13538,Male,West,Plus,Paypal,43.0,109,1.0,,0
13539,Female,North,Basic,Crypto,37.0,155,1.0,64.71,1
13540,Male,East,Pro,Crypto,24.0,145,2.0,14.72,1
13541,Male,North,Pro,Credit card,24.0,13,1.0,,1
13542,Non-Binary,West,Plus,Crypto,35.0,58,1.0,66.75,1
13543,Male,East,Basic,,43.0,108,0.0,77.83,1
13544,Male,South,Pro,Credit card,50.0,146,2.0,85.49,1
13545,Non-Binary,South,Basic,Crypto,16.0,40,0.0,14.71,1
13546,Male,South,Pro,Credit card,,139,3.0,132.14,1
13547,Male,West,Basic,,38.0,147,0.0,59.56,1
13548,Female,East,Basic,,36.0,161,2.0,11.55,1
13549,Male,West,Plus,Credit card,44.0,124,3.0,222.51,1
13550,Female,East,Basic,Credit card,40.0,35,0.0,30.23,1
13551,Non-Binary,South,Plus,Paypal,24.0,20,2.0,160.82,0
13552,Male,South,Plus,Crypto,23.0,55,1.0,173.0,1
13553,Female,North,Pro,Paypal,37.0,40,2.0,97.23,0
13554,Female,West,Basic,Crypto,43.0,126,6.0,36.18,1
13555,Male,West,Basic,Credit card,35.0,168,2.0,65.03,1
13556,Female,North,Plus,,,170,4.0,148.64,1
13557,Male,South,Basic,Credit card,23.0,105,7.0,66.47,1
13558,Female,South,Pro,Crypto,40.0,85,2.0,47.18,1
13559,Male,West,Pro,Credit card,30.0,37,1.0,90.07,1
13560,Female,East,Plus,Crypto,35.0,145,5.0,175.59,1
13561,Male,South,Pro,Crypto,44.0,7,3.0,,1
13562,Non-Binary,North,Pro,Crypto,21.0,147,3.0,76.94,1
13563,Male,North,Basic,Credit card,29.0,105,2.0,55.84,1
13564,Female,North,Basic,Crypto,28.0,145,0.0,0.0,1
13565,Female,West,Basic,Credit card,37.0,107,0.0,60.35,1
13566,Female,West,Plus,Paypal,41.0,129,2.0,181.65,1
13567,Female,West,Pro,Crypto,,169,3.0,81.01,1
13568,Female,West,Pro,E-wallet,33.0,63,4.0,68.0,1
13569,Female,North,Pro,E-wallet,42.0,43,3.0,,1
13570,Non-Binary,North,Pro,Credit card,,178,3.0,155.61,1
13571,Male,West,Basic,E-wallet,33.0,100,3.0,14.34,0
13572,Female,West,Basic,Credit card,21.0,105,0.0,0.0,0
13573,Non-Binary,North,Basic,Credit card,27.0,64,1.0,0.0,1
13574,Unknown,West,Pro,E-wallet,8.0,64,1.0,95.32,0
13575,Non-Binary,West,Basic,E-wallet,47.0,117,2.0,6.2,0
13576,Male,West,Pro,Paypal,30.0,123,2.0,27.31,1
13577,Male,West,Pro,Credit card,25.0,107,3.0,47.51,1
13578,Female,South,Basic,E-wallet,37.0,94,0.0,73.33,1
13579,Female,West,Basic,Paypal,23.0,166,0.0,66.43,1
13580,Female,North,Basic,Paypal,22.0,135,1.0,0.0,0
13581,Female,North,Basic,Credit card,49.0,66,0.0,0.0,1
13582,Non-Binary,North,Pro,Crypto,52.0,110,2.0,-10.0,1
13583,Male,North,Basic,E-wallet,28.0,75,1.0,,1
13584,Non-Binary,West,Plus,E-wallet,44.0,48,3.0,139.43,1
13585,Female,South,Pro,E-wallet,37.0,163,1.0,84.96,1
13586,Male,East,Basic,E-wallet,19.0,6,2.0,0.0,0
13587,Female,East,Pro,E-wallet,24.0,14,2.0,97.14,1
13588,Female,East,Pro,,49.0,84,1.0,30.89,1
13589,Male,East,Pro,Paypal,,152,0.0,61.57,1
13590,Male,North,Basic,Credit card,56.0,37,5.0,113.22,1
13591,Unknown,West,Basic,Paypal,28.0,36,2.0,17.03,0
13592,Male,West,Basic,E-wallet,49.0,121,3.0,26.35,1
13593,Female,East,Basic,Credit card,30.0,15,0.0,0.0,1
13594,Female,East,Pro,E-wallet,41.0,0,0.0,,1
13595,Female,South,Pro,Credit card,47.0,174,3.0,126.16,1
13596,Female,South,Plus,Paypal,,179,2.0,196.21,1
13597,Male,South,Basic,Credit card,28.0,36,2.0,,1
13598,Female,North,Basic,Paypal,25.0,44,2.0,27.69,1
13599,Male,West,Pro,E-wallet,33.0,141,1.0,92.62,1
13600,Female,North,Basic,Credit card,20.0,161,1.0,91.97,1
13601,Male,North,Basic,Crypto,36.0,158,3.0,61.16,1
13602,Female,West,Pro,Crypto,25.0,82,0.0,117.18,0
13603,Male,South,Basic,Paypal,44.0,171,5.0,34.91,1
13604,Male,West,Pro,Paypal,28.0,22,1.0,34.58,0
13605,Male,East,Basic,Paypal,,93,2.0,3.46,0
13606,Male,South,Pro,Paypal,48.0,80,3.0,0.0,1
13607,Non-Binary,West,Plus,E-wallet,35.0,65,0.0,144.42,0
13608,Male,North,Basic,,34.0,138,2.0,0.0,1
13609,Unknown,West,Plus,Paypal,,176,1.0,239.31,1
13610,Unknown,South,Pro,Credit card,42.0,57,1.0,93.09,1
13611,Female,East,Plus,Credit card,26.0,28,1.0,234.48,0
13612,Male,North,Basic,E-wallet,29.0,82,2.0,0.0,1
13613,Male,East,Pro,Paypal,22.0,178,3.0,132.52,1
13614,Female,East,Basic,Credit card,19.0,128,1.0,47.85,1
13615,Male,North,Pro,Paypal,39.0,132,1.0,125.41,1
13616,Male,West,Pro,Credit card,37.0,114,2.0,75.77,1
13617,Female,West,Basic,E-wallet,41.0,33,4.0,25.59,1
13618,Non-Binary,East,Plus,Credit card,46.0,124,1.0,182.77,1
13619,Female,West,Basic,Paypal,41.0,77,2.0,36.64,1
13620,Male,South,Basic,Paypal,42.0,18,0.0,10.57,0
13621,Female,East,Pro,E-wallet,13.0,87,1.0,30.22,1
13622,Male,East,Pro,Crypto,30.0,167,1.0,145.24,0
13623,Male,East,Basic,Paypal,43.0,80,4.0,,1
13624,Non-Binary,South,Basic,Crypto,22.0,94,1.0,45.41,1
13625,Male,East,Plus,Paypal,34.0,71,1.0,163.87,1
13626,Male,West,Pro,E-wallet,39.0,144,3.0,0.0,1
13627,Male,West,Basic,Credit card,38.0,37,3.0,38.7,1
13628,Non-Binary,West,Basic,Crypto,37.0,170,3.0,30.03,1
13629,Female,West,Plus,Credit card,39.0,39,3.0,163.13,0
13630,Female,East,Pro,E-wallet,35.0,172,0.0,106.13,1
13631,Female,South,Plus,E-wallet,19.0,167,1.0,100.09,1
13632,Male,North,Basic,E-wallet,39.0,119,2.0,59.38,1
13633,Female,West,Pro,,,87,1.0,54.12,0
13634,Male,North,Pro,Paypal,19.0,89,1.0,68.2,0
13635,Male,North,Basic,Paypal,47.0,29,4.0,27.4,1
13636,Female,East,Pro,Paypal,39.0,162,3.0,136.5,1
13637,Unknown,West,Pro,Crypto,20.0,171,1.0,80.0,1
13638,Male,West,Basic,E-wallet,25.0,131,0.0,0.0,1
13639,Male,West,Plus,Crypto,28.0,132,0.0,211.3,0
13640,Male,North,Plus,Paypal,28.0,175,1.0,116.95,1
13641,Male,West,Plus,Credit card,,65,0.0,139.51,1
13642,Unknown,West,Plus,Crypto,24.0,94,1.0,213.11,1
13643,Female,South,Basic,Credit card,45.0,26,1.0,53.08,0
13644,Female,East,Basic,Paypal,44.0,151,3.0,3.09,0
13645,Female,West,Plus,Crypto,40.0,55,0.0,118.96,1
13646,Male,West,Basic,Crypto,34.0,44,2.0,,1
13647,Female,East,Basic,Crypto,43.0,67,1.0,,0
13648,Female,East,Pro,Credit card,31.0,155,1.0,138.34,1
13649,Female,North,Basic,Paypal,26.0,4,2.0,39.64,0
13650,Unknown,North,Pro,E-wallet,45.0,107,2.0,53.71,1
13651,Female,North,Basic,E-wallet,37.0,46,2.0,53.1,0
13652,Male,East,Basic,Paypal,27.0,132,2.0,114.23,1
13653,Non-Binary,South,Plus,Crypto,,4,0.0,186.72,0
13654,Male,West,Pro,E-wallet,26.0,175,1.0,75.24,1
13655,Male,East,Pro,Crypto,54.0,120,3.0,107.84,1
13656,Male,South,Pro,Paypal,34.0,72,0.0,,1
13657,Male,East,Plus,Credit card,35.0,46,5.0,208.93,1
13658,Female,South,Pro,Crypto,41.0,154,2.0,82.29,1
13659,Female,East,Pro,Credit card,21.0,3,0.0,87.66,0
13660,Unknown,East,Plus,Credit card,44.0,176,2.0,181.45,1
13661,Female,South,Basic,,27.0,90,1.0,29.5,1
13662,Female,South,Plus,Paypal,52.0,64,0.0,134.22,1
13663,Male,South,Basic,Credit card,,95,3.0,73.56,1
13664,Male,South,Pro,Credit card,44.0,79,0.0,104.96,0
13665,Female,South,Basic,E-wallet,9.0,86,2.0,74.23,1
13666,Female,South,Pro,E-wallet,22.0,60,1.0,37.52,0
13667,Non-Binary,South,Pro,Paypal,31.0,147,3.0,-10.0,1
13668,Male,South,Plus,Crypto,13.0,99,2.0,143.66,1
13669,Male,East,Plus,Credit card,,118,3.0,139.38,1
13670,Female,South,Plus,Crypto,37.0,108,2.0,150.0,0
13671,Male,South,Basic,Credit card,24.0,135,2.0,0.0,1
13672,Male,East,Plus,Paypal,33.0,81,1.0,217.27,1
13673,Female,East,Basic,Crypto,42.0,12,4.0,,1
13674,Male,North,Plus,Paypal,12.0,164,1.0,144.09,1
13675,Female,North,Basic,Credit card,21.0,42,5.0,32.4,1
13676,Male,South,Pro,Paypal,30.0,91,3.0,129.58,1
13677,Male,South,Plus,Crypto,34.0,177,1.0,84.43,1
13678,Male,North,Plus,E-wallet,33.0,19,2.0,181.99,1
13679,Non-Binary,North,Pro,Paypal,42.0,47,1.0,49.04,1
13680,Male,West,Pro,Crypto,38.0,99,0.0,39.4,1
13681,Female,West,Basic,Paypal,40.0,18,0.0,2.39,1
13682,Male,South,Pro,Paypal,20.0,68,1.0,54.06,1
13683,Female,West,Pro,,35.0,16,0.0,100.96,1
13684,Male,North,Basic,Crypto,30.0,155,1.0,0.0,1
13685,Female,South,Basic,Crypto,48.0,35,3.0,0.0,0
13686,Female,East,Basic,Crypto,35.0,165,2.0,73.16,1
13687,Unknown,East,Pro,Credit card,27.0,81,1.0,134.3,0
13688,Male,North,Basic,Paypal,42.0,69,2.0,8.33,1
13689,Male,West,Basic,E-wallet,39.0,115,2.0,0.0,1
13690,Male,East,Basic,Crypto,25.0,153,3.0,3.36,1
13691,Non-Binary,West,Pro,E-wallet,30.0,0,1.0,95.26,1
13692,Female,East,Pro,Credit card,30.0,80,4.0,111.02,1
13693,Female,West,Pro,Credit card,46.0,129,1.0,87.07,0
13694,Male,East,Pro,,36.0,163,0.0,101.22,0
13695,Male,East,Basic,Crypto,41.0,34,2.0,48.52,1
13696,Male,South,Basic,E-wallet,29.0,126,1.0,,1
13697,Unknown,South,Plus,Crypto,37.0,26,2.0,172.93,1
13698,Female,North,Basic,Crypto,47.0,45,1.0,127.1,0
13699,Unknown,East,Basic,Credit card,30.0,147,0.0,5.58,1
13700,Male,West,Pro,E-wallet,35.0,7,2.0,30.49,1
13701,Female,East,Basic,Credit card,,92,0.0,105.52,1
13702,Female,West,Plus,Paypal,26.0,71,0.0,232.92,1
13703,Male,West,Basic,Credit card,30.0,113,2.0,105.65,1
13704,Non-Binary,East,Pro,Crypto,23.0,90,3.0,67.21,1
13705,Unknown,West,Basic,E-wallet,47.0,25,3.0,60.19,1
13706,Non-Binary,North,Basic,Paypal,25.0,102,0.0,52.12,1
13707,Female,South,Basic,Paypal,41.0,61,1.0,0.0,1
13708,Male,West,Plus,Paypal,35.0,93,0.0,141.37,1
13709,Male,East,Plus,Paypal,,160,0.0,133.0,0
13710,Unknown,South,Basic,E-wallet,48.0,60,2.0,10.76,1
13711,Male,North,Plus,Crypto,11.0,147,2.0,193.4,1
13712,Female,West,Pro,,32.0,67,2.0,53.57,1
13713,Female,West,Plus,Crypto,23.0,28,1.0,149.69,0
13714,Female,South,Plus,Credit card,14.0,45,3.0,188.24,1
13715,Unknown,West,Basic,Crypto,22.0,164,2.0,0.0,0
13716,Male,East,Pro,Paypal,34.0,100,2.0,43.57,1
13717,Male,South,Pro,Credit card,,89,2.0,60.69,1
13718,Male,South,Basic,Credit card,42.0,132,4.0,31.84,1
13719,Female,West,Basic,Credit card,31.0,87,2.0,61.35,0
13720,Male,North,Plus,,30.0,126,4.0,165.57,1
13721,Male,North,Plus,Crypto,30.0,106,0.0,59.35,1
13722,Non-Binary,North,Pro,E-wallet,33.0,65,3.0,77.52,0
13723,Unknown,North,Plus,Crypto,29.0,142,2.0,162.3,1
13724,Male,South,Plus,Paypal,25.0,45,1.0,137.86,1
13725,Male,South,Basic,Paypal,43.0,7,1.0,25.3,0
13726,Unknown,West,Basic,Credit card,27.0,164,1.0,0.0,1
13727,Male,North,Basic,Crypto,30.0,100,1.0,0.0,0
13728,Male,North,Basic,Paypal,38.0,141,3.0,0.0,1
13729,Male,West,Basic,Paypal,,132,2.0,,1
13730,Female,West,Pro,E-wallet,25.0,72,0.0,55.44,0
13731,Male,West,Plus,Crypto,41.0,122,2.0,195.11,1
13732,Unknown,East,Plus,Credit card,39.0,42,2.0,182.07,1
13733,Female,West,Pro,Credit card,35.0,176,0.0,122.46,0
13734,Female,West,Plus,Credit card,29.0,122,4.0,162.48,1
13735,Male,East,Pro,Crypto,29.0,171,1.0,59.27,1
13736,Female,North,Plus,Paypal,31.0,47,2.0,151.6,0
13737,Female,South,Basic,Paypal,21.0,157,3.0,25.01,1
13738,Female,North,Basic,,33.0,160,1.0,55.52,1
13739,Female,South,Plus,E-wallet,42.0,164,1.0,145.63,1
13740,Female,South,Basic,Paypal,42.0,177,2.0,21.28,1
13741,Unknown,West,Pro,Paypal,30.0,6,4.0,66.35,0
13742,Non-Binary,West,Basic,Crypto,44.0,170,4.0,54.93,1
13743,Female,East,Pro,E-wallet,53.0,39,1.0,174.06,0
13744,Male,North,Plus,Credit card,30.0,31,1.0,194.41,0
13745,Male,North,Basic,Credit card,40.0,104,0.0,24.56,0
13746,Male,South,Plus,Credit card,11.0,93,5.0,183.4,1
13747,Female,West,Basic,,21.0,110,0.0,0.0,1
13748,Female,West,Basic,Paypal,34.0,88,2.0,30.55,1
13749,Female,North,Basic,Paypal,23.0,76,4.0,21.28,1
13750,Non-Binary,East,Pro,Crypto,54.0,8,2.0,,0
13751,Non-Binary,West,Basic,Credit card,39.0,136,2.0,63.03,1
13752,Unknown,East,Pro,Paypal,43.0,63,2.0,46.72,1
13753,Male,North,Basic,,33.0,172,6.0,81.66,1
13754,Female,North,Basic,Paypal,23.0,90,2.0,59.05,1
13755,Male,East,Pro,Credit card,28.0,94,4.0,116.39,1
13756,Male,West,Basic,Paypal,36.0,92,1.0,30.38,1
13757,Male,North,Basic,,27.0,93,0.0,,1
13758,Male,South,Basic,Credit card,40.0,165,4.0,26.38,1
13759,Female,North,Pro,Credit card,41.0,173,1.0,75.83,1
13760,Non-Binary,West,Pro,E-wallet,34.0,123,3.0,85.92,1
13761,Male,South,Basic,Crypto,15.0,69,1.0,44.54,1
13762,Female,North,Basic,Crypto,51.0,102,1.0,81.1,1
13763,Female,West,Basic,Credit card,31.0,63,2.0,6.39,1
13764,Male,West,Basic,Credit card,61.0,94,1.0,36.39,1
13765,Female,North,Plus,Credit card,40.0,162,3.0,110.48,1
13766,Male,West,Pro,E-wallet,31.0,11,0.0,98.28,0
13767,Female,East,Pro,Paypal,38.0,47,0.0,18.56,0
13768,Female,South,Basic,E-wallet,13.0,62,1.0,0.0,0
13769,Male,East,Pro,Paypal,44.0,172,2.0,71.76,1
13770,Male,North,Plus,Paypal,59.0,5,2.0,96.52,0
13771,Female,East,Pro,Crypto,13.0,44,2.0,54.22,1
13772,Unknown,North,Pro,E-wallet,31.0,89,5.0,115.22,1
13773,Male,North,Pro,E-wallet,32.0,100,1.0,0.0,1
13774,Female,West,Pro,Credit card,42.0,159,3.0,91.51,1
13775,Female,West,Basic,E-wallet,55.0,103,2.0,,1
13776,Unknown,North,Pro,Paypal,37.0,130,3.0,161.59,0
13777,Non-Binary,South,Basic,Paypal,,126,1.0,0.0,1
13778,Female,South,Pro,E-wallet,35.0,129,3.0,85.67,1
13779,Female,South,Plus,Crypto,38.0,19,3.0,212.63,1
13780,Non-Binary,East,Plus,Crypto,37.0,38,2.0,125.36,0
13781,Male,North,Basic,Credit card,46.0,139,4.0,42.59,1
13782,Male,West,Basic,Credit card,29.0,35,1.0,75.52,1
13783,Male,East,Basic,Paypal,,91,1.0,78.23,1
13784,Non-Binary,East,Pro,E-wallet,21.0,8,1.0,82.22,0
13785,Non-Binary,West,Plus,Paypal,31.0,43,1.0,153.59,0
13786,Male,North,Pro,Paypal,27.0,74,1.0,68.9,1
13787,Female,East,Basic,E-wallet,34.0,52,2.0,28.34,1
13788,Female,North,Plus,Paypal,30.0,29,2.0,230.3,0
13789,Male,North,Plus,Paypal,45.0,114,4.0,175.23,1
13790,Unknown,North,Basic,Crypto,25.0,65,2.0,0.0,1
13791,Male,West,Pro,Credit card,16.0,37,3.0,73.4,1
13792,Male,North,Pro,,20.0,37,4.0,173.52,0
13793,Female,East,Pro,Credit card,43.0,160,2.0,97.96,1
13794,Female,West,Plus,Credit card,24.0,54,3.0,142.78,1
13795,Male,West,Basic,Credit card,37.0,75,3.0,0.0,1
13796,Female,East,Pro,Crypto,,115,1.0,138.16,1
13797,Female,West,Pro,E-wallet,42.0,84,2.0,189.43,0
13798,Male,East,Plus,Paypal,31.0,22,3.0,197.62,1
13799,Male,South,Plus,E-wallet,61.0,141,2.0,159.9,1
13800,Female,East,Plus,E-wallet,52.0,95,2.0,132.69,0
13801,Male,West,Pro,Credit card,30.0,48,2.0,82.75,1
13802,Unknown,East,Plus,Credit card,29.0,112,3.0,148.52,1
13803,Non-Binary,South,Basic,Crypto,65.0,113,1.0,64.06,0
13804,Unknown,North,Basic,Crypto,23.0,44,3.0,58.03,1
13805,Male,North,Basic,Paypal,33.0,154,1.0,41.98,1
13806,Unknown,North,Plus,E-wallet,,95,3.0,176.55,1
13807,Female,West,Plus,E-wallet,33.0,48,0.0,125.7,1
13808,Male,South,Basic,Paypal,16.0,1,1.0,96.92,1
13809,Male,East,Basic,Credit card,38.0,102,0.0,0.0,0
13810,Male,East,Plus,Crypto,24.0,58,3.0,135.82,0
13811,Female,East,Pro,Paypal,48.0,59,2.0,117.85,1
13812,Female,East,Plus,E-wallet,19.0,21,2.0,146.24,1
13813,Male,West,Basic,Paypal,34.0,88,4.0,32.37,1
13814,Female,West,Basic,Paypal,11.0,105,3.0,25.35,1
13815,Male,South,Basic,E-wallet,12.0,173,3.0,54.23,1
13816,Female,East,Basic,E-wallet,25.0,52,3.0,0.0,1
13817,Male,North,Basic,Crypto,27.0,18,1.0,55.96,1
13818,Non-Binary,West,Basic,Crypto,48.0,48,3.0,0.0,1
13819,Non-Binary,South,Basic,E-wallet,33.0,16,5.0,115.64,1
13820,Female,South,Basic,Crypto,46.0,126,2.0,1.88,1
13821,Male,West,Plus,Crypto,30.0,154,1.0,154.26,1
13822,Male,North,Basic,Crypto,40.0,18,3.0,0.0,1
13823,Non-Binary,North,Basic,E-wallet,26.0,29,2.0,0.0,1
13824,Male,East,Plus,Credit card,26.0,77,1.0,83.1,1
13825,Male,West,Pro,Credit card,15.0,173,1.0,54.2,1
13826,Male,North,Pro,Crypto,37.0,105,1.0,,0
13827,Female,West,Pro,Credit card,,63,1.0,134.14,0
13828,Female,South,Plus,Crypto,41.0,31,1.0,208.49,0
13829,Non-Binary,South,Plus,Credit card,,150,0.0,180.85,1
13830,Male,South,Pro,Credit card,54.0,35,2.0,21.32,1
13831,Male,West,Plus,Paypal,35.0,9,1.0,161.77,1
13832,Non-Binary,East,Pro,,43.0,58,2.0,107.05,1
13833,Non-Binary,East,Basic,Credit card,30.0,101,2.0,0.0,1
13834,Male,North,Plus,,24.0,117,4.0,115.83,0
13835,Female,West,Pro,Paypal,41.0,156,1.0,,1
13836,Male,East,Plus,Credit card,33.0,10,3.0,211.26,1
13837,Unknown,West,Basic,Paypal,42.0,165,-1.0,60.34,1
13838,Male,East,Basic,,37.0,78,5.0,0.0,1
13839,Unknown,South,Plus,Paypal,26.0,159,2.0,176.46,1
13840,Female,South,Basic,Paypal,44.0,90,2.0,56.39,1
13841,Female,North,Plus,E-wallet,25.0,101,2.0,150.04,0
13842,Male,South,Plus,Crypto,40.0,179,1.0,133.99,1
13843,Female,East,Plus,E-wallet,46.0,128,1.0,146.64,1
13844,Female,North,Pro,Crypto,30.0,13,1.0,136.12,0
13845,Male,North,Pro,Credit card,45.0,130,2.0,81.46,1
13846,Female,South,Plus,Crypto,37.0,29,1.0,195.57,1
13847,Unknown,West,Pro,E-wallet,42.0,158,2.0,80.06,1
13848,Female,South,Pro,Crypto,25.0,128,0.0,112.38,0
13849,Female,South,Plus,E-wallet,36.0,173,2.0,255.39,1
13850,Male,North,Pro,,19.0,141,4.0,11.25,1
13851,Female,South,Plus,Credit card,51.0,163,3.0,142.23,1
13852,Male,East,Basic,Credit card,13.0,173,3.0,56.83,1
13853,Female,North,Basic,Crypto,30.0,163,1.0,0.0,1
13854,Unknown,South,Basic,Crypto,24.0,170,2.0,59.27,1
13855,Female,West,Basic,Credit card,40.0,104,4.0,76.48,1
13856,Male,East,Pro,Crypto,53.0,42,2.0,19.1,1
13857,Male,West,Basic,Paypal,40.0,142,0.0,79.94,1
13858,Female,East,Plus,Credit card,63.0,37,1.0,124.31,0
13859,Female,West,Basic,Credit card,20.0,88,5.0,95.08,1
13860,Non-Binary,South,Basic,E-wallet,20.0,43,2.0,,1
13861,Non-Binary,East,Basic,E-wallet,25.0,108,3.0,54.1,1
13862,Female,North,Pro,Paypal,35.0,54,2.0,37.44,1
13863,Male,North,Basic,Crypto,23.0,54,1.0,0.0,1
13864,Male,West,Basic,Paypal,26.0,77,2.0,0.0,1
13865,Male,West,Pro,Crypto,40.0,106,1.0,74.7,1
13866,Male,West,Basic,E-wallet,21.0,56,1.0,21.31,1
13867,Female,East,Basic,Crypto,22.0,129,2.0,85.75,0
13868,Female,North,Pro,,30.0,123,1.0,62.48,1
13869,Female,South,Basic,,30.0,161,1.0,14.68,1
13870,Male,East,Basic,Credit card,44.0,48,1.0,42.99,1
13871,Male,West,Basic,Crypto,24.0,63,3.0,62.54,1
13872,Male,North,Basic,E-wallet,,86,4.0,17.62,1
13873,Male,West,Pro,Paypal,39.0,135,2.0,132.55,1
13874,Non-Binary,South,Basic,E-wallet,42.0,68,2.0,11.13,1
13875,Male,South,Plus,E-wallet,,170,0.0,129.79,1
13876,Female,North,Plus,E-wallet,38.0,61,3.0,185.04,1
13877,Male,East,Basic,Credit card,35.0,120,2.0,0.0,1
13878,Non-Binary,South,Plus,E-wallet,,51,1.0,181.79,1
13879,Female,South,Basic,Crypto,31.0,32,0.0,47.52,0
13880,Male,South,Basic,Credit card,,19,2.0,49.11,1
13881,Female,South,Basic,Credit card,16.0,111,2.0,34.47,1
13882,Female,West,Basic,Credit card,42.0,36,2.0,84.91,0
13883,Unknown,West,Pro,E-wallet,36.0,105,1.0,109.6,1
13884,Male,East,Basic,Paypal,41.0,104,1.0,62.42,0
13885,Non-Binary,North,Plus,E-wallet,5.0,50,1.0,221.81,0
13886,Unknown,North,Pro,E-wallet,33.0,28,5.0,90.61,1
13887,Unknown,North,Basic,Paypal,25.0,136,4.0,81.36,1
13888,Female,South,Pro,E-wallet,49.0,85,2.0,62.4,1
13889,Female,West,Plus,Crypto,40.0,39,2.0,199.22,0
13890,Female,West,Basic,Paypal,,170,1.0,,1
13891,Female,East,Basic,Crypto,29.0,99,2.0,20.15,1
13892,Female,North,Basic,Crypto,37.0,22,3.0,64.75,0
13893,Female,West,Basic,Credit card,24.0,102,1.0,0.0,1
13894,Female,East,Pro,Credit card,33.0,7,2.0,46.02,0
13895,Female,North,Basic,Paypal,28.0,73,0.0,15.62,0
13896,Non-Binary,South,Pro,,56.0,63,1.0,79.44,1
13897,Male,West,Pro,Crypto,,150,3.0,83.61,1
13898,Non-Binary,West,Pro,E-wallet,,92,1.0,127.26,1
13899,Female,North,Basic,,19.0,119,3.0,15.88,1
13900,Non-Binary,South,Basic,,42.0,108,1.0,78.73,1
13901,Female,South,Basic,Credit card,35.0,95,0.0,47.96,1
13902,Male,West,Basic,Credit card,,141,0.0,26.63,1
13903,Unknown,North,Plus,Paypal,37.0,79,0.0,121.96,0
13904,Male,East,Basic,Crypto,33.0,102,1.0,,1
13905,Non-Binary,West,Basic,E-wallet,36.0,16,0.0,34.88,1
13906,Female,South,Basic,Crypto,15.0,19,0.0,0.0,0
13907,Female,East,Plus,E-wallet,26.0,114,1.0,223.94,0
13908,Male,North,Pro,E-wallet,37.0,11,1.0,-10.0,1
13909,Female,South,Pro,E-wallet,45.0,123,4.0,67.37,1
13910,Male,East,Basic,Crypto,28.0,121,3.0,0.0,1
13911,Male,West,Basic,Credit card,33.0,71,2.0,0.0,1
13912,Male,South,Pro,Paypal,17.0,168,1.0,62.98,1
13913,Male,North,Plus,Paypal,,84,3.0,149.26,1
13914,Unknown,South,Pro,Credit card,45.0,159,3.0,13.47,1
13915,Unknown,West,Pro,Paypal,40.0,164,4.0,62.95,1
13916,Male,North,Basic,E-wallet,38.0,109,-1.0,14.23,1
13917,Female,West,Basic,Paypal,49.0,17,2.0,68.17,0
13918,Male,East,Plus,,25.0,28,3.0,170.77,1
13919,Female,South,Basic,Credit card,24.0,134,4.0,7.42,1
13920,Non-Binary,West,Plus,Credit card,44.0,39,4.0,137.8,0
13921,Unknown,East,Basic,Credit card,43.0,100,0.0,0.0,1
13922,Female,North,Basic,Credit card,22.0,119,3.0,71.72,1
13923,Female,North,Pro,Crypto,28.0,133,4.0,83.77,1
13924,Male,East,Basic,E-wallet,50.0,147,2.0,27.16,1
13925,Unknown,East,Basic,E-wallet,38.0,54,1.0,4.26,1
13926,Male,North,Basic,E-wallet,41.0,72,1.0,0.0,1
13927,Female,West,Pro,Paypal,22.0,87,3.0,107.22,0
13928,Female,East,Basic,E-wallet,40.0,124,1.0,70.31,1
13929,Female,West,Basic,Paypal,19.0,160,2.0,3.63,1
13930,Male,North,Pro,Crypto,,21,0.0,21.41,1
13931,Unknown,West,Basic,Paypal,41.0,49,1.0,40.84,0
13932,Male,West,Plus,E-wallet,48.0,26,2.0,102.16,0
13933,Female,East,Basic,Credit card,31.0,47,1.0,67.1,1
13934,Male,West,Pro,Crypto,28.0,65,2.0,44.72,1
13935,Male,West,Basic,E-wallet,51.0,140,1.0,64.91,0
13936,Female,West,Pro,E-wallet,32.0,129,3.0,75.59,1
13937,Female,North,Pro,E-wallet,33.0,45,0.0,128.91,1
13938,Male,North,Plus,Crypto,50.0,70,4.0,111.61,1
13939,Male,South,Basic,,30.0,127,3.0,0.0,1
13940,Female,North,Basic,Credit card,27.0,10,2.0,34.25,0
13941,Female,North,Pro,Credit card,42.0,25,1.0,,1
13942,Non-Binary,South,Basic,E-wallet,26.0,48,3.0,49.8,1
13943,Male,South,Basic,Paypal,32.0,62,4.0,25.18,1
13944,Male,East,Plus,E-wallet,20.0,20,5.0,175.17,0
13945,Male,East,Basic,Credit card,,176,4.0,0.0,1
13946,Male,North,Plus,Crypto,34.0,78,0.0,177.69,0
13947,Female,West,Basic,Paypal,43.0,79,4.0,30.8,1
13948,Female,East,Pro,Paypal,42.0,8,2.0,64.01,0
13949,Male,East,Pro,E-wallet,39.0,148,2.0,21.86,1
13950,Male,North,Pro,Crypto,37.0,115,2.0,,1
13951,Male,West,Plus,Paypal,,119,1.0,129.24,1
13952,Non-Binary,South,Basic,Credit card,40.0,54,0.0,0.0,1
13953,Unknown,South,Plus,E-wallet,22.0,40,0.0,239.68,1
13954,Male,North,Pro,E-wallet,10.0,5,2.0,95.74,1
13955,Male,North,Basic,Credit card,45.0,0,2.0,0.0,1
13956,Non-Binary,West,Plus,Credit card,40.0,94,1.0,198.43,0
13957,Unknown,North,Basic,Credit card,32.0,132,1.0,28.08,1
13958,Female,North,Plus,Paypal,44.0,25,2.0,206.48,1
13959,Male,North,Basic,Crypto,26.0,0,3.0,0.0,1
13960,Male,West,Plus,Paypal,26.0,0,2.0,170.76,1
13961,Female,North,Pro,,25.0,92,6.0,63.64,1
13962,Male,East,Basic,E-wallet,39.0,37,2.0,24.43,1
13963,Male,West,Pro,Crypto,18.0,40,1.0,146.68,1
13964,Female,East,Basic,Credit card,26.0,155,4.0,,1
13965,Male,West,Basic,Paypal,,132,7.0,0.0,1
13966,Female,East,Basic,Credit card,21.0,148,4.0,49.74,1
13967,Male,West,Basic,E-wallet,27.0,62,1.0,0.0,1
13968,Male,South,Basic,,11.0,85,0.0,5.38,1
13969,Female,North,Pro,,40.0,83,0.0,63.61,0
13970,Male,North,Basic,,27.0,139,2.0,39.27,1
13971,Unknown,West,Pro,Paypal,23.0,133,2.0,87.27,1
13972,Female,East,Basic,,21.0,156,1.0,10.0,1
13973,Male,South,Pro,Crypto,29.0,108,5.0,76.49,1
13974,Female,East,Pro,E-wallet,18.0,103,0.0,151.32,0
13975,Male,North,Basic,Credit card,53.0,34,0.0,29.52,0
13976,Unknown,North,Plus,E-wallet,10.0,74,3.0,87.26,1
13977,Male,East,Pro,Paypal,29.0,124,5.0,34.34,1
13978,Female,West,Pro,E-wallet,35.0,51,1.0,44.8,1
13979,Male,West,Basic,E-wallet,26.0,32,0.0,115.29,1
13980,Female,East,Basic,E-wallet,36.0,152,3.0,0.0,1
13981,Non-Binary,North,Plus,Paypal,26.0,13,2.0,122.86,0
13982,Non-Binary,East,Plus,Crypto,49.0,52,4.0,167.46,1
13983,Male,North,Basic,,22.0,60,2.0,89.91,1
13984,Male,East,Basic,Crypto,10.0,12,2.0,16.28,1
13985,Non-Binary,West,Pro,Credit card,21.0,14,2.0,,1
13986,Unknown,South,Pro,Credit card,37.0,54,4.0,139.52,1
13987,Male,North,Plus,Paypal,32.0,46,1.0,162.57,0
13988,Female,South,Basic,Crypto,41.0,172,2.0,38.65,1
13989,Male,West,Basic,E-wallet,39.0,96,1.0,64.75,1
13990,Non-Binary,East,Basic,Crypto,27.0,74,2.0,34.9,1
13991,Male,West,Basic,Credit card,29.0,14,1.0,58.88,1
13992,Male,South,Basic,Paypal,30.0,20,3.0,11.93,1
13993,Female,West,Plus,Crypto,52.0,35,1.0,135.31,0
13994,Male,West,Pro,Credit card,40.0,152,4.0,97.76,1
13995,Female,East,Plus,Credit card,52.0,43,2.0,198.0,0
13996,Female,South,Basic,E-wallet,42.0,128,0.0,18.6,1
13997,Male,South,Basic,Crypto,33.0,41,2.0,6.08,1
13998,Male,South,Basic,E-wallet,23.0,32,3.0,98.41,1
13999,Female,North,Basic,Crypto,36.0,102,2.0,,1
14000,Male,West,Plus,Paypal,33.0,159,4.0,166.42,1
14001,Female,South,Basic,Crypto,33.0,152,8.0,0.0,1
14002,Non-Binary,West,Basic,E-wallet,31.0,39,1.0,49.97,1
14003,Female,East,Basic,,13.0,96,3.0,0.0,1
14004,Male,East,Basic,Credit card,46.0,114,3.0,64.78,1
14005,Male,North,Pro,Crypto,,101,0.0,146.21,1
14006,Male,North,Basic,Crypto,19.0,63,2.0,80.39,1
14007,Male,East,Pro,Paypal,,146,2.0,138.18,1
14008,Female,South,Pro,Credit card,25.0,27,0.0,54.4,1
14009,Female,East,Basic,E-wallet,39.0,79,2.0,66.51,1
14010,Male,West,Basic,Crypto,42.0,111,2.0,14.95,1
14011,Male,North,Pro,Credit card,44.0,169,1.0,130.21,1
14012,Male,North,Pro,Paypal,,85,1.0,94.95,1
14013,Female,East,Basic,Credit card,,177,2.0,20.2,1
14014,Male,South,Basic,Crypto,,105,2.0,18.15,1
14015,Female,South,Basic,Crypto,26.0,47,1.0,48.49,1
14016,Male,West,Basic,Paypal,33.0,8,1.0,8.25,0
14017,Non-Binary,North,Basic,Paypal,31.0,157,1.0,0.0,1
14018,Non-Binary,East,Basic,Paypal,,145,5.0,73.5,1
14019,Male,East,Basic,E-wallet,22.0,172,3.0,16.67,1
14020,Male,North,Basic,Credit card,32.0,109,3.0,87.91,1
14021,Female,East,Basic,Credit card,29.0,82,1.0,71.16,1
14022,Male,North,Plus,Credit card,22.0,77,2.0,173.41,0
14023,Female,South,Pro,E-wallet,42.0,65,2.0,146.46,1
14024,Non-Binary,South,Plus,Credit card,51.0,138,0.0,141.79,1
14025,Female,East,Basic,Paypal,43.0,89,5.0,64.55,1
14026,Non-Binary,South,Pro,Credit card,26.0,71,2.0,90.56,1
14027,Male,South,Basic,E-wallet,33.0,14,0.0,0.0,1
14028,Male,West,Pro,E-wallet,49.0,108,0.0,68.74,1
14029,Female,North,Basic,Credit card,22.0,39,3.0,0.0,0
14030,Male,North,Basic,E-wallet,41.0,140,2.0,5.63,1
14031,Female,East,Plus,E-wallet,19.0,85,3.0,124.22,1
14032,Male,North,Pro,Credit card,50.0,32,1.0,6.89,0
14033,Male,West,Plus,E-wallet,,125,2.0,176.34,1
14034,Unknown,East,Basic,E-wallet,56.0,129,1.0,4.74,1
14035,Male,East,Basic,Credit card,51.0,108,2.0,24.7,1
14036,Unknown,North,Basic,Paypal,32.0,109,4.0,56.34,1
14037,Unknown,South,Pro,Paypal,26.0,161,3.0,79.49,1
14038,Female,South,Pro,E-wallet,35.0,15,1.0,115.01,1
14039,Female,South,Plus,Crypto,32.0,13,2.0,179.33,1
14040,Female,South,Basic,Crypto,,45,3.0,14.94,1
14041,Non-Binary,West,Pro,Credit card,17.0,49,1.0,95.54,1
14042,Male,East,Basic,Credit card,28.0,112,1.0,60.52,1
14043,Female,South,Basic,Paypal,22.0,132,1.0,21.14,1
14044,Female,West,Pro,Crypto,39.0,42,0.0,109.75,0
14045,Female,East,Pro,Credit card,43.0,145,2.0,118.94,1
14046,Female,North,Basic,Crypto,41.0,47,2.0,12.66,1
14047,Male,North,Basic,Crypto,37.0,153,1.0,57.31,1
14048,Female,West,Basic,E-wallet,25.0,141,2.0,13.65,1
14049,Non-Binary,East,Basic,E-wallet,,20,1.0,,1
14050,Male,South,Basic,Crypto,41.0,54,0.0,0.0,1
14051,Unknown,East,Basic,Paypal,28.0,115,0.0,39.94,1
14052,Female,South,Basic,Credit card,35.0,107,2.0,,1
14053,Non-Binary,West,Plus,Credit card,32.0,1,1.0,183.4,0
14054,Female,South,Plus,Paypal,50.0,130,2.0,162.26,0
14055,Female,West,Basic,E-wallet,42.0,12,0.0,22.15,0
14056,Male,East,Plus,E-wallet,40.0,20,2.0,113.94,1
14057,Non-Binary,East,Pro,Paypal,,160,2.0,75.19,1
14058,Male,South,Basic,Paypal,35.0,147,3.0,5.07,1
14059,Non-Binary,East,Basic,E-wallet,32.0,124,0.0,68.09,1
14060,Unknown,South,Plus,Crypto,32.0,145,1.0,183.42,0
14061,Male,East,Pro,E-wallet,18.0,37,4.0,9.07,1
14062,Male,North,Plus,Crypto,23.0,24,0.0,232.94,0
14063,Female,South,Plus,Credit card,33.0,165,3.0,187.54,1
14064,Male,West,Basic,Credit card,45.0,142,2.0,19.34,1
14065,Non-Binary,North,Basic,Crypto,28.0,156,1.0,54.44,1
14066,Male,West,Basic,Crypto,30.0,96,3.0,0.0,0
14067,Male,East,Basic,E-wallet,51.0,31,1.0,0.0,0
14068,Unknown,North,Basic,Paypal,31.0,42,0.0,0.0,1
14069,Female,East,Basic,Crypto,32.0,12,0.0,27.24,1
14070,Non-Binary,South,Basic,Credit card,32.0,77,0.0,70.06,0
14071,Male,West,Basic,E-wallet,20.0,24,1.0,49.81,0
14072,Female,East,Basic,Credit card,39.0,48,2.0,34.73,0
14073,Female,West,Basic,E-wallet,27.0,87,0.0,36.34,1
14074,Female,West,Basic,Paypal,33.0,119,1.0,106.91,1
14075,Female,East,Basic,Paypal,38.0,135,1.0,79.74,1
14076,Female,South,Pro,Credit card,53.0,155,3.0,52.27,1
14077,Female,West,Plus,Crypto,20.0,125,0.0,108.84,0
14078,Male,East,Basic,Crypto,42.0,10,1.0,30.73,1
14079,Female,South,Basic,Credit card,42.0,9,0.0,17.13,0
14080,Male,East,Plus,Crypto,27.0,58,3.0,200.0,0
14081,Female,South,Pro,Crypto,39.0,64,1.0,57.73,1
14082,Male,West,Pro,Credit card,50.0,132,2.0,133.25,1
14083,Female,North,Basic,Credit card,26.0,79,3.0,,1
14084,Female,East,Plus,Paypal,36.0,147,0.0,128.45,0
14085,Male,West,Plus,Credit card,38.0,91,1.0,113.04,0
14086,Male,East,Pro,Paypal,39.0,132,2.0,91.14,1
14087,Male,East,Basic,Paypal,41.0,111,1.0,8.89,1
14088,Female,South,Plus,E-wallet,35.0,157,1.0,195.23,1
14089,Non-Binary,East,Pro,Crypto,39.0,86,1.0,78.24,1
14090,Male,South,Pro,Credit card,,161,1.0,0.0,1
14091,Female,West,Basic,Crypto,35.0,112,1.0,30.53,1
14092,Male,East,Pro,,29.0,117,0.0,,1
14093,Female,West,Basic,Credit card,21.0,91,1.0,0.0,0
14094,Unknown,North,Basic,Credit card,28.0,0,0.0,0.0,1
14095,Male,West,Pro,E-wallet,36.0,111,0.0,77.36,1
14096,Female,East,Basic,Crypto,,154,1.0,0.0,0
14097,Male,North,Pro,,21.0,118,0.0,34.75,1
14098,Male,South,Pro,E-wallet,24.0,119,5.0,136.69,1
14099,Male,North,Basic,E-wallet,41.0,33,0.0,34.31,0
14100,Male,East,Pro,Credit card,39.0,94,1.0,70.09,1
14101,Female,East,Plus,Paypal,42.0,31,1.0,131.69,0
14102,Female,West,Basic,,,115,0.0,0.0,0
14103,Female,South,Pro,Crypto,39.0,173,2.0,158.88,1
14104,Male,East,Basic,E-wallet,29.0,21,2.0,13.7,0
14105,Male,East,Basic,Crypto,35.0,156,1.0,0.0,1
14106,Female,South,Basic,Credit card,50.0,97,1.0,0.0,0
14107,Unknown,South,Basic,E-wallet,61.0,44,4.0,73.17,1
14108,Male,West,Basic,Crypto,38.0,172,2.0,84.73,1
14109,Non-Binary,North,Plus,Credit card,39.0,66,1.0,86.53,1
14110,Female,South,Pro,Credit card,,20,1.0,50.38,1
14111,Female,East,Pro,Credit card,34.0,148,1.0,30.97,1
14112,Female,South,Basic,E-wallet,45.0,28,2.0,0.0,1
14113,Male,East,Pro,Credit card,44.0,32,4.0,107.05,1
14114,Male,West,Basic,Credit card,,166,1.0,38.0,1
14115,Female,North,Basic,Crypto,,89,0.0,19.66,1
14116,Male,West,Basic,Credit card,18.0,125,2.0,13.03,1
14117,Unknown,South,Basic,E-wallet,41.0,44,1.0,50.5,1
14118,Female,East,Basic,Paypal,36.0,72,3.0,47.86,1
14119,Male,South,Pro,Credit card,26.0,81,1.0,93.49,1
14120,Female,South,Plus,E-wallet,22.0,128,2.0,171.71,1
14121,Male,South,Basic,,40.0,10,2.0,122.86,0
14122,Female,South,Basic,E-wallet,17.0,159,2.0,0.0,1
14123,Female,North,Basic,Credit card,36.0,106,1.0,0.0,1
14124,Unknown,East,Plus,,42.0,176,3.0,192.38,0
14125,Female,South,Plus,Paypal,39.0,90,3.0,198.11,1
14126,Female,East,Pro,Paypal,30.0,157,1.0,201.69,1
14127,Female,North,Plus,E-wallet,21.0,59,1.0,129.93,0
14128,Unknown,East,Basic,E-wallet,39.0,137,1.0,60.18,1
14129,Male,East,Plus,Paypal,46.0,101,1.0,152.24,0
14130,Male,North,Basic,Crypto,28.0,148,1.0,58.8,1
14131,Male,South,Basic,Crypto,39.0,5,1.0,0.0,0
14132,Male,East,Pro,Credit card,49.0,165,3.0,81.99,1
14133,Female,West,Basic,Crypto,37.0,124,3.0,24.33,1
14134,Female,East,Pro,Paypal,30.0,115,1.0,45.19,1
14135,Female,South,Basic,Paypal,44.0,7,1.0,42.62,1
14136,Male,West,Pro,Crypto,26.0,69,2.0,45.14,1
14137,Female,South,Basic,Crypto,21.0,161,1.0,32.05,1
14138,Male,East,Basic,Paypal,42.0,176,1.0,13.85,0
14139,Female,North,Plus,Paypal,29.0,39,3.0,138.62,1
14140,Female,South,Plus,Paypal,30.0,85,2.0,169.52,1
14141,Male,South,Plus,Paypal,27.0,28,2.0,176.55,0
14142,Male,North,Pro,Paypal,29.0,8,2.0,63.78,1
14143,Male,East,Pro,Crypto,48.0,20,2.0,,0
14144,Non-Binary,South,Pro,,50.0,31,0.0,78.44,1
14145,Unknown,East,Basic,Credit card,51.0,71,0.0,46.61,1
14146,Female,East,Basic,Credit card,44.0,170,1.0,55.4,1
14147,Male,East,Basic,E-wallet,38.0,9,1.0,8.89,1
14148,Female,North,Plus,,19.0,176,5.0,116.76,1
14149,Female,East,Basic,Crypto,32.0,86,2.0,15.36,1
14150,Female,East,Plus,Credit card,55.0,83,1.0,162.08,1
14151,Male,West,Pro,Credit card,29.0,140,1.0,0.0,0
14152,Male,West,Pro,Crypto,49.0,85,1.0,79.56,0
14153,Female,West,Basic,Paypal,34.0,40,1.0,0.0,1
14154,Male,South,Basic,Crypto,7.0,30,3.0,16.4,1
14155,Male,South,Plus,,40.0,108,3.0,144.41,1
14156,Male,West,Basic,E-wallet,46.0,31,5.0,3.68,1
14157,Female,North,Basic,E-wallet,,172,1.0,12.01,1
14158,Non-Binary,North,Basic,E-wallet,46.0,12,1.0,76.49,1
14159,Unknown,West,Basic,Paypal,17.0,120,2.0,17.52,1
14160,Female,South,Basic,Credit card,20.0,152,1.0,151.56,1
14161,Female,South,Pro,E-wallet,36.0,117,3.0,62.17,1
14162,Male,North,Basic,Crypto,38.0,105,3.0,0.0,1
14163,Female,East,Pro,E-wallet,47.0,14,0.0,125.53,1
14164,Male,North,Basic,Crypto,40.0,63,3.0,0.0,1
14165,Female,East,Plus,Paypal,22.0,116,3.0,139.62,1
14166,Male,South,Pro,E-wallet,36.0,7,3.0,,0
14167,Male,South,Basic,Crypto,40.0,144,3.0,20.65,1
14168,Male,West,Basic,Credit card,15.0,4,1.0,,0
14169,Male,South,Basic,Paypal,33.0,140,3.0,49.77,1
14170,Male,East,Pro,Crypto,,20,0.0,78.4,0
14171,Male,North,Pro,Credit card,27.0,116,0.0,59.7,1
14172,Unknown,West,Plus,Credit card,38.0,123,4.0,102.73,1
14173,Female,East,Basic,Crypto,22.0,114,1.0,111.89,0
14174,Female,North,Basic,,38.0,43,1.0,0.0,1
14175,Non-Binary,North,Basic,,39.0,52,4.0,63.47,1
14176,Unknown,North,Basic,Paypal,,155,1.0,27.56,1
14177,Female,South,Pro,,22.0,65,3.0,96.77,1
14178,Non-Binary,North,Basic,E-wallet,18.0,148,1.0,,1
14179,Male,South,Pro,Paypal,36.0,104,1.0,38.27,1
14180,Male,North,Pro,Paypal,31.0,125,2.0,104.7,1
14181,Female,North,Plus,Paypal,63.0,119,1.0,105.13,0
14182,Female,South,Basic,Crypto,38.0,56,2.0,119.65,0
14183,Female,South,Plus,Credit card,34.0,54,0.0,,1
14184,Male,East,Plus,E-wallet,32.0,129,5.0,106.38,1
14185,Male,North,Plus,Crypto,21.0,93,1.0,149.44,1
14186,Female,South,Pro,Crypto,39.0,64,5.0,99.84,1
14187,Male,East,Plus,Paypal,33.0,109,3.0,,0
14188,Female,East,Pro,Crypto,33.0,130,1.0,71.41,1
14189,Female,South,Basic,Credit card,34.0,4,0.0,1.07,1
14190,Female,North,Pro,Crypto,36.0,65,4.0,126.85,1
14191,Female,East,Pro,Crypto,16.0,89,4.0,85.55,1
14192,Non-Binary,North,Plus,,42.0,145,2.0,157.9,1
14193,Female,North,Pro,Paypal,,136,3.0,94.6,1
14194,Female,East,Basic,Crypto,32.0,149,4.0,0.0,1
14195,Female,South,Pro,Paypal,46.0,155,2.0,78.62,1
14196,Male,North,Plus,E-wallet,51.0,139,1.0,134.48,1
14197,Male,West,Basic,E-wallet,16.0,36,1.0,1.98,1
14198,Male,South,Basic,E-wallet,,118,1.0,38.82,1
14199,Female,East,Pro,Crypto,,97,1.0,0.0,1
14200,Female,West,Basic,Credit card,18.0,169,2.0,0.0,1
14201,Non-Binary,North,Basic,Credit card,,53,2.0,29.6,1
14202,Male,South,Basic,Paypal,35.0,169,1.0,48.33,1
14203,Male,West,Plus,Credit card,35.0,121,0.0,154.09,0
14204,Unknown,South,Basic,,24.0,66,3.0,0.0,0
14205,Male,North,Basic,Crypto,38.0,55,0.0,13.0,1
14206,Female,South,Pro,Paypal,42.0,45,2.0,123.1,1
14207,Female,West,Plus,Credit card,35.0,4,2.0,202.93,0
14208,Female,South,Plus,E-wallet,28.0,55,4.0,137.92,0
14209,Male,East,Basic,Paypal,29.0,150,1.0,0.0,1
14210,Male,East,Plus,Paypal,36.0,61,1.0,228.8,0
14211,Male,West,Basic,Paypal,34.0,140,2.0,130.71,1
14212,Female,South,Pro,E-wallet,43.0,58,3.0,104.87,1
14213,Female,West,Pro,,29.0,27,1.0,81.65,1
14214,Male,South,Basic,E-wallet,21.0,5,0.0,0.0,1
14215,Female,North,Pro,Paypal,37.0,60,2.0,92.26,1
14216,Non-Binary,East,Basic,Paypal,29.0,172,2.0,30.34,1
14217,Male,North,Plus,Crypto,41.0,92,1.0,126.34,1
14218,Female,South,Basic,Crypto,34.0,11,3.0,0.0,1
14219,Female,North,Pro,Crypto,40.0,162,3.0,,1
14220,Male,West,Basic,Crypto,23.0,61,1.0,76.97,1
14221,Male,West,Basic,Paypal,35.0,111,2.0,47.11,1
14222,Female,South,Plus,E-wallet,27.0,4,3.0,208.29,0
14223,Non-Binary,East,Pro,Crypto,21.0,65,0.0,77.23,1
14224,Non-Binary,West,Plus,E-wallet,25.0,67,2.0,169.75,1
14225,Female,East,Basic,Crypto,28.0,85,-1.0,20.46,1
14226,Female,South,Basic,Credit card,46.0,108,3.0,0.0,1
14227,Male,East,Pro,Crypto,28.0,113,4.0,102.48,1
14228,Female,South,Basic,E-wallet,21.0,79,2.0,1.41,1
14229,Female,North,Basic,Crypto,35.0,65,1.0,44.73,1
14230,Male,South,Pro,Credit card,34.0,168,3.0,19.6,1
14231,Female,North,Basic,E-wallet,29.0,154,1.0,61.57,1
14232,Female,South,Basic,E-wallet,32.0,75,2.0,49.86,1
14233,Male,West,Basic,,43.0,4,1.0,0.0,1
14234,Unknown,West,Pro,Paypal,40.0,132,2.0,90.23,0
14235,Male,East,Pro,E-wallet,39.0,85,1.0,85.43,1
14236,Male,South,Basic,Paypal,22.0,140,2.0,107.87,1
14237,Male,South,Pro,Credit card,62.0,79,1.0,71.58,0
14238,Female,South,Basic,E-wallet,44.0,89,2.0,35.88,1
14239,Female,East,Plus,E-wallet,39.0,136,3.0,109.29,1
14240,Male,West,Plus,E-wallet,22.0,175,1.0,170.8,1
14241,Female,South,Pro,,43.0,31,2.0,126.86,1
14242,Male,East,Basic,Paypal,28.0,82,2.0,71.3,0
14243,Female,South,Pro,Crypto,32.0,35,1.0,90.03,1
14244,Female,North,Pro,Credit card,17.0,142,4.0,92.81,1
14245,Female,South,Plus,Credit card,21.0,136,1.0,172.31,0
14246,Unknown,North,Plus,Credit card,,15,1.0,172.43,0
14247,Male,East,Plus,Paypal,44.0,5,3.0,167.91,1
14248,Male,East,Basic,Paypal,40.0,71,2.0,0.0,1
14249,Female,West,Plus,Paypal,40.0,160,1.0,190.53,1
14250,Unknown,South,Pro,Paypal,33.0,109,1.0,88.48,1
14251,Male,East,Plus,Paypal,,99,0.0,149.08,0
14252,Male,West,Basic,E-wallet,36.0,169,0.0,0.0,1
14253,Male,South,Basic,Crypto,42.0,58,4.0,62.99,1
14254,Female,East,Basic,Crypto,34.0,35,3.0,108.75,1
14255,Male,North,Basic,Paypal,46.0,33,0.0,78.57,0
14256,Female,East,Basic,,31.0,129,2.0,6.97,1
14257,Unknown,North,Plus,E-wallet,24.0,12,3.0,90.43,0
14258,Female,West,Basic,Paypal,33.0,170,1.0,0.0,1
14259,Male,West,Basic,E-wallet,35.0,56,2.0,29.81,1
14260,Female,South,Basic,E-wallet,33.0,6,1.0,49.55,1
14261,Male,South,Basic,Credit card,46.0,58,3.0,68.36,1
14262,Non-Binary,South,Plus,Credit card,42.0,110,1.0,168.14,0
14263,Female,West,Basic,Paypal,19.0,115,1.0,0.0,1
14264,Male,North,Basic,E-wallet,49.0,50,0.0,31.75,0
14265,Female,South,Plus,Paypal,6.0,2,2.0,134.6,1
14266,Female,South,Plus,Credit card,,154,0.0,176.77,1
14267,Female,West,Basic,Credit card,31.0,53,0.0,68.4,0
14268,Male,North,Pro,Credit card,32.0,93,1.0,67.5,1
14269,Non-Binary,East,Pro,Credit card,33.0,33,1.0,96.05,0
14270,Unknown,South,Pro,Credit card,37.0,22,4.0,79.35,1
14271,Female,East,Basic,Paypal,33.0,47,-1.0,17.45,1
14272,Unknown,East,Plus,Paypal,32.0,54,0.0,135.84,1
14273,Male,South,Basic,Credit card,47.0,16,2.0,55.53,1
14274,Female,West,Basic,Paypal,39.0,78,2.0,72.86,1
14275,Female,South,Basic,Credit card,24.0,61,1.0,49.71,1
14276,Female,North,Basic,Credit card,41.0,124,1.0,43.96,0
14277,Female,North,Plus,Credit card,39.0,60,3.0,165.68,1
14278,Male,South,Pro,,28.0,43,4.0,,1
14279,Male,East,Basic,Paypal,41.0,70,4.0,87.47,1
14280,Male,North,Basic,E-wallet,32.0,124,1.0,27.18,1
14281,Male,North,Basic,Paypal,31.0,127,2.0,23.91,1
14282,Female,South,Plus,Paypal,,2,1.0,191.51,0
14283,Male,South,Pro,Crypto,9.0,66,1.0,84.18,0
14284,Male,West,Pro,Credit card,28.0,111,2.0,82.44,1
14285,Female,South,Pro,Credit card,41.0,98,0.0,42.65,1
14286,Female,South,Pro,Paypal,33.0,135,1.0,51.94,1
14287,Non-Binary,North,Pro,Paypal,21.0,153,1.0,77.66,1
14288,Female,North,Basic,E-wallet,43.0,119,3.0,80.64,1
14289,Male,North,Plus,Crypto,31.0,142,3.0,115.82,1
14290,Non-Binary,East,Pro,Credit card,,132,0.0,40.36,1
14291,Female,North,Pro,Credit card,56.0,140,2.0,49.99,1
14292,Male,North,Plus,Paypal,23.0,102,3.0,187.53,0
14293,Female,South,Plus,,42.0,139,1.0,148.91,0
14294,Unknown,West,Plus,Crypto,26.0,62,-1.0,125.1,1
14295,Male,North,Plus,Credit card,35.0,135,2.0,186.62,1
14296,Male,West,Basic,,24.0,33,3.0,0.0,0
14297,Male,North,Basic,Credit card,21.0,21,0.0,33.8,1
14298,Male,North,Pro,Paypal,39.0,49,0.0,32.92,1
14299,Female,West,Basic,Crypto,38.0,139,2.0,86.67,1
14300,Female,South,Plus,E-wallet,45.0,149,4.0,205.96,1
14301,Male,North,Pro,Paypal,33.0,90,2.0,85.7,0
14302,Unknown,West,Pro,E-wallet,,81,0.0,148.59,0
14303,Female,North,Plus,E-wallet,36.0,18,4.0,135.0,1
14304,Female,East,Basic,E-wallet,39.0,122,2.0,0.0,1
14305,Non-Binary,East,Pro,Credit card,20.0,132,1.0,,0
14306,Male,East,Pro,E-wallet,27.0,15,3.0,46.14,0
14307,Female,East,Basic,Credit card,39.0,112,1.0,26.29,0
14308,Female,South,Basic,Crypto,33.0,168,0.0,123.87,1
14309,Non-Binary,East,Plus,Paypal,35.0,18,2.0,131.61,1
14310,Female,West,Pro,Credit card,25.0,107,2.0,83.28,1
14311,Male,North,Plus,,35.0,21,2.0,199.17,0
14312,Unknown,West,Pro,Crypto,35.0,144,3.0,109.42,1
14313,Male,East,Basic,,22.0,34,1.0,0.0,0
14314,Non-Binary,South,Basic,Paypal,40.0,166,4.0,66.68,1
14315,Unknown,East,Basic,Crypto,16.0,72,2.0,17.99,1
14316,Male,East,Plus,Credit card,,54,0.0,190.91,1
14317,Female,South,Basic,Paypal,51.0,132,2.0,0.0,1
14318,Male,South,Plus,Paypal,40.0,72,0.0,241.96,1
14319,Female,South,Plus,Paypal,40.0,114,0.0,147.03,1
14320,Female,South,Plus,E-wallet,25.0,10,3.0,180.69,0
14321,Female,South,Basic,E-wallet,51.0,77,1.0,0.0,1
14322,Unknown,South,Plus,Credit card,,109,1.0,91.35,1
14323,Female,North,Basic,E-wallet,25.0,167,4.0,12.64,1
14324,Female,East,Basic,Crypto,29.0,83,2.0,63.88,1
14325,Non-Binary,East,Basic,,46.0,96,1.0,66.72,1
14326,Unknown,South,Plus,Credit card,51.0,131,2.0,133.79,1
14327,Male,West,Basic,,21.0,126,1.0,93.37,1
14328,Unknown,South,Pro,Paypal,23.0,79,4.0,41.84,1
14329,Male,North,Basic,Crypto,32.0,114,0.0,17.32,1
14330,Non-Binary,West,Basic,,12.0,63,1.0,47.36,1
14331,Male,North,Basic,Crypto,34.0,66,2.0,0.0,0
14332,Male,West,Plus,E-wallet,45.0,95,5.0,39.37,1
14333,Female,West,Pro,Crypto,19.0,33,4.0,117.06,0
14334,Female,South,Plus,Credit card,35.0,112,0.0,165.23,1
14335,Male,North,Pro,E-wallet,28.0,88,0.0,88.39,1
14336,Male,West,Plus,E-wallet,50.0,134,1.0,118.96,0
14337,Female,North,Pro,Paypal,28.0,162,1.0,85.61,1
14338,Unknown,South,Pro,E-wallet,49.0,156,2.0,61.02,1
14339,Male,South,Pro,Paypal,28.0,24,1.0,52.0,1
14340,Male,South,Basic,E-wallet,41.0,27,0.0,71.95,1
14341,Female,South,Plus,,36.0,68,2.0,,1
14342,Male,East,Pro,E-wallet,32.0,154,1.0,82.22,1
14343,Non-Binary,West,Plus,E-wallet,26.0,75,1.0,162.38,0
14344,Non-Binary,East,Pro,Paypal,37.0,81,3.0,54.61,1
14345,Female,South,Basic,Credit card,29.0,135,4.0,13.09,1
14346,Male,West,Pro,Crypto,,165,1.0,106.67,1
14347,Female,West,Basic,E-wallet,48.0,118,0.0,77.73,1
14348,Female,North,Pro,E-wallet,39.0,93,1.0,82.22,1
14349,Non-Binary,South,Pro,Credit card,40.0,136,2.0,103.67,1
14350,Female,East,Plus,Paypal,30.0,111,1.0,136.6,1
14351,Female,North,Basic,Crypto,32.0,42,1.0,-10.0,1
14352,Female,West,Basic,Credit card,31.0,24,0.0,0.0,0
14353,Female,East,Basic,Credit card,37.0,93,2.0,44.48,1
14354,Unknown,South,Basic,Credit card,,65,1.0,0.0,0
14355,Female,East,Plus,Credit card,33.0,16,3.0,139.74,0
14356,Female,East,Plus,E-wallet,26.0,108,2.0,147.59,1
14357,Male,East,Pro,Crypto,41.0,134,1.0,28.42,1
14358,Female,North,Plus,E-wallet,34.0,21,1.0,127.75,1
14359,Female,West,Basic,Credit card,19.0,9,2.0,39.07,1
14360,Male,East,Basic,Crypto,12.0,89,3.0,5.58,0
14361,Male,West,Basic,,36.0,140,0.0,106.08,1
14362,Female,North,Plus,Paypal,25.0,41,1.0,197.57,1
14363,Female,South,Pro,Credit card,38.0,27,2.0,126.31,0
14364,Female,South,Pro,Credit card,,99,1.0,35.98,0
14365,Male,East,Basic,Paypal,35.0,10,3.0,2.36,0
14366,Female,North,Basic,E-wallet,30.0,136,2.0,12.89,1
14367,Male,South,Plus,Crypto,51.0,80,1.0,155.46,1
14368,Female,North,Basic,Credit card,43.0,54,0.0,98.0,1
14369,Male,North,Pro,,47.0,4,1.0,18.6,0
14370,Male,East,Basic,Paypal,34.0,68,3.0,24.52,1
14371,Male,East,Basic,,42.0,37,3.0,6.15,0
14372,Male,North,Pro,Paypal,34.0,65,2.0,85.26,1
14373,Male,North,Basic,Credit card,48.0,63,5.0,31.79,1
14374,Male,East,Pro,E-wallet,,152,1.0,62.26,1
14375,Female,North,Pro,E-wallet,20.0,179,2.0,81.79,1
14376,Female,East,Pro,Crypto,14.0,165,0.0,,1
14377,Male,West,Pro,Credit card,50.0,76,1.0,41.48,1
14378,Non-Binary,North,Pro,Paypal,38.0,18,3.0,169.37,1
14379,Male,East,Basic,Credit card,,98,1.0,23.69,1
14380,Female,North,Pro,Paypal,48.0,24,0.0,155.0,0
14381,Male,East,Pro,Paypal,,47,2.0,113.51,0
14382,Male,North,Basic,Crypto,,72,0.0,29.02,1
14383,Female,South,Plus,Paypal,31.0,34,1.0,142.89,0
14384,Female,South,Pro,Crypto,41.0,178,4.0,94.67,1
14385,Non-Binary,North,Plus,E-wallet,27.0,142,0.0,81.1,1
14386,Female,South,Plus,Crypto,21.0,48,2.0,98.17,1
14387,Unknown,North,Basic,Crypto,21.0,157,1.0,0.0,1
14388,Male,North,Pro,Crypto,45.0,148,2.0,27.72,1
14389,Male,West,Basic,E-wallet,26.0,88,0.0,27.75,1
14390,Male,West,Basic,,28.0,85,2.0,31.75,1
14391,Male,South,Plus,Paypal,40.0,168,0.0,231.42,1
14392,Female,West,Pro,Paypal,27.0,130,2.0,98.26,0
14393,Female,West,Basic,Crypto,16.0,124,2.0,35.42,1
14394,Male,North,Pro,Paypal,18.0,72,0.0,,1
14395,Unknown,East,Plus,Crypto,33.0,151,2.0,169.16,1
14396,Non-Binary,North,Pro,E-wallet,38.0,110,3.0,69.29,0
14397,Male,West,Pro,,31.0,144,3.0,,1
14398,Male,North,Pro,Crypto,38.0,104,0.0,,1
14399,Male,South,Basic,Credit card,17.0,87,4.0,0.0,1
14400,Male,East,Basic,E-wallet,18.0,7,0.0,12.28,0
14401,Male,West,Pro,Credit card,56.0,133,2.0,94.99,1
14402,Female,West,Basic,Crypto,46.0,8,2.0,72.05,0
14403,Male,North,Pro,Paypal,41.0,14,1.0,71.1,0
14404,Male,North,Pro,Crypto,,63,2.0,45.75,1
14405,Unknown,North,Pro,Paypal,31.0,177,1.0,84.57,1
14406,Female,North,Basic,Crypto,,123,3.0,0.0,1
14407,Unknown,West,Basic,Crypto,47.0,10,2.0,0.0,1
14408,Male,North,Basic,Paypal,38.0,94,2.0,0.0,1
14409,Male,West,Pro,Paypal,39.0,119,0.0,,1
14410,Female,North,Basic,Crypto,32.0,173,0.0,37.98,1
14411,Male,East,Pro,Credit card,,44,0.0,,0
14412,Male,East,Basic,E-wallet,37.0,76,0.0,39.54,1
14413,Female,North,Pro,Credit card,34.0,93,1.0,132.31,0
14414,Female,North,Basic,Credit card,26.0,58,4.0,91.5,1
14415,Female,South,Pro,Credit card,32.0,152,2.0,110.37,1
14416,Female,East,Basic,Credit card,23.0,139,3.0,4.33,1
14417,Female,West,Basic,Paypal,33.0,84,3.0,43.76,1
14418,Male,East,Plus,,34.0,25,4.0,146.41,0
14419,Male,West,Basic,E-wallet,9.0,113,3.0,39.32,1
14420,Male,North,Pro,Paypal,31.0,36,0.0,,1
14421,Male,East,Plus,Credit card,22.0,22,0.0,156.09,0
14422,Unknown,East,Pro,Paypal,38.0,64,1.0,95.87,1
14423,Female,South,Plus,,40.0,44,3.0,234.78,1
14424,Female,South,Basic,Credit card,29.0,73,0.0,54.9,1
14425,Male,East,Basic,E-wallet,39.0,162,2.0,37.2,0
14426,Male,East,Basic,Paypal,39.0,101,0.0,32.12,0
14427,Male,East,Basic,Paypal,31.0,175,4.0,,1
14428,Male,West,Basic,Crypto,49.0,27,3.0,0.0,1
14429,Male,North,Basic,Credit card,26.0,128,2.0,56.38,1
14430,Female,South,Pro,Credit card,48.0,71,1.0,188.7,1
14431,Female,North,Plus,E-wallet,31.0,40,2.0,177.67,1
14432,Female,South,Basic,E-wallet,25.0,22,4.0,5.5,0
14433,Female,South,Basic,Paypal,30.0,159,3.0,0.0,1
14434,Unknown,South,Basic,E-wallet,23.0,86,2.0,19.09,0
14435,Male,East,Basic,Paypal,41.0,6,2.0,73.44,0
14436,Male,South,Pro,Credit card,17.0,71,3.0,118.25,1
14437,Male,North,Basic,Credit card,47.0,42,2.0,21.61,1
14438,Female,South,Basic,Paypal,24.0,141,1.0,,1
14439,Unknown,North,Pro,E-wallet,42.0,13,1.0,127.44,0
14440,Male,South,Plus,E-wallet,34.0,99,2.0,163.28,0
14441,Non-Binary,South,Pro,Paypal,36.0,168,1.0,63.82,1
14442,Non-Binary,East,Pro,Credit card,28.0,110,2.0,173.81,1
14443,Male,North,Basic,Paypal,37.0,90,1.0,0.0,1
14444,Male,South,Basic,E-wallet,35.0,83,0.0,37.43,1
14445,Female,South,Basic,Paypal,,101,1.0,17.43,0
14446,Unknown,North,Basic,Credit card,24.0,13,1.0,53.25,1
14447,Male,South,Plus,Crypto,28.0,27,5.0,177.11,1
14448,Female,West,Pro,Paypal,26.0,29,5.0,55.46,1
14449,Male,East,Basic,Crypto,46.0,78,3.0,0.55,1
14450,Female,North,Basic,Paypal,34.0,53,2.0,27.9,1
14451,Female,East,Basic,E-wallet,26.0,139,6.0,72.26,1
14452,Female,West,Pro,,29.0,113,4.0,61.98,1
14453,Non-Binary,West,Basic,Crypto,28.0,119,4.0,17.67,1
14454,Non-Binary,West,Basic,Paypal,31.0,74,0.0,47.71,1
14455,Non-Binary,North,Pro,E-wallet,,166,3.0,143.47,1
14456,Male,West,Basic,Crypto,25.0,69,1.0,39.74,1
14457,Female,North,Basic,Crypto,41.0,66,0.0,0.0,0
14458,Male,North,Basic,Paypal,35.0,14,3.0,0.0,1
14459,Female,South,Basic,,32.0,131,2.0,0.0,1
14460,Female,North,Basic,Crypto,34.0,97,0.0,0.0,1
14461,Female,West,Basic,Credit card,33.0,101,2.0,85.45,1
14462,Female,North,Pro,Credit card,,171,2.0,91.76,1
14463,Unknown,North,Pro,,39.0,166,1.0,122.99,1
14464,Male,East,Pro,E-wallet,38.0,104,1.0,73.85,1
14465,Female,West,Plus,Credit card,18.0,85,1.0,152.47,1
14466,Male,North,Basic,Crypto,32.0,36,1.0,-10.0,1
14467,Male,South,Plus,Paypal,18.0,159,5.0,155.31,0
14468,Male,North,Basic,Crypto,40.0,122,1.0,18.09,1
14469,Unknown,North,Basic,,41.0,155,2.0,48.9,1
14470,Non-Binary,East,Basic,E-wallet,,131,0.0,19.9,1
14471,Unknown,West,Basic,Paypal,32.0,9,2.0,35.45,1
14472,Unknown,West,Plus,Crypto,12.0,26,3.0,172.43,0
14473,Male,South,Basic,Paypal,43.0,83,2.0,29.71,1
14474,Male,South,Basic,Crypto,,163,1.0,112.97,0
14475,Female,South,Basic,Crypto,45.0,4,2.0,8.17,1
14476,Female,North,Basic,Credit card,48.0,177,1.0,10.29,1
14477,Female,North,Basic,Crypto,21.0,159,4.0,0.0,1
14478,Male,South,Basic,E-wallet,42.0,98,0.0,36.87,1
14479,Female,West,Basic,E-wallet,48.0,150,3.0,63.42,1
14480,Female,West,Plus,E-wallet,19.0,128,3.0,163.94,1
14481,Male,South,Basic,Credit card,,30,3.0,120.44,1
14482,Female,East,Basic,Paypal,,18,4.0,12.82,1
14483,Female,West,Pro,E-wallet,42.0,53,0.0,32.33,1
14484,Female,West,Plus,E-wallet,10.0,127,2.0,149.51,1
14485,Male,South,Basic,Paypal,52.0,161,3.0,0.0,1
14486,Female,West,Basic,Credit card,32.0,131,1.0,48.99,1
14487,Male,North,Plus,Crypto,43.0,175,2.0,103.95,1
14488,Male,North,Basic,Paypal,33.0,47,1.0,17.71,1
14489,Female,West,Pro,Crypto,38.0,48,5.0,53.46,1
14490,Female,North,Basic,Crypto,10.0,116,1.0,21.24,1
14491,Male,East,Plus,Crypto,30.0,171,1.0,120.95,1
14492,Female,West,Plus,Paypal,42.0,161,4.0,126.55,1
14493,Female,South,Plus,Paypal,36.0,55,2.0,164.85,1
14494,Female,North,Basic,Crypto,17.0,73,0.0,,1
14495,Female,East,Basic,Credit card,34.0,5,0.0,0.0,1
14496,Female,East,Basic,Credit card,25.0,75,1.0,78.4,1
14497,Female,North,Plus,Credit card,24.0,112,1.0,147.64,1
14498,Male,East,Plus,E-wallet,18.0,125,2.0,156.48,1
14499,Male,West,Basic,Crypto,40.0,35,6.0,37.54,1
14500,Female,East,Pro,E-wallet,45.0,162,2.0,66.96,1
14501,Female,North,Basic,Credit card,55.0,24,3.0,84.13,1
14502,Female,East,Basic,Paypal,19.0,176,1.0,21.09,1
14503,Male,North,Pro,Credit card,41.0,54,1.0,34.49,1
14504,Male,North,Basic,E-wallet,42.0,168,3.0,,1
14505,Female,East,Basic,E-wallet,,56,5.0,107.81,1
14506,Male,North,Basic,Credit card,24.0,149,1.0,-10.0,1
14507,Female,North,Plus,Crypto,23.0,171,3.0,189.4,1
14508,Male,South,Plus,Paypal,28.0,156,2.0,238.91,0
14509,Female,West,Plus,Paypal,36.0,70,2.0,,0
14510,Unknown,North,Pro,Credit card,47.0,47,5.0,99.66,0
14511,Male,West,Pro,Crypto,45.0,103,2.0,130.57,1
14512,Female,South,Basic,Crypto,17.0,2,1.0,83.09,0
14513,Male,South,Plus,Credit card,26.0,84,1.0,187.29,1
14514,Female,South,Pro,Paypal,46.0,172,1.0,30.71,1
14515,Female,South,Pro,Paypal,26.0,19,1.0,39.5,0
14516,Female,West,Pro,Paypal,33.0,72,0.0,74.53,1
14517,Female,East,Plus,Crypto,16.0,163,1.0,,1
14518,Non-Binary,East,Basic,,,59,0.0,0.0,1
14519,Male,West,Basic,Crypto,14.0,77,3.0,23.21,1
14520,Male,North,Pro,Paypal,17.0,17,1.0,126.2,1
14521,Non-Binary,West,Plus,Crypto,44.0,96,3.0,127.66,1
14522,Female,North,Pro,,53.0,65,5.0,64.96,1
14523,Non-Binary,North,Basic,Credit card,31.0,30,1.0,0.0,1
14524,Female,East,Basic,Paypal,33.0,8,1.0,1.57,1
14525,Non-Binary,South,Pro,E-wallet,,147,2.0,48.11,1
14526,Female,East,Pro,E-wallet,36.0,147,1.0,80.12,0
14527,Female,East,Pro,Credit card,,46,0.0,42.34,1
14528,Unknown,West,Basic,Crypto,29.0,0,6.0,74.03,0
14529,Female,West,Plus,Crypto,18.0,82,1.0,117.44,1
14530,Male,North,Pro,Crypto,36.0,99,0.0,66.78,0
14531,Male,West,Pro,Paypal,33.0,141,2.0,55.46,1
14532,Male,North,Basic,E-wallet,29.0,128,1.0,11.85,1
14533,Male,North,Basic,Credit card,23.0,9,4.0,140.6,0
14534,Male,South,Plus,Crypto,24.0,176,1.0,127.31,1
14535,Female,South,Basic,Crypto,40.0,141,3.0,52.53,1
14536,Female,East,Pro,,42.0,41,1.0,40.95,1
14537,Female,South,Basic,,30.0,123,3.0,77.95,1
14538,Female,North,Pro,Crypto,29.0,24,1.0,92.38,1
14539,Male,West,Basic,Paypal,25.0,163,2.0,41.13,1
14540,Male,South,Basic,Paypal,43.0,94,2.0,53.26,1
14541,Male,South,Plus,Paypal,34.0,34,1.0,212.61,1
14542,Female,South,Pro,Crypto,37.0,138,1.0,150.03,0
14543,Male,South,Basic,Crypto,37.0,9,2.0,,1
14544,Male,North,Basic,Credit card,30.0,7,4.0,,1
14545,Female,North,Plus,Credit card,22.0,104,4.0,195.85,1
14546,Non-Binary,East,Basic,Paypal,24.0,150,1.0,,1
14547,Male,West,Pro,Crypto,45.0,133,1.0,138.55,1
14548,Female,East,Basic,Paypal,26.0,123,1.0,0.0,1
14549,Female,East,Plus,Credit card,29.0,63,3.0,169.2,1
14550,Female,South,Pro,Paypal,22.0,45,2.0,31.82,0
14551,Unknown,West,Pro,E-wallet,21.0,103,2.0,108.73,0
14552,Male,South,Basic,Paypal,26.0,37,3.0,6.03,1
14553,Male,North,Plus,Crypto,50.0,152,2.0,116.84,1
14554,Non-Binary,East,Basic,Paypal,40.0,85,3.0,0.0,0
14555,Female,West,Plus,Paypal,28.0,1,4.0,132.24,1
14556,Female,North,Basic,Crypto,44.0,23,0.0,39.41,1
14557,Female,East,Pro,E-wallet,32.0,100,1.0,102.9,0
14558,Female,West,Basic,Crypto,47.0,66,2.0,22.35,1
14559,Unknown,East,Pro,Credit card,56.0,89,2.0,69.68,1
14560,Unknown,West,Basic,E-wallet,44.0,93,2.0,50.64,0
14561,Female,East,Basic,,34.0,92,0.0,135.5,1
14562,Male,South,Basic,Crypto,40.0,70,2.0,46.25,0
14563,Non-Binary,East,Basic,Paypal,34.0,136,2.0,0.0,1
14564,Male,East,Basic,Credit card,15.0,172,2.0,,1
14565,Male,West,Basic,Credit card,27.0,15,1.0,20.14,0
14566,Non-Binary,West,Plus,E-wallet,24.0,118,1.0,187.81,0
14567,Male,South,Basic,Credit card,27.0,107,1.0,0.0,1
14568,Male,West,Pro,E-wallet,51.0,141,3.0,50.39,1
14569,Male,East,Basic,E-wallet,45.0,153,2.0,0.0,1
14570,Non-Binary,West,Pro,Credit card,38.0,173,1.0,44.75,1
14571,Female,West,Basic,E-wallet,42.0,100,3.0,56.83,1
14572,Female,West,Plus,Paypal,15.0,29,4.0,140.74,1
14573,Male,South,Plus,E-wallet,41.0,123,1.0,186.16,1
14574,Female,South,Basic,Paypal,43.0,55,4.0,13.21,1
14575,Female,North,Pro,Paypal,11.0,93,4.0,24.18,1
14576,Male,South,Basic,Paypal,41.0,31,3.0,120.29,0
14577,Female,South,Pro,Credit card,19.0,77,1.0,66.32,1
14578,Male,South,Basic,Paypal,14.0,22,2.0,63.78,1
14579,Unknown,East,Basic,Credit card,47.0,16,2.0,24.18,1
14580,Female,North,Basic,Crypto,23.0,121,0.0,93.31,1
14581,Unknown,East,Pro,Paypal,,151,0.0,,0
14582,Male,South,Basic,E-wallet,43.0,174,1.0,,1
14583,Female,South,Pro,Crypto,30.0,138,0.0,90.34,1
14584,Female,North,Pro,Crypto,32.0,40,1.0,58.62,0
14585,Female,North,Basic,Paypal,31.0,14,2.0,8.35,0
14586,Unknown,West,Pro,Credit card,37.0,90,0.0,118.52,1
14587,Male,South,Plus,Crypto,31.0,51,0.0,107.56,0
14588,Male,South,Plus,Paypal,35.0,161,1.0,142.7,1
14589,Female,East,Pro,Crypto,28.0,59,0.0,58.41,0
14590,Female,West,Pro,Crypto,37.0,56,0.0,44.98,0
14591,Female,South,Pro,Paypal,37.0,32,4.0,80.16,1
14592,Male,East,Basic,E-wallet,52.0,148,1.0,95.58,0
14593,Female,North,Basic,E-wallet,30.0,151,0.0,46.34,1
14594,Male,East,Basic,E-wallet,32.0,19,1.0,37.17,1
14595,Female,South,Basic,Crypto,36.0,112,4.0,0.0,1
14596,Female,East,Basic,Credit card,43.0,67,2.0,86.17,1
14597,Female,East,Plus,,23.0,100,0.0,87.93,0
14598,Male,West,Basic,Crypto,35.0,100,1.0,33.48,1
14599,Female,West,Pro,Crypto,,173,1.0,92.71,1
14600,Male,North,Pro,Paypal,31.0,32,2.0,64.84,0
14601,Male,West,Basic,Credit card,44.0,30,2.0,,0
14602,Female,East,Basic,Crypto,26.0,161,3.0,46.38,1
14603,Unknown,West,Pro,E-wallet,35.0,21,1.0,76.28,0
14604,Male,South,Pro,Credit card,28.0,105,1.0,91.54,1
14605,Female,East,Plus,Crypto,25.0,29,2.0,146.68,0
14606,Non-Binary,East,Basic,Paypal,43.0,4,0.0,84.96,1
14607,Non-Binary,East,Plus,Paypal,23.0,168,2.0,176.36,1
14608,Male,South,Basic,,36.0,172,2.0,56.17,1
14609,Unknown,East,Pro,E-wallet,37.0,60,1.0,50.73,1
14610,Male,West,Pro,Credit card,25.0,116,3.0,79.37,1
14611,Male,South,Basic,Crypto,35.0,12,3.0,0.0,0
14612,Male,East,Basic,E-wallet,24.0,136,2.0,63.41,1
14613,Female,West,Basic,Crypto,39.0,162,1.0,0.0,1
14614,Male,West,Basic,,20.0,17,2.0,51.35,1
14615,Male,North,Pro,E-wallet,30.0,126,1.0,113.3,1
14616,Male,West,Basic,Crypto,31.0,139,1.0,,1
14617,Non-Binary,West,Pro,Credit card,45.0,118,3.0,49.43,1
14618,Non-Binary,North,Basic,Paypal,35.0,168,3.0,19.31,1
14619,Male,North,Pro,E-wallet,43.0,143,1.0,55.07,1
14620,Non-Binary,South,Pro,E-wallet,39.0,12,1.0,0.0,1
14621,Non-Binary,West,Pro,Paypal,,123,2.0,157.42,0
14622,Female,South,Pro,Credit card,30.0,145,1.0,70.63,1
14623,Male,South,Basic,Paypal,44.0,75,2.0,25.67,1
14624,Female,East,Plus,Credit card,30.0,117,3.0,117.76,0
14625,Unknown,South,Basic,E-wallet,16.0,97,2.0,15.44,1
14626,Female,South,Basic,,31.0,178,1.0,0.0,1
14627,Male,South,Basic,Crypto,38.0,32,3.0,9.07,0
14628,Female,South,Pro,Credit card,17.0,81,2.0,59.13,0
14629,Female,North,Pro,Paypal,25.0,66,4.0,12.12,0
14630,Female,West,Pro,Credit card,21.0,53,3.0,104.38,1
14631,Male,East,Basic,Credit card,41.0,5,1.0,45.15,1
14632,Male,North,Basic,Credit card,50.0,35,2.0,0.0,1
14633,Non-Binary,East,Plus,Credit card,31.0,54,0.0,174.82,0
14634,Non-Binary,East,Pro,Paypal,39.0,126,0.0,100.51,1
14635,Male,North,Basic,Crypto,,177,0.0,0.0,1
14636,Unknown,South,Pro,E-wallet,49.0,70,3.0,121.4,1
14637,Male,North,Basic,Paypal,27.0,93,0.0,0.0,0
14638,Female,East,Basic,Paypal,,142,1.0,137.02,1
14639,Female,East,Basic,E-wallet,30.0,21,2.0,100.04,1
14640,Non-Binary,South,Basic,Crypto,,48,1.0,17.11,1
14641,Unknown,North,Basic,Paypal,59.0,165,3.0,48.49,1
14642,Male,West,Plus,E-wallet,,135,1.0,160.25,1
14643,Non-Binary,East,Pro,Crypto,25.0,135,3.0,78.22,1
14644,Male,North,Basic,Crypto,,99,7.0,7.04,1
14645,Female,South,Pro,Credit card,46.0,36,0.0,81.12,0
14646,Female,South,Plus,Paypal,,77,6.0,160.07,1
14647,Female,West,Basic,Crypto,40.0,120,1.0,,0
14648,Male,East,Plus,Paypal,27.0,152,0.0,146.65,1
14649,Non-Binary,West,Pro,,21.0,20,3.0,64.06,1
14650,Male,West,Basic,,40.0,100,0.0,100.58,1
14651,Male,West,Basic,Crypto,27.0,126,1.0,84.77,1
14652,Female,West,Basic,E-wallet,38.0,158,1.0,95.59,1
14653,Female,South,Pro,E-wallet,38.0,5,1.0,72.04,1
14654,Non-Binary,East,Basic,,,169,2.0,26.03,1
14655,Male,West,Pro,E-wallet,31.0,118,1.0,79.35,1
14656,Male,East,Pro,Crypto,40.0,179,3.0,15.33,1
14657,Non-Binary,South,Basic,Credit card,24.0,174,0.0,0.0,1
14658,Female,South,Plus,Crypto,9.0,155,2.0,118.21,1
14659,Male,North,Plus,Crypto,41.0,163,2.0,147.38,1
14660,Female,North,Basic,Credit card,35.0,127,4.0,7.88,1
14661,Female,East,Plus,Credit card,27.0,39,0.0,210.24,0
14662,Female,North,Basic,Paypal,19.0,140,1.0,42.34,1
14663,Female,West,Basic,,13.0,176,1.0,58.89,1
14664,Non-Binary,East,Basic,Paypal,34.0,131,1.0,72.67,1
14665,Non-Binary,South,Pro,E-wallet,,97,2.0,122.41,1
14666,Female,South,Pro,E-wallet,32.0,121,1.0,110.3,1
14667,Male,West,Basic,Paypal,30.0,100,5.0,62.74,1
14668,Non-Binary,North,Basic,Credit card,33.0,63,3.0,2.94,1
14669,Female,East,Basic,E-wallet,55.0,97,1.0,44.22,1
14670,Female,East,Plus,Credit card,41.0,79,2.0,232.53,1
14671,Male,West,Plus,Paypal,24.0,22,4.0,231.72,1
14672,Non-Binary,North,Pro,Credit card,34.0,86,2.0,103.7,1
14673,Female,East,Pro,Crypto,37.0,142,1.0,93.18,1
14674,Male,West,Pro,E-wallet,23.0,88,1.0,67.47,1
14675,Female,East,Basic,Credit card,41.0,92,5.0,0.0,1
14676,Non-Binary,South,Basic,Credit card,25.0,99,3.0,3.09,1
14677,Male,East,Pro,,18.0,126,4.0,161.63,1
14678,Unknown,East,Pro,Credit card,34.0,78,0.0,48.77,1
14679,Female,East,Basic,Paypal,33.0,100,2.0,0.0,1
14680,Female,North,Plus,Paypal,33.0,98,2.0,,0
14681,Male,North,Plus,Paypal,26.0,173,2.0,126.82,1
14682,Male,West,Basic,E-wallet,27.0,38,0.0,97.55,0
14683,Unknown,North,Pro,Credit card,,46,4.0,110.69,1
14684,Male,East,Plus,E-wallet,38.0,36,4.0,209.35,1
14685,Female,East,Basic,E-wallet,24.0,168,3.0,72.71,1
14686,Male,North,Pro,Credit card,14.0,91,2.0,146.35,1
14687,Male,North,Basic,Credit card,24.0,172,4.0,44.31,1
14688,Male,East,Basic,Paypal,35.0,29,2.0,0.45,1
14689,Female,East,Plus,E-wallet,27.0,67,2.0,220.22,0
14690,Unknown,South,Basic,E-wallet,,6,3.0,104.78,1
14691,Male,West,Basic,Credit card,28.0,96,2.0,36.17,0
14692,Male,North,Basic,E-wallet,33.0,46,1.0,31.25,0
14693,Male,West,Basic,Crypto,41.0,46,1.0,0.0,0
14694,Female,East,Basic,Credit card,,78,1.0,23.91,1
14695,Female,West,Pro,Paypal,34.0,125,3.0,37.31,1
14696,Non-Binary,North,Basic,Crypto,,98,5.0,31.75,1
14697,Female,North,Pro,Crypto,29.0,100,0.0,60.51,1
14698,Female,West,Pro,Paypal,42.0,132,2.0,114.97,1
14699,Male,North,Basic,Crypto,41.0,175,2.0,0.0,1
14700,Unknown,South,Pro,Crypto,54.0,86,4.0,70.97,1
14701,Male,East,Pro,Crypto,40.0,149,0.0,,1
14702,Male,East,Basic,E-wallet,,94,2.0,0.0,1
14703,Female,North,Basic,Crypto,24.0,150,2.0,0.0,1
14704,Female,East,Pro,Crypto,43.0,91,1.0,49.28,0
14705,Female,South,Plus,Credit card,25.0,172,2.0,98.33,1
14706,Female,North,Basic,Paypal,42.0,51,2.0,57.85,1
14707,Female,South,Basic,E-wallet,26.0,173,2.0,0.0,1
14708,Male,South,Basic,E-wallet,37.0,37,1.0,0.0,1
14709,Non-Binary,East,Basic,Paypal,23.0,167,0.0,,1
14710,Female,East,Pro,E-wallet,41.0,142,1.0,93.1,0
14711,Female,West,Basic,E-wallet,21.0,112,1.0,11.01,1
14712,Female,South,Basic,E-wallet,,139,0.0,51.06,1
14713,Male,East,Basic,Credit card,32.0,76,0.0,56.74,1
14714,Female,South,Basic,Credit card,35.0,66,3.0,67.32,1
14715,Female,West,Basic,E-wallet,30.0,120,2.0,0.0,1
14716,Male,South,Basic,Paypal,29.0,18,1.0,38.71,1
14717,Female,North,Basic,Paypal,35.0,89,0.0,15.32,1
14718,Unknown,West,Plus,Credit card,23.0,29,0.0,,0
14719,Female,West,Plus,Credit card,23.0,91,1.0,223.2,0
14720,Unknown,South,Basic,Crypto,30.0,17,0.0,32.24,0
14721,Male,South,Pro,Credit card,30.0,62,1.0,97.59,1
14722,Male,East,Basic,E-wallet,23.0,6,0.0,39.79,1
14723,Male,North,Basic,Credit card,43.0,87,0.0,0.0,1
14724,Female,West,Basic,Crypto,30.0,115,5.0,12.32,1
14725,Male,West,Basic,Crypto,31.0,62,4.0,40.04,1
14726,Male,West,Pro,Paypal,20.0,87,4.0,120.6,0
14727,Unknown,East,Basic,Paypal,54.0,74,3.0,86.51,1
14728,Non-Binary,North,Basic,E-wallet,58.0,122,2.0,107.58,1
14729,Female,West,Pro,Credit card,26.0,38,2.0,80.05,0
14730,Male,West,Pro,Crypto,46.0,170,0.0,86.83,1
14731,Male,East,Basic,Crypto,33.0,137,0.0,8.2,0
14732,Male,South,Basic,Paypal,50.0,106,2.0,35.18,1
14733,Female,West,Basic,Paypal,,19,2.0,19.69,1
14734,Unknown,North,Basic,Credit card,34.0,105,4.0,50.18,1
14735,Female,North,Basic,Crypto,,166,0.0,3.16,1
14736,Male,North,Basic,Paypal,25.0,98,0.0,0.0,1
14737,Female,North,Pro,Credit card,34.0,114,4.0,15.2,1
14738,Male,East,Pro,Credit card,35.0,155,4.0,42.9,1
14739,Male,West,Pro,Credit card,21.0,157,1.0,148.26,1
14740,Female,East,Basic,Paypal,26.0,57,1.0,69.95,0
14741,Female,North,Basic,,39.0,69,1.0,32.39,0
14742,Male,North,Basic,Paypal,20.0,61,3.0,33.22,1
14743,Male,North,Pro,E-wallet,35.0,128,1.0,49.49,1
14744,Unknown,East,Basic,E-wallet,46.0,152,1.0,4.26,1
14745,Male,North,Plus,E-wallet,37.0,166,4.0,152.26,1
14746,Male,West,Pro,Paypal,37.0,138,1.0,46.09,1
14747,Male,North,Plus,,13.0,58,2.0,246.22,0
14748,Male,West,Pro,E-wallet,25.0,164,0.0,146.95,1
14749,Male,West,Plus,Crypto,54.0,156,1.0,229.25,0
14750,Non-Binary,North,Pro,Crypto,28.0,97,1.0,53.9,0
14751,Male,East,Plus,Crypto,46.0,81,3.0,165.4,0
14752,Female,South,Basic,Crypto,27.0,136,1.0,104.65,1
14753,Female,South,Basic,E-wallet,31.0,45,1.0,0.0,1
14754,Female,West,Pro,Credit card,39.0,136,-1.0,94.26,1
14755,Non-Binary,East,Plus,Credit card,35.0,70,0.0,128.74,0
14756,Non-Binary,South,Basic,Crypto,37.0,102,0.0,33.97,1
14757,Male,North,Basic,Paypal,25.0,41,0.0,106.67,0
14758,Female,North,Pro,Crypto,22.0,161,3.0,122.92,1
14759,Female,West,Pro,Crypto,25.0,27,4.0,83.05,1
14760,Unknown,East,Basic,Credit card,28.0,99,3.0,42.53,1
14761,Female,East,Pro,Paypal,31.0,60,1.0,,1
14762,Unknown,South,Plus,Credit card,44.0,39,2.0,149.09,0
14763,Female,South,Plus,Paypal,,58,0.0,143.31,0
14764,Male,North,Basic,E-wallet,38.0,172,1.0,20.11,1
14765,Female,West,Basic,Credit card,35.0,166,2.0,5.43,1
14766,Unknown,East,Basic,E-wallet,,169,2.0,38.07,1
14767,Non-Binary,South,Basic,E-wallet,34.0,138,1.0,21.27,1
14768,Male,South,Basic,Crypto,,165,1.0,28.75,1
14769,Female,West,Pro,Paypal,41.0,56,2.0,91.13,1
14770,Male,West,Basic,Credit card,23.0,122,1.0,43.68,1
14771,Male,North,Plus,Crypto,13.0,139,3.0,130.69,1
14772,Female,West,Plus,Credit card,35.0,169,3.0,123.75,1
14773,Male,North,Basic,,37.0,136,1.0,38.66,1
14774,Non-Binary,North,Plus,,32.0,149,3.0,79.33,1
14775,Male,West,Pro,Credit card,34.0,165,2.0,58.54,1
14776,Non-Binary,West,Pro,Crypto,42.0,56,3.0,93.24,1
14777,Male,West,Basic,Paypal,29.0,66,2.0,6.95,1
14778,Male,West,Pro,Credit card,31.0,29,2.0,93.69,1
14779,Male,West,Basic,E-wallet,34.0,120,3.0,29.77,0
14780,Male,North,Pro,E-wallet,21.0,153,1.0,,0
14781,Male,South,Basic,Crypto,32.0,53,6.0,37.53,1
14782,Male,East,Pro,E-wallet,33.0,31,1.0,107.94,0
14783,Female,East,Basic,Credit card,50.0,21,0.0,84.05,0
14784,Male,North,Basic,Paypal,31.0,135,4.0,11.12,1
14785,Female,North,Pro,Credit card,36.0,108,0.0,90.62,0
14786,Male,South,Pro,Crypto,43.0,65,1.0,57.11,1
14787,Non-Binary,West,Basic,E-wallet,25.0,13,3.0,57.32,1
14788,Unknown,North,Basic,Credit card,47.0,132,1.0,10.68,1
14789,Female,East,Plus,Credit card,51.0,12,3.0,168.08,1
14790,Male,West,Pro,E-wallet,33.0,86,4.0,121.94,1
14791,Male,North,Basic,Paypal,28.0,123,0.0,3.05,1
14792,Unknown,West,Pro,,50.0,76,1.0,26.95,1
14793,Male,East,Basic,,41.0,82,0.0,0.0,1
14794,Male,West,Basic,E-wallet,34.0,23,1.0,106.31,1
14795,Male,North,Pro,Credit card,48.0,34,2.0,61.07,1
14796,Male,North,Plus,Crypto,47.0,67,2.0,210.59,1
14797,Male,East,Pro,Credit card,30.0,153,1.0,29.89,1
14798,Female,South,Basic,E-wallet,36.0,73,0.0,30.97,1
14799,Male,South,Plus,E-wallet,,165,0.0,190.3,1
14800,Female,West,Basic,Credit card,34.0,33,1.0,46.41,0
14801,Male,North,Plus,E-wallet,20.0,33,1.0,,0
14802,Male,North,Basic,Credit card,24.0,18,2.0,24.78,1
14803,Unknown,East,Basic,Credit card,20.0,2,4.0,0.0,1
14804,Male,East,Pro,Paypal,38.0,115,4.0,11.71,1
14805,Non-Binary,North,Basic,E-wallet,22.0,35,2.0,40.83,0
14806,Female,East,Pro,E-wallet,35.0,3,6.0,,1
14807,Male,South,Pro,Paypal,52.0,121,2.0,124.38,0
14808,Unknown,South,Basic,Paypal,48.0,153,4.0,0.0,1
14809,Male,West,Pro,Paypal,,130,1.0,,1
14810,Non-Binary,East,Basic,Crypto,21.0,127,1.0,38.25,1
14811,Male,West,Basic,E-wallet,26.0,176,2.0,4.53,1
14812,Non-Binary,East,Plus,Credit card,22.0,8,2.0,147.33,1
14813,Male,East,Plus,Credit card,17.0,45,6.0,106.55,1
14814,Female,South,Basic,Credit card,33.0,13,2.0,44.25,0
14815,Female,North,Pro,E-wallet,41.0,2,1.0,75.93,1
14816,Unknown,East,Basic,Crypto,43.0,1,2.0,41.96,1
14817,Unknown,East,Pro,E-wallet,29.0,85,1.0,119.09,1
14818,Non-Binary,East,Plus,E-wallet,31.0,160,1.0,109.96,1
14819,Non-Binary,North,Basic,E-wallet,37.0,99,1.0,41.55,1
14820,Male,West,Plus,E-wallet,32.0,137,2.0,121.05,1
14821,Male,West,Basic,E-wallet,42.0,110,2.0,67.54,1
14822,Male,East,Basic,Crypto,38.0,52,2.0,0.0,1
14823,Male,East,Plus,Paypal,30.0,171,1.0,141.91,1
14824,Male,West,Pro,Credit card,15.0,165,2.0,136.02,1
14825,Female,West,Basic,E-wallet,48.0,148,0.0,0.0,1
14826,Male,South,Pro,E-wallet,27.0,162,1.0,36.46,1
14827,Female,East,Basic,E-wallet,37.0,82,1.0,,1
14828,Male,West,Basic,Credit card,14.0,21,3.0,5.8,1
14829,Male,South,Plus,Crypto,33.0,19,3.0,228.06,1
14830,Female,North,Pro,Credit card,35.0,99,3.0,62.87,1
14831,Female,East,Plus,Crypto,35.0,109,2.0,169.25,1
14832,Female,West,Basic,Paypal,64.0,67,3.0,97.51,1
14833,Female,East,Pro,E-wallet,27.0,95,1.0,0.0,1
14834,Male,South,Plus,Crypto,42.0,7,3.0,127.92,0
14835,Female,West,Basic,Credit card,39.0,50,2.0,38.03,1
14836,Male,North,Basic,Crypto,27.0,153,0.0,116.02,1
14837,Male,North,Pro,Crypto,42.0,50,2.0,96.6,1
14838,Female,South,Basic,Paypal,32.0,153,1.0,0.0,1
14839,Male,North,Basic,E-wallet,42.0,46,2.0,52.91,1
14840,Male,North,Plus,E-wallet,53.0,42,2.0,241.25,0
14841,Unknown,North,Plus,,,136,3.0,128.03,1
14842,Unknown,North,Pro,Credit card,31.0,162,0.0,,0
14843,Male,North,Pro,Paypal,44.0,146,3.0,115.94,1
14844,Male,North,Plus,Crypto,47.0,175,2.0,190.12,1
14845,Male,North,Pro,Crypto,25.0,79,4.0,151.33,1
14846,Male,West,Basic,Credit card,29.0,155,1.0,83.67,1
14847,Unknown,North,Basic,E-wallet,40.0,2,4.0,13.95,1
14848,Male,West,Basic,,32.0,145,0.0,0.0,1
14849,Female,East,Basic,Paypal,24.0,12,0.0,0.0,0
14850,Male,South,Basic,Credit card,39.0,154,1.0,,1
14851,Unknown,North,Basic,Crypto,40.0,39,2.0,61.49,0
14852,Male,South,Basic,E-wallet,,38,5.0,22.66,1
14853,Female,North,Basic,E-wallet,34.0,57,2.0,90.23,1
14854,Male,West,Pro,Paypal,28.0,56,1.0,54.05,1
14855,Female,North,Basic,Paypal,23.0,23,3.0,70.02,1
14856,Male,East,Pro,Credit card,29.0,118,1.0,152.65,1
14857,Male,South,Basic,Credit card,,21,2.0,45.37,1
14858,Unknown,South,Plus,E-wallet,19.0,50,4.0,141.03,1
14859,Unknown,East,Plus,E-wallet,29.0,75,1.0,,0
14860,Non-Binary,West,Pro,Crypto,34.0,165,0.0,93.13,0
14861,Female,West,Pro,Crypto,45.0,126,1.0,153.71,1
14862,Non-Binary,East,Plus,Crypto,30.0,60,4.0,75.67,1
14863,Male,South,Basic,Paypal,21.0,48,2.0,0.0,1
14864,Male,North,Plus,Paypal,31.0,22,0.0,177.33,0
14865,Male,West,Pro,Crypto,28.0,3,0.0,67.79,0
14866,Female,North,Pro,E-wallet,39.0,75,-1.0,60.09,1
14867,Male,South,Basic,Credit card,30.0,36,1.0,,1
14868,Male,North,Pro,,6.0,92,0.0,0.0,1
14869,Female,East,Pro,Paypal,70.0,133,3.0,142.84,1
14870,Non-Binary,West,Pro,Crypto,35.0,155,4.0,77.95,1
14871,Male,West,Pro,Credit card,,135,4.0,71.48,1
14872,Male,East,Basic,Paypal,18.0,147,2.0,0.0,1
14873,Male,East,Basic,Credit card,19.0,143,2.0,103.98,1
14874,Male,West,Basic,Paypal,,140,2.0,0.0,1
14875,Male,West,Basic,Credit card,37.0,78,3.0,0.0,1
14876,Female,West,Basic,Credit card,,61,1.0,6.25,0
14877,Female,South,Basic,Paypal,36.0,110,2.0,24.9,1
14878,Female,South,Basic,Credit card,22.0,119,1.0,24.37,1
14879,Male,South,Basic,E-wallet,8.0,52,2.0,0.0,1
14880,Non-Binary,North,Basic,Paypal,32.0,121,1.0,0.0,1
14881,Male,South,Plus,Paypal,28.0,27,0.0,179.23,0
14882,Female,West,Pro,E-wallet,21.0,17,4.0,23.25,1
14883,Non-Binary,South,Pro,Credit card,42.0,6,1.0,63.82,0
14884,Male,West,Basic,E-wallet,18.0,20,1.0,34.58,0
14885,Male,East,Pro,Paypal,40.0,40,0.0,66.57,1
14886,Non-Binary,North,Pro,E-wallet,19.0,166,1.0,170.05,1
14887,Male,North,Plus,Credit card,35.0,107,0.0,198.34,1
14888,Female,East,Pro,E-wallet,43.0,137,1.0,89.58,1
14889,Male,West,Pro,Paypal,30.0,30,5.0,70.14,1
14890,Female,North,Plus,Credit card,50.0,41,0.0,110.77,1
14891,Male,South,Basic,Paypal,53.0,58,0.0,132.71,1
14892,Male,West,Basic,Paypal,36.0,117,0.0,13.21,1
14893,Female,North,Pro,Crypto,,103,0.0,53.08,1
14894,Male,East,Basic,Paypal,44.0,165,0.0,45.3,0
14895,Male,West,Basic,Paypal,39.0,42,1.0,0.0,1
14896,Male,North,Pro,Credit card,38.0,129,2.0,113.72,1
14897,Male,East,Basic,Credit card,28.0,133,1.0,42.41,0
14898,Male,West,Pro,Credit card,17.0,76,4.0,30.36,1
14899,Male,South,Plus,E-wallet,20.0,156,0.0,198.54,1
14900,Unknown,West,Basic,E-wallet,57.0,157,1.0,66.32,1
14901,Male,South,Basic,Credit card,37.0,88,5.0,34.01,1
14902,Female,West,Basic,E-wallet,,167,1.0,20.35,1
14903,Male,East,Basic,Crypto,46.0,98,2.0,0.0,1
14904,Male,South,Basic,E-wallet,26.0,36,4.0,28.45,0
14905,Unknown,South,Basic,Crypto,39.0,117,4.0,0.0,1
14906,Male,West,Basic,Credit card,34.0,134,0.0,63.12,1
14907,Unknown,North,Basic,Credit card,38.0,177,0.0,79.02,1
14908,Male,South,Pro,E-wallet,30.0,145,2.0,148.39,0
14909,Female,West,Plus,Credit card,24.0,135,1.0,194.78,1
14910,Female,East,Pro,Credit card,25.0,99,0.0,181.41,0
14911,Non-Binary,West,Pro,Paypal,26.0,54,0.0,50.95,1
14912,Female,West,Basic,Credit card,33.0,104,0.0,4.1,0
14913,Female,South,Pro,Paypal,,175,2.0,98.5,0
14914,Male,North,Basic,Credit card,,73,2.0,26.65,1
14915,Male,East,Basic,Crypto,35.0,57,3.0,9.36,1
14916,Unknown,South,Plus,Crypto,32.0,103,0.0,211.33,0
14917,Male,South,Basic,Credit card,35.0,15,4.0,0.0,1
14918,Male,South,Basic,Crypto,33.0,152,2.0,68.4,1
14919,Female,East,Plus,Crypto,59.0,28,1.0,176.2,1
14920,Male,North,Plus,Crypto,35.0,7,3.0,104.64,1
14921,Unknown,East,Basic,E-wallet,30.0,99,3.0,42.54,1
14922,Female,East,Basic,Crypto,35.0,122,2.0,0.0,1
14923,Female,North,Pro,Paypal,44.0,51,2.0,80.96,1
14924,Non-Binary,East,Pro,E-wallet,33.0,90,1.0,84.02,0
14925,Male,West,Basic,Paypal,40.0,76,0.0,32.26,1
14926,Male,East,Pro,Paypal,37.0,153,1.0,107.84,1
14927,Female,South,Plus,Paypal,31.0,105,2.0,124.55,1
14928,Male,East,Basic,E-wallet,35.0,24,3.0,0.0,1
14929,Female,South,Plus,Credit card,49.0,91,1.0,151.68,1
14930,Unknown,East,Plus,Crypto,36.0,72,2.0,104.95,0
14931,Female,South,Basic,,24.0,120,3.0,3.93,1
14932,Male,South,Pro,Credit card,30.0,25,2.0,69.79,1
14933,Unknown,South,Basic,,12.0,89,3.0,22.65,1
14934,Female,North,Pro,Paypal,35.0,174,4.0,72.29,1
14935,Female,East,Pro,E-wallet,47.0,85,2.0,79.71,1
14936,Male,East,Basic,Paypal,20.0,128,0.0,75.97,1
14937,Unknown,West,Pro,Crypto,35.0,139,0.0,113.82,1
14938,Female,West,Plus,Credit card,43.0,151,0.0,137.9,0
14939,Female,West,Basic,Crypto,44.0,29,0.0,55.44,1
14940,Non-Binary,East,Basic,Credit card,46.0,13,2.0,85.22,0
14941,Male,North,Basic,E-wallet,15.0,150,4.0,68.8,1
14942,Female,South,Pro,Paypal,39.0,129,4.0,53.41,1
14943,Non-Binary,East,Plus,Crypto,18.0,130,1.0,144.46,0
14944,Male,North,Plus,E-wallet,24.0,5,1.0,181.13,1
14945,Female,North,Basic,Crypto,42.0,148,3.0,15.39,1
14946,Unknown,East,Pro,Credit card,35.0,19,4.0,,1
14947,Female,South,Basic,Crypto,41.0,148,1.0,101.7,0
14948,Female,North,Basic,E-wallet,24.0,39,4.0,2.67,0
14949,Non-Binary,East,Basic,E-wallet,48.0,152,2.0,29.9,1
14950,Non-Binary,South,Basic,Paypal,40.0,114,3.0,7.47,1
14951,Male,West,Pro,Crypto,42.0,123,2.0,148.31,1
14952,Male,North,Plus,Credit card,23.0,70,4.0,144.86,1
14953,Female,North,Pro,,45.0,32,1.0,119.76,0
14954,Female,East,Pro,Paypal,30.0,50,4.0,78.68,0
14955,Female,East,Basic,Credit card,27.0,89,2.0,56.28,1
14956,Female,South,Plus,Credit card,40.0,89,1.0,195.86,1
14957,Male,West,Pro,Paypal,39.0,116,6.0,142.17,1
14958,Female,West,Plus,Credit card,25.0,78,4.0,172.12,1
14959,Male,East,Basic,E-wallet,54.0,19,4.0,48.32,1
14960,Female,East,Pro,E-wallet,52.0,18,0.0,89.08,0
14961,Female,South,Pro,Credit card,40.0,55,0.0,92.4,1
14962,Male,East,Basic,Crypto,38.0,0,1.0,67.72,0
14963,Male,South,Pro,Credit card,37.0,166,2.0,31.71,1
14964,Female,South,Plus,Crypto,18.0,36,4.0,146.8,1
14965,Female,West,Basic,Paypal,35.0,17,0.0,,1
14966,Male,South,Basic,E-wallet,34.0,78,1.0,1.8,1
14967,Unknown,West,Pro,,28.0,133,1.0,131.83,0
14968,Female,West,Basic,Paypal,30.0,100,2.0,0.0,1
14969,Unknown,West,Pro,Paypal,10.0,21,1.0,91.76,1
14970,Female,East,Pro,E-wallet,23.0,10,2.0,43.71,1
14971,Female,West,Basic,Paypal,43.0,71,2.0,38.55,1
14972,Non-Binary,South,Plus,Credit card,51.0,8,2.0,156.2,0
14973,Female,East,Pro,Credit card,24.0,140,2.0,55.63,0
14974,Female,South,Plus,Crypto,35.0,130,0.0,202.37,1
14975,Male,East,Pro,,44.0,134,0.0,52.92,1
14976,Female,South,Plus,Crypto,28.0,45,3.0,132.97,1
14977,Male,North,Basic,Credit card,,57,0.0,0.0,1
14978,Male,North,Basic,E-wallet,33.0,27,1.0,18.01,1
14979,Male,North,Basic,Crypto,45.0,30,1.0,0.0,1
14980,Male,South,Basic,Credit card,21.0,51,2.0,,0
14981,Unknown,East,Plus,E-wallet,22.0,136,2.0,235.12,0
14982,Male,West,Basic,Paypal,36.0,90,2.0,109.66,1
14983,Female,West,Plus,Credit card,34.0,7,1.0,215.25,1
14984,Non-Binary,South,Basic,Paypal,,107,1.0,0.0,1
14985,Female,South,Basic,Crypto,39.0,85,1.0,26.77,1
14986,Male,South,Plus,E-wallet,24.0,17,2.0,141.81,1
14987,Female,South,Basic,Credit card,20.0,119,0.0,0.0,1
14988,Female,West,Pro,Crypto,28.0,48,2.0,77.8,0
14989,Female,East,Basic,,30.0,10,1.0,30.95,0
14990,Female,West,Plus,E-wallet,,116,3.0,146.51,1
14991,Unknown,South,Pro,Paypal,46.0,129,2.0,100.16,0
14992,Female,North,Pro,Crypto,,156,1.0,77.8,1
14993,Male,West,Basic,E-wallet,39.0,52,4.0,9.44,1
14994,Female,North,Basic,E-wallet,,153,2.0,40.27,1
14995,Male,North,Plus,Credit card,29.0,178,4.0,193.69,1
14996,Non-Binary,South,Plus,Crypto,25.0,91,3.0,173.96,1
14997,Male,West,Basic,Paypal,22.0,5,2.0,26.61,1
14998,Male,East,Basic,Paypal,27.0,99,1.0,38.27,0
14999,Non-Binary,West,Basic,Crypto,,11,0.0,108.98,1
15000,Female,East,Basic,Paypal,22.0,161,4.0,0.0,1
15001,Male,East,Pro,E-wallet,35.0,120,0.0,95.71,0
15002,Female,South,Basic,E-wallet,32.0,126,1.0,54.91,1
15003,Non-Binary,East,Basic,Crypto,30.0,36,5.0,0.0,1
15004,Male,West,Pro,Paypal,45.0,124,2.0,76.29,1
15005,Non-Binary,West,Basic,E-wallet,9.0,164,3.0,36.13,1
15006,Male,North,Pro,Crypto,30.0,7,3.0,39.36,1
15007,Female,East,Plus,E-wallet,10.0,164,3.0,147.99,1
15008,Non-Binary,South,Basic,Crypto,36.0,119,4.0,0.0,1
15009,Male,South,Pro,Credit card,41.0,115,5.0,143.49,1
15010,Female,West,Basic,Credit card,20.0,173,2.0,0.0,1
15011,Male,East,Basic,Crypto,21.0,30,1.0,10.94,0
15012,Female,South,Basic,Credit card,17.0,138,1.0,0.0,1
15013,Female,East,Basic,Credit card,34.0,163,4.0,101.06,1
15014,Female,East,Basic,Paypal,30.0,144,2.0,91.92,0
15015,Male,North,Basic,Credit card,31.0,15,2.0,102.38,1
15016,Male,South,Plus,Paypal,,29,2.0,149.14,1
15017,Male,North,Pro,Credit card,24.0,38,3.0,137.0,1
15018,Male,South,Plus,Credit card,45.0,43,2.0,140.18,1
15019,Female,East,Pro,E-wallet,36.0,115,1.0,102.03,0
15020,Non-Binary,South,Basic,,22.0,36,1.0,42.81,1
15021,Female,West,Basic,Credit card,26.0,153,1.0,35.72,1
15022,Female,East,Basic,Crypto,25.0,148,0.0,,1
15023,Unknown,South,Basic,Crypto,48.0,91,1.0,54.14,0
15024,Female,North,Pro,E-wallet,41.0,18,1.0,94.99,1
15025,Unknown,North,Pro,Crypto,32.0,99,1.0,70.01,1
15026,Female,East,Basic,Crypto,51.0,138,3.0,75.09,1
15027,Male,North,Basic,Credit card,48.0,146,2.0,0.0,0
15028,Male,East,Basic,E-wallet,31.0,68,0.0,0.0,1
15029,Female,East,Basic,Crypto,29.0,129,3.0,0.0,1
15030,Male,East,Basic,,30.0,24,1.0,0.0,0
15031,Male,South,Pro,E-wallet,24.0,114,1.0,62.86,0
15032,Female,East,Basic,Credit card,51.0,89,1.0,43.48,1
15033,Female,North,Pro,E-wallet,23.0,29,2.0,52.61,0
15034,Female,West,Basic,E-wallet,42.0,16,1.0,54.87,0
15035,Male,South,Basic,Paypal,40.0,84,0.0,82.72,1
15036,Male,North,Plus,Paypal,30.0,145,1.0,228.12,1
15037,Female,East,Pro,Paypal,52.0,110,1.0,18.21,1
15038,Unknown,East,Basic,,18.0,91,0.0,62.67,0
15039,Female,West,Plus,Credit card,33.0,75,0.0,175.58,1
15040,Unknown,North,Basic,E-wallet,29.0,39,1.0,11.31,1
15041,Female,South,Basic,Credit card,43.0,133,0.0,22.16,1
15042,Female,North,Pro,Crypto,,87,1.0,80.19,1
15043,Male,East,Pro,Paypal,16.0,170,0.0,124.35,1
15044,Female,South,Basic,Paypal,46.0,144,4.0,64.48,1
15045,Female,East,Basic,,38.0,169,0.0,77.1,1
15046,Female,East,Plus,Credit card,23.0,146,1.0,131.17,1
15047,Female,North,Basic,E-wallet,30.0,110,3.0,26.64,1
15048,Female,West,Basic,Credit card,21.0,54,2.0,79.72,1
15049,Male,East,Pro,E-wallet,32.0,91,2.0,85.63,1
15050,Female,North,Plus,E-wallet,,156,5.0,212.13,1
15051,Male,South,Basic,Paypal,30.0,112,2.0,19.83,1
15052,Non-Binary,West,Pro,Credit card,29.0,7,4.0,138.45,1
15053,Male,East,Pro,Paypal,17.0,7,1.0,63.11,0
15054,Male,East,Basic,E-wallet,37.0,68,1.0,0.0,0
15055,Female,South,Pro,Paypal,14.0,42,3.0,102.6,1
15056,Female,North,Plus,Paypal,34.0,97,0.0,159.06,1
15057,Female,East,Basic,E-wallet,16.0,49,2.0,0.0,1
15058,Male,South,Basic,Crypto,34.0,3,4.0,,1
15059,Female,East,Plus,Crypto,33.0,107,2.0,193.47,1
15060,Male,North,Pro,Credit card,,35,0.0,72.92,1
15061,Unknown,West,Basic,Paypal,,132,0.0,81.73,0
15062,Unknown,North,Pro,Credit card,44.0,18,2.0,64.12,0
15063,Female,North,Pro,Paypal,17.0,169,4.0,67.4,1
15064,Male,North,Pro,Credit card,,109,2.0,22.88,1
15065,Female,South,Plus,Credit card,,142,0.0,227.13,0
15066,Male,East,Basic,,35.0,13,4.0,106.95,0
15067,Female,West,Basic,Crypto,25.0,47,3.0,92.51,1
15068,Male,South,Pro,Crypto,33.0,71,1.0,105.61,1
15069,Unknown,North,Basic,Crypto,30.0,103,1.0,0.0,1
15070,Male,West,Pro,E-wallet,22.0,74,5.0,86.72,1
15071,Female,North,Basic,Crypto,,107,3.0,0.0,1
15072,Female,North,Basic,E-wallet,39.0,109,1.0,57.18,1
15073,Female,North,Basic,Paypal,20.0,81,4.0,0.89,1
15074,Male,West,Pro,E-wallet,,62,1.0,69.37,1
15075,Unknown,East,Pro,Credit card,28.0,54,3.0,46.15,1
15076,Female,North,Basic,Credit card,17.0,31,1.0,83.25,0
15077,Female,East,Basic,Paypal,19.0,163,0.0,26.52,0
15078,Male,West,Basic,Paypal,21.0,108,3.0,98.28,1
15079,Female,West,Pro,Credit card,33.0,84,0.0,98.75,1
15080,Female,North,Basic,Crypto,29.0,111,0.0,98.58,0
15081,Male,East,Pro,Crypto,24.0,105,3.0,120.14,0
15082,Male,East,Pro,Crypto,30.0,56,4.0,114.96,0
15083,Non-Binary,North,Basic,Paypal,41.0,43,3.0,0.0,1
15084,Male,South,Pro,Credit card,37.0,161,1.0,25.3,1
15085,Male,South,Basic,E-wallet,,178,2.0,0.0,1
15086,Female,West,Pro,,31.0,91,1.0,85.8,1
15087,Female,West,Basic,Credit card,50.0,137,1.0,3.68,1
15088,Male,South,Basic,Crypto,37.0,111,2.0,54.16,1
15089,Female,South,Pro,Crypto,29.0,139,0.0,115.92,0
15090,Male,South,Basic,Crypto,34.0,168,1.0,26.61,1
15091,Male,North,Pro,Credit card,21.0,130,2.0,24.05,1
15092,Male,North,Pro,Crypto,30.0,64,3.0,144.69,1
15093,Non-Binary,North,Pro,Credit card,38.0,100,1.0,37.93,1
15094,Male,North,Basic,Paypal,40.0,39,2.0,74.53,0
15095,Male,North,Pro,E-wallet,29.0,101,2.0,151.29,0
15096,Female,North,Pro,Crypto,61.0,29,2.0,84.14,1
15097,Non-Binary,West,Basic,Paypal,,104,1.0,0.0,1
15098,Male,East,Pro,Paypal,17.0,42,1.0,69.22,0
15099,Female,West,Plus,Credit card,46.0,90,2.0,277.22,0
15100,Male,East,Basic,Paypal,40.0,29,1.0,53.01,0
15101,Female,West,Plus,Credit card,,40,1.0,167.72,0
15102,Female,West,Basic,Credit card,29.0,43,0.0,19.73,1
15103,Female,North,Basic,Paypal,37.0,36,0.0,31.95,1
15104,Male,North,Basic,Credit card,50.0,116,1.0,25.73,1
15105,Male,East,Pro,Credit card,36.0,133,1.0,71.56,1
15106,Male,East,Basic,Credit card,19.0,82,4.0,63.52,1
15107,Male,North,Plus,Paypal,0.0,123,3.0,,0
15108,Male,West,Plus,E-wallet,37.0,164,0.0,117.07,0
15109,Female,East,Pro,,24.0,0,0.0,154.89,1
15110,Unknown,South,Basic,Crypto,33.0,9,0.0,92.64,1
15111,Unknown,South,Plus,Paypal,25.0,25,5.0,166.48,1
15112,Non-Binary,South,Plus,Paypal,25.0,144,1.0,255.45,1
15113,Female,East,Basic,Credit card,26.0,63,2.0,0.0,1
15114,Female,North,Pro,Paypal,,154,0.0,87.77,1
15115,Male,North,Pro,Crypto,41.0,67,0.0,144.64,1
15116,Female,North,Pro,E-wallet,39.0,17,2.0,80.9,0
15117,Female,East,Basic,Paypal,21.0,82,2.0,0.0,1
15118,Female,East,Basic,Paypal,23.0,109,2.0,37.08,1
15119,Female,South,Basic,Paypal,37.0,177,1.0,65.5,1
15120,Male,East,Basic,,44.0,89,5.0,34.85,1
15121,Male,South,Pro,Crypto,44.0,19,0.0,,0
15122,Unknown,South,Plus,E-wallet,23.0,120,0.0,182.52,1
15123,Male,North,Plus,Crypto,43.0,61,3.0,83.17,1
15124,Female,East,Pro,Crypto,16.0,74,2.0,69.67,0
15125,Unknown,North,Pro,Paypal,31.0,24,1.0,102.45,1
15126,Female,North,Basic,,38.0,123,5.0,15.01,1
15127,Female,East,Pro,Crypto,13.0,82,1.0,50.16,1
15128,Male,East,Basic,E-wallet,,95,5.0,52.33,1
15129,Male,West,Basic,Credit card,47.0,64,2.0,101.16,0
15130,Non-Binary,South,Pro,,,66,1.0,102.55,1
15131,Female,West,Basic,Credit card,24.0,57,3.0,54.4,1
15132,Female,South,Basic,E-wallet,33.0,39,1.0,33.69,0
15133,Male,South,Plus,Paypal,41.0,174,4.0,183.43,1
15134,Male,South,Basic,Credit card,22.0,99,4.0,0.0,1
15135,Unknown,North,Basic,Paypal,32.0,170,3.0,,1
15136,Male,North,Basic,Credit card,43.0,135,2.0,38.01,1
15137,Female,East,Basic,Crypto,19.0,102,4.0,44.97,1
15138,Male,South,Basic,Paypal,37.0,61,6.0,66.56,1
15139,Female,South,Pro,E-wallet,16.0,161,1.0,36.56,1
15140,Unknown,South,Basic,Paypal,,7,2.0,20.77,1
15141,Female,North,Plus,E-wallet,28.0,24,4.0,180.19,1
15142,Male,East,Basic,Credit card,39.0,153,2.0,,1
15143,Female,North,Basic,Credit card,26.0,168,1.0,0.0,1
15144,Female,West,Pro,E-wallet,35.0,79,1.0,59.82,1
15145,Female,West,Pro,Credit card,27.0,71,0.0,,0
15146,Non-Binary,West,Pro,,28.0,62,2.0,115.31,1
15147,Female,East,Plus,Credit card,46.0,74,1.0,189.13,0
15148,Non-Binary,West,Basic,E-wallet,22.0,6,2.0,86.55,1
15149,Female,East,Basic,E-wallet,41.0,97,1.0,63.45,1
15150,Male,North,Plus,,33.0,84,5.0,245.03,1
15151,Male,North,Basic,E-wallet,,68,0.0,21.26,1
15152,Male,East,Basic,Credit card,21.0,49,2.0,79.88,0
15153,Unknown,North,Basic,E-wallet,22.0,170,5.0,0.0,1
15154,Female,North,Pro,Credit card,26.0,121,2.0,106.02,1
15155,Female,East,Basic,Credit card,32.0,16,0.0,33.88,0
15156,Male,West,Basic,Crypto,,148,2.0,23.35,1
15157,Male,East,Basic,Credit card,,5,0.0,26.69,0
15158,Female,South,Pro,E-wallet,31.0,108,2.0,82.34,1
15159,Female,North,Basic,E-wallet,33.0,74,0.0,42.93,1
15160,Male,East,Basic,E-wallet,38.0,81,1.0,23.59,1
15161,Female,North,Pro,Credit card,40.0,37,1.0,,1
15162,Male,West,Plus,E-wallet,20.0,62,2.0,109.16,1
15163,Male,North,Pro,Paypal,31.0,127,2.0,99.33,1
15164,Female,East,Pro,Paypal,46.0,139,0.0,99.54,0
15165,Male,West,Basic,E-wallet,20.0,149,1.0,23.58,1
15166,Unknown,West,Basic,Credit card,34.0,2,4.0,50.72,0
15167,Male,West,Basic,E-wallet,32.0,146,1.0,0.0,1
15168,Male,South,Plus,Paypal,28.0,170,1.0,157.06,1
15169,Male,East,Basic,Credit card,49.0,86,3.0,14.01,1
15170,Female,East,Plus,E-wallet,34.0,120,0.0,191.69,1
15171,Female,West,Plus,Credit card,49.0,132,3.0,181.66,1
15172,Female,North,Basic,E-wallet,34.0,28,4.0,49.05,1
15173,Male,West,Basic,,38.0,97,3.0,57.72,1
15174,Male,South,Basic,Credit card,28.0,107,1.0,0.0,1
15175,Female,West,Basic,Paypal,28.0,132,3.0,45.97,1
15176,Non-Binary,East,Basic,Paypal,38.0,172,2.0,82.77,1
15177,Non-Binary,West,Plus,Paypal,38.0,151,3.0,166.95,1
15178,Male,North,Basic,Paypal,39.0,102,3.0,26.14,1
15179,Female,East,Basic,E-wallet,37.0,148,1.0,30.3,1
15180,Unknown,North,Basic,E-wallet,20.0,31,2.0,23.99,1
15181,Male,West,Plus,Credit card,25.0,132,1.0,165.09,1
15182,Non-Binary,East,Pro,Crypto,42.0,145,2.0,70.03,1
15183,Male,South,Plus,Crypto,14.0,34,0.0,239.08,1
15184,Unknown,East,Plus,Credit card,36.0,101,1.0,157.12,1
15185,Female,North,Basic,Paypal,32.0,79,1.0,62.49,1
15186,Unknown,East,Basic,Crypto,42.0,98,3.0,23.8,1
15187,Female,South,Basic,Crypto,38.0,87,1.0,26.3,1
15188,Male,South,Basic,Credit card,27.0,132,3.0,60.82,1
15189,Unknown,South,Pro,Paypal,26.0,8,3.0,96.2,1
15190,Male,South,Basic,E-wallet,28.0,131,3.0,32.39,1
15191,Male,North,Basic,E-wallet,39.0,32,2.0,20.28,1
15192,Female,East,Pro,Crypto,10.0,90,1.0,93.55,0
15193,Female,West,Pro,E-wallet,35.0,149,1.0,89.79,1
15194,Unknown,South,Pro,Credit card,25.0,10,6.0,55.39,1
15195,Male,West,Basic,Crypto,35.0,68,1.0,48.88,1
15196,Female,West,Plus,,37.0,137,1.0,185.15,1
15197,Female,East,Pro,Paypal,,130,0.0,128.25,0
15198,Male,West,Basic,E-wallet,31.0,142,3.0,46.34,1
15199,Male,West,Pro,Paypal,35.0,122,0.0,81.56,1
15200,Male,North,Plus,Crypto,,109,5.0,116.43,1
15201,Male,West,Basic,E-wallet,32.0,164,1.0,9.51,1
15202,Unknown,East,Basic,Paypal,21.0,167,1.0,47.44,1
15203,Female,West,Basic,E-wallet,23.0,16,0.0,1.77,1
15204,Female,East,Basic,Crypto,20.0,147,1.0,0.0,1
15205,Unknown,South,Plus,Crypto,39.0,131,2.0,196.27,1
15206,Male,West,Basic,Crypto,,161,1.0,30.68,1
15207,Non-Binary,West,Pro,Credit card,33.0,94,4.0,78.43,1
15208,Female,West,Pro,Paypal,16.0,161,1.0,63.93,1
15209,Non-Binary,South,Pro,Paypal,33.0,66,1.0,,1
15210,Male,North,Basic,Crypto,40.0,27,5.0,28.25,1
15211,Unknown,West,Basic,Paypal,15.0,104,1.0,-10.0,1
15212,Male,East,Basic,,28.0,115,1.0,74.15,1
15213,Male,North,Basic,Paypal,18.0,163,0.0,0.0,1
15214,Female,North,Basic,E-wallet,29.0,162,2.0,,1
15215,Male,North,Plus,Paypal,24.0,168,1.0,199.34,0
15216,Female,West,Basic,Crypto,37.0,58,3.0,39.44,0
15217,Female,South,Pro,Paypal,35.0,73,0.0,55.1,1
15218,Female,South,Basic,E-wallet,46.0,144,2.0,0.0,1
15219,Male,West,Pro,E-wallet,33.0,29,4.0,84.76,1
15220,Male,East,Plus,E-wallet,37.0,51,2.0,171.04,0
15221,Male,East,Basic,Crypto,28.0,150,4.0,69.46,1
15222,Female,East,Plus,Credit card,22.0,18,2.0,183.61,0
15223,Male,West,Pro,Crypto,42.0,36,2.0,70.44,1
15224,Male,South,Plus,E-wallet,46.0,106,2.0,159.68,1
15225,Male,West,Pro,Paypal,41.0,35,1.0,105.25,1
15226,Male,South,Basic,E-wallet,35.0,67,1.0,90.82,1
15227,Female,North,Basic,Credit card,24.0,153,4.0,39.33,1
15228,Non-Binary,West,Basic,Credit card,,103,1.0,41.72,1
15229,Male,South,Pro,E-wallet,39.0,120,0.0,65.37,1
15230,Female,North,Plus,,54.0,154,2.0,155.49,1
15231,Female,North,Pro,Credit card,22.0,179,4.0,99.48,1
15232,Female,West,Basic,E-wallet,42.0,43,2.0,31.5,1
15233,Female,South,Plus,Crypto,39.0,32,3.0,161.14,1
15234,Female,North,Pro,Paypal,30.0,109,2.0,33.19,1
15235,Female,West,Basic,Crypto,,89,2.0,,1
15236,Male,North,Basic,Credit card,38.0,62,2.0,81.35,1
15237,Female,East,Basic,,24.0,71,3.0,85.29,1
15238,Female,West,Plus,Crypto,32.0,79,-1.0,212.58,0
15239,Male,North,Plus,Paypal,24.0,33,1.0,110.14,0
15240,Male,West,Basic,E-wallet,,110,1.0,70.0,1
15241,Unknown,West,Basic,Crypto,41.0,26,6.0,62.67,1
15242,Female,South,Pro,Paypal,43.0,163,3.0,166.4,1
15243,Female,South,Plus,Credit card,36.0,131,3.0,177.08,1
15244,Unknown,North,Pro,E-wallet,26.0,105,2.0,98.59,1
15245,Female,West,Pro,Credit card,37.0,52,2.0,,1
15246,Female,West,Basic,E-wallet,41.0,36,1.0,119.93,1
15247,Female,East,Pro,Crypto,14.0,99,0.0,78.21,1
15248,Non-Binary,West,Basic,Crypto,35.0,78,0.0,75.16,1
15249,Female,South,Plus,E-wallet,32.0,177,2.0,145.32,1
15250,Female,West,Basic,Credit card,43.0,112,2.0,29.31,1
15251,Male,South,Plus,Credit card,37.0,69,3.0,155.11,0
15252,Unknown,East,Basic,Credit card,38.0,153,0.0,0.27,1
15253,Female,North,Plus,Crypto,29.0,89,3.0,202.14,1
15254,Male,South,Basic,E-wallet,34.0,119,0.0,,1
15255,Non-Binary,North,Basic,E-wallet,,24,1.0,80.16,0
15256,Female,North,Pro,Credit card,33.0,160,1.0,95.31,1
15257,Male,North,Basic,Crypto,,164,1.0,86.05,1
15258,Female,North,Plus,E-wallet,18.0,165,3.0,111.4,1
15259,Female,South,Pro,E-wallet,,26,2.0,139.41,0
15260,Non-Binary,East,Pro,Credit card,13.0,12,2.0,134.4,1
15261,Male,West,Plus,,28.0,150,4.0,201.61,1
15262,Non-Binary,South,Plus,E-wallet,,86,2.0,183.94,0
15263,Female,East,Pro,Crypto,41.0,98,3.0,123.03,1
15264,Male,West,Plus,Paypal,24.0,87,1.0,170.95,0
15265,Unknown,North,Basic,E-wallet,37.0,164,1.0,46.4,1
15266,Female,West,Basic,E-wallet,48.0,139,0.0,27.49,1
15267,Male,West,Pro,Crypto,27.0,53,3.0,80.13,1
15268,Female,East,Basic,E-wallet,,19,2.0,0.0,1
15269,Non-Binary,West,Basic,,36.0,145,1.0,0.0,1
15270,Male,North,Basic,Crypto,22.0,6,3.0,113.65,1
15271,Male,South,Basic,Paypal,25.0,89,2.0,3.6,1
15272,Male,South,Plus,Paypal,43.0,93,2.0,131.44,1
15273,Male,East,Pro,E-wallet,52.0,129,2.0,135.04,1
15274,Female,North,Plus,Paypal,23.0,53,1.0,262.3,0
15275,Female,North,Pro,E-wallet,26.0,7,4.0,136.95,0
15276,Male,West,Basic,E-wallet,29.0,160,4.0,52.6,1
15277,Male,East,Basic,Crypto,28.0,173,1.0,0.0,1
15278,Male,North,Basic,Crypto,53.0,169,1.0,91.45,1
15279,Unknown,North,Plus,Crypto,28.0,118,2.0,165.27,1
15280,Male,North,Basic,E-wallet,30.0,127,1.0,0.0,1
15281,Unknown,South,Basic,Paypal,50.0,62,3.0,18.27,1
15282,Female,South,Plus,Paypal,,116,2.0,201.67,1
15283,Male,South,Pro,Crypto,43.0,108,2.0,55.59,1
15284,Non-Binary,West,Basic,Crypto,24.0,87,2.0,64.56,1
15285,Female,West,Basic,E-wallet,28.0,160,2.0,0.0,1
15286,Female,West,Plus,Credit card,23.0,68,2.0,128.9,1
15287,Unknown,North,Plus,Credit card,42.0,123,3.0,192.9,1
15288,Male,South,Basic,E-wallet,46.0,3,2.0,4.7,1
15289,Male,North,Basic,,28.0,105,2.0,63.04,1
15290,Female,North,Plus,Credit card,30.0,106,2.0,,1
15291,Male,East,Pro,Credit card,30.0,156,1.0,68.1,1
15292,Male,North,Plus,Crypto,18.0,20,3.0,193.43,0
15293,Male,West,Pro,Paypal,27.0,153,3.0,,1
15294,Male,South,Plus,Paypal,41.0,85,0.0,208.6,1
15295,Female,South,Basic,Crypto,25.0,40,4.0,26.91,1
15296,Male,North,Basic,Crypto,34.0,77,2.0,73.4,1
15297,Female,West,Pro,Crypto,20.0,161,1.0,86.75,1
15298,Female,West,Pro,Credit card,32.0,171,2.0,129.35,1
15299,Female,West,Plus,E-wallet,28.0,128,2.0,199.31,1
15300,Male,South,Basic,E-wallet,21.0,159,2.0,124.35,1
15301,Female,West,Plus,Credit card,41.0,159,0.0,193.15,1
15302,Male,West,Basic,Credit card,42.0,50,3.0,10.75,1
15303,Female,North,Pro,Crypto,24.0,117,2.0,97.45,1
15304,Non-Binary,East,Basic,Crypto,31.0,23,2.0,0.64,0
15305,Female,West,Pro,Paypal,34.0,171,0.0,48.86,1
15306,Female,North,Pro,Crypto,15.0,75,2.0,79.98,1
15307,Female,North,Basic,,20.0,83,2.0,36.52,1
15308,Male,West,Basic,Paypal,46.0,36,3.0,15.57,0
15309,Non-Binary,East,Pro,Crypto,23.0,83,1.0,19.83,1
15310,Non-Binary,South,Plus,Paypal,46.0,65,2.0,103.4,0
15311,Male,East,Basic,Paypal,20.0,13,4.0,48.89,1
15312,Female,West,Basic,Crypto,40.0,144,2.0,0.0,1
15313,Unknown,East,Basic,E-wallet,30.0,87,1.0,58.96,1
15314,Unknown,North,Plus,Credit card,,14,5.0,221.77,1
15315,Female,North,Basic,Credit card,52.0,60,0.0,13.04,1
15316,Female,East,Basic,Paypal,21.0,176,3.0,19.38,1
15317,Male,South,Pro,E-wallet,39.0,97,1.0,,1
15318,Unknown,East,Pro,,39.0,116,1.0,73.99,1
15319,Male,West,Basic,Crypto,67.0,135,2.0,0.0,1
15320,Female,South,Plus,Crypto,23.0,2,2.0,146.65,0
15321,Male,East,Pro,Credit card,27.0,74,0.0,72.15,1
15322,Male,East,Pro,Crypto,42.0,154,-1.0,113.56,1
15323,Female,South,Basic,Crypto,31.0,136,0.0,0.0,0
15324,Unknown,East,Plus,Paypal,29.0,14,1.0,196.07,0
15325,Male,West,Basic,E-wallet,,31,3.0,64.23,1
15326,Female,North,Basic,E-wallet,31.0,10,1.0,0.0,1
15327,Male,West,Basic,Crypto,25.0,130,2.0,71.7,0
15328,Male,East,Pro,Crypto,41.0,25,1.0,0.0,0
15329,Female,North,Pro,Crypto,37.0,6,2.0,,0
15330,Female,South,Pro,Credit card,30.0,91,3.0,30.5,1
15331,Male,West,Basic,Credit card,30.0,38,1.0,81.76,0
15332,Male,South,Pro,Paypal,24.0,3,1.0,103.85,1
15333,Male,North,Pro,Credit card,41.0,29,1.0,73.42,0
15334,Male,East,Basic,,30.0,165,2.0,62.15,1
15335,Unknown,North,Plus,Credit card,26.0,50,1.0,158.55,1
15336,Unknown,North,Basic,,21.0,35,5.0,122.73,1
15337,Male,South,Pro,Credit card,37.0,94,0.0,132.31,1
15338,Female,West,Basic,Credit card,28.0,112,3.0,90.69,1
15339,Unknown,North,Pro,Paypal,13.0,116,1.0,42.26,1
15340,Male,East,Plus,Crypto,21.0,59,4.0,240.64,0
15341,Non-Binary,North,Plus,Crypto,31.0,50,4.0,,1
15342,Unknown,South,Basic,Crypto,31.0,176,5.0,0.0,1
15343,Male,West,Basic,Paypal,31.0,14,3.0,11.61,1
15344,Male,East,Basic,E-wallet,30.0,90,2.0,69.44,1
15345,Unknown,South,Plus,Credit card,19.0,123,2.0,153.09,1
15346,Female,North,Pro,Paypal,,83,1.0,92.48,1
15347,Male,North,Basic,E-wallet,45.0,155,2.0,0.0,1
15348,Male,West,Basic,Paypal,44.0,152,2.0,35.3,1
15349,Female,South,Plus,Paypal,39.0,163,2.0,178.34,1
15350,Female,South,Pro,E-wallet,38.0,3,2.0,-10.0,1
15351,Female,West,Basic,Crypto,43.0,20,0.0,25.69,1
15352,Unknown,East,Basic,Credit card,22.0,90,1.0,31.13,1
15353,Male,South,Basic,Crypto,34.0,68,2.0,30.09,1
15354,Female,West,Pro,Paypal,22.0,137,3.0,137.97,1
15355,Female,South,Plus,E-wallet,22.0,49,3.0,205.89,1
15356,Female,West,Plus,Paypal,37.0,9,0.0,215.39,0
15357,Male,North,Basic,Crypto,43.0,89,3.0,14.79,1
15358,Unknown,North,Plus,Crypto,32.0,143,2.0,109.84,1
15359,Non-Binary,South,Basic,Crypto,50.0,165,0.0,6.69,1
15360,Female,South,Basic,Credit card,36.0,66,3.0,9.33,1
15361,Female,North,Plus,Crypto,26.0,19,1.0,104.18,1
15362,Male,East,Basic,,23.0,110,1.0,40.74,0
15363,Female,West,Basic,Credit card,44.0,68,1.0,50.54,1
15364,Female,East,Plus,,35.0,24,1.0,111.53,1
15365,Female,East,Basic,E-wallet,40.0,88,2.0,0.0,1
15366,Unknown,East,Pro,Paypal,7.0,53,2.0,67.89,1
15367,Female,North,Plus,Paypal,36.0,11,1.0,210.75,0
15368,Male,South,Pro,Credit card,28.0,64,2.0,10.63,1
15369,Female,East,Basic,Credit card,20.0,66,6.0,64.56,1
15370,Male,North,Basic,Credit card,33.0,148,0.0,38.57,1
15371,Male,West,Basic,Paypal,44.0,132,1.0,0.0,1
15372,Male,South,Basic,Credit card,56.0,78,0.0,9.21,0
15373,Female,West,Pro,E-wallet,36.0,131,2.0,57.67,1
15374,Female,East,Basic,E-wallet,26.0,18,2.0,53.77,1
15375,Female,South,Basic,Credit card,26.0,80,2.0,7.29,1
15376,Female,East,Pro,Paypal,43.0,54,2.0,66.8,0
15377,Female,South,Pro,Crypto,24.0,60,0.0,49.82,1
15378,Male,East,Plus,Paypal,40.0,100,5.0,189.98,1
15379,Non-Binary,West,Basic,Crypto,36.0,151,1.0,0.0,1
15380,Male,West,Plus,Crypto,35.0,146,5.0,139.09,1
15381,Male,East,Pro,Credit card,18.0,23,4.0,59.97,1
15382,Female,South,Basic,E-wallet,,53,4.0,16.03,1
15383,Male,West,Basic,Credit card,19.0,148,0.0,0.0,0
15384,Male,South,Basic,Crypto,28.0,80,2.0,,0
15385,Female,South,Pro,Credit card,43.0,18,2.0,64.18,1
15386,Female,West,Basic,Crypto,46.0,177,3.0,0.0,1
15387,Female,North,Plus,Credit card,36.0,150,4.0,156.36,1
15388,Unknown,North,Pro,E-wallet,28.0,36,1.0,101.97,1
15389,Female,South,Plus,E-wallet,49.0,27,1.0,134.36,1
15390,Non-Binary,West,Basic,Paypal,28.0,79,2.0,0.0,1
15391,Male,North,Basic,,22.0,70,0.0,0.0,1
15392,Female,East,Basic,Crypto,40.0,148,1.0,28.37,0
15393,Non-Binary,South,Basic,,38.0,20,5.0,0.0,1
15394,Female,North,Plus,,28.0,168,0.0,142.55,1
15395,Female,West,Basic,E-wallet,35.0,34,3.0,0.0,1
15396,Male,West,Basic,Credit card,38.0,109,1.0,2.93,1
15397,Male,South,Basic,Paypal,36.0,0,5.0,17.63,1
15398,Female,West,Basic,E-wallet,38.0,91,3.0,35.6,1
15399,Male,East,Plus,Credit card,28.0,90,2.0,125.57,1
15400,Non-Binary,East,Pro,E-wallet,39.0,69,1.0,50.77,1
15401,Male,North,Pro,Crypto,34.0,131,3.0,96.48,1
15402,Unknown,West,Basic,Paypal,29.0,0,2.0,69.41,1
15403,Unknown,East,Plus,E-wallet,31.0,148,0.0,89.36,1
15404,Male,South,Pro,Paypal,33.0,98,5.0,73.48,1
15405,Male,West,Basic,Credit card,19.0,91,-1.0,32.63,1
15406,Non-Binary,North,Basic,Paypal,27.0,81,2.0,-10.0,1
15407,Unknown,South,Plus,Credit card,34.0,115,2.0,173.57,0
15408,Female,South,Pro,Paypal,20.0,124,2.0,,1
15409,Male,South,Pro,Credit card,27.0,51,1.0,90.71,1
15410,Female,East,Basic,Credit card,57.0,98,2.0,49.83,1
15411,Female,South,Basic,Credit card,22.0,52,0.0,47.01,0
15412,Male,East,Pro,E-wallet,30.0,84,1.0,60.61,1
15413,Female,South,Pro,Crypto,25.0,79,1.0,,0
15414,Male,East,Pro,Paypal,32.0,55,0.0,120.39,0
15415,Male,West,Pro,Crypto,25.0,102,2.0,55.54,1
15416,Male,East,Basic,Crypto,,86,1.0,30.93,1
15417,Male,East,Pro,,,32,1.0,60.58,1
15418,Male,West,Plus,Crypto,44.0,22,4.0,162.57,0
15419,Female,South,Plus,Paypal,34.0,5,2.0,107.21,1
15420,Male,West,Basic,Paypal,23.0,84,1.0,0.0,1
15421,Male,South,Basic,Crypto,42.0,174,1.0,43.62,1
15422,Male,East,Plus,Paypal,24.0,4,2.0,147.77,1
15423,Unknown,South,Pro,,18.0,76,2.0,150.15,0
15424,Female,East,Pro,Credit card,33.0,82,1.0,122.85,1
15425,Female,South,Plus,,53.0,8,1.0,227.03,0
15426,Female,East,Pro,E-wallet,,2,2.0,82.92,0
15427,Unknown,East,Pro,Crypto,20.0,45,3.0,48.13,0
15428,Male,North,Basic,,41.0,38,2.0,0.0,0
15429,Female,South,Basic,Crypto,27.0,12,4.0,20.15,1
15430,Female,South,Basic,Paypal,40.0,40,1.0,7.22,1
15431,Female,North,Plus,Crypto,25.0,138,1.0,158.19,1
15432,Male,East,Basic,E-wallet,35.0,40,1.0,0.0,0
15433,Female,East,Basic,Paypal,51.0,74,3.0,0.0,0
15434,Male,North,Plus,Paypal,22.0,174,3.0,137.56,1
15435,Female,North,Pro,E-wallet,44.0,176,3.0,71.95,1
15436,Female,West,Pro,Paypal,40.0,34,4.0,3.57,1
15437,Male,East,Basic,Crypto,19.0,162,2.0,0.0,1
15438,Non-Binary,West,Plus,E-wallet,,66,1.0,112.22,1
15439,Male,South,Basic,Credit card,,131,4.0,79.45,0
15440,Non-Binary,West,Basic,Crypto,34.0,23,1.0,28.88,1
15441,Female,North,Basic,Paypal,,93,1.0,22.12,1
15442,Male,North,Basic,Crypto,,95,4.0,0.0,1
15443,Male,North,Basic,E-wallet,34.0,112,2.0,50.22,1
15444,Unknown,North,Pro,Paypal,36.0,83,4.0,39.32,1
15445,Male,West,Basic,Paypal,41.0,163,3.0,103.79,1
15446,Male,West,Pro,E-wallet,18.0,55,2.0,152.53,1
15447,Male,West,Basic,Credit card,46.0,3,3.0,98.67,1
15448,Female,North,Basic,Paypal,22.0,167,3.0,39.63,1
15449,Female,North,Pro,Paypal,41.0,170,1.0,,1
15450,Male,East,Plus,Paypal,34.0,57,2.0,144.61,1
15451,Male,East,Plus,Credit card,21.0,61,1.0,131.62,1
15452,Male,North,Plus,Crypto,,134,2.0,176.1,1
15453,Male,East,Pro,Credit card,,136,0.0,,1
15454,Female,South,Pro,Crypto,44.0,21,2.0,-10.0,1
15455,Female,South,Pro,Paypal,26.0,3,3.0,56.53,1
15456,Male,North,Pro,,19.0,127,2.0,114.36,1
15457,Male,West,Basic,Crypto,49.0,163,2.0,54.37,1
15458,Male,South,Pro,Crypto,35.0,34,3.0,74.56,1
15459,Unknown,South,Basic,Crypto,42.0,32,2.0,0.0,1
15460,Unknown,West,Basic,Paypal,25.0,134,3.0,0.0,1
15461,Non-Binary,East,Pro,E-wallet,15.0,104,4.0,93.63,1
15462,Male,West,Basic,Credit card,50.0,120,2.0,0.0,1
15463,Male,East,Basic,Crypto,33.0,174,0.0,0.0,1
15464,Male,East,Basic,Paypal,38.0,63,2.0,20.4,1
15465,Male,West,Plus,Paypal,40.0,120,2.0,113.52,0
15466,Female,East,Basic,Paypal,30.0,170,3.0,35.93,1
15467,Female,South,Basic,Paypal,36.0,17,1.0,11.67,1
15468,Non-Binary,North,Plus,Crypto,49.0,2,0.0,166.94,0
15469,Non-Binary,East,Basic,Credit card,,58,0.0,88.79,1
15470,Male,South,Basic,Paypal,43.0,115,1.0,25.15,1
15471,Female,West,Basic,Credit card,14.0,38,2.0,12.16,1
15472,Male,East,Basic,Credit card,45.0,63,1.0,60.93,1
15473,Male,South,Basic,Credit card,18.0,80,4.0,,1
15474,Female,East,Basic,,,59,2.0,0.0,1
15475,Male,West,Basic,Paypal,37.0,104,3.0,77.34,0
15476,Female,North,Plus,Paypal,33.0,169,3.0,128.14,1
15477,Male,East,Pro,Paypal,33.0,108,2.0,47.56,1
15478,Female,North,Pro,Credit card,31.0,4,2.0,129.49,1
15479,Female,East,Basic,Paypal,25.0,45,2.0,73.48,1
15480,Male,East,Basic,Paypal,31.0,131,1.0,15.52,1
15481,Non-Binary,West,Plus,Credit card,56.0,13,0.0,177.69,0
15482,Male,East,Basic,Paypal,47.0,10,2.0,0.0,0
15483,Female,South,Plus,Crypto,25.0,21,4.0,175.51,1
15484,Female,South,Basic,E-wallet,36.0,105,0.0,0.0,1
15485,Female,North,Plus,Crypto,,4,5.0,199.62,0
15486,Unknown,North,Basic,Crypto,32.0,139,1.0,18.54,1
15487,Male,South,Basic,Crypto,23.0,148,1.0,0.0,1
15488,Female,North,Pro,Credit card,,78,1.0,83.41,1
15489,Female,North,Pro,Paypal,42.0,23,1.0,27.45,1
15490,Unknown,South,Basic,,25.0,12,1.0,42.13,1
15491,Male,South,Plus,Crypto,53.0,95,0.0,163.85,0
15492,Female,South,Basic,Paypal,49.0,25,3.0,,1
15493,Female,West,Basic,Credit card,39.0,39,0.0,11.05,1
15494,Male,West,Pro,Crypto,21.0,25,1.0,26.04,1
15495,Female,South,Pro,Paypal,38.0,172,2.0,61.66,1
15496,Male,East,Plus,Paypal,36.0,29,2.0,96.13,0
15497,Female,South,Basic,E-wallet,39.0,63,0.0,,1
15498,Non-Binary,West,Basic,Crypto,49.0,110,2.0,0.0,1
15499,Female,North,Pro,Crypto,,72,1.0,16.31,1
15500,Female,East,Basic,E-wallet,54.0,87,1.0,,1
15501,Female,East,Basic,,38.0,123,2.0,103.72,1
15502,Male,North,Basic,Paypal,31.0,165,1.0,16.57,1
15503,Male,East,Basic,Crypto,,145,3.0,38.99,1
15504,Female,North,Basic,Crypto,,136,1.0,0.0,0
15505,Male,West,Basic,E-wallet,29.0,127,3.0,29.27,1
15506,Male,East,Pro,Crypto,34.0,37,0.0,,0
15507,Female,East,Pro,Crypto,40.0,148,1.0,15.81,1
15508,Male,North,Basic,Credit card,32.0,70,1.0,76.44,0
15509,Male,North,Basic,E-wallet,35.0,139,3.0,16.62,1
15510,Female,West,Basic,Paypal,25.0,35,2.0,47.49,1
15511,Male,North,Basic,Crypto,17.0,121,3.0,107.58,1
15512,Unknown,North,Pro,Paypal,35.0,10,2.0,44.21,1
15513,Non-Binary,West,Plus,Crypto,35.0,127,1.0,180.81,1
15514,Female,South,Pro,Credit card,39.0,26,3.0,38.39,1
15515,Male,South,Pro,E-wallet,,73,2.0,54.29,1
15516,Female,North,Basic,E-wallet,20.0,80,4.0,54.43,1
15517,Non-Binary,West,Basic,Paypal,24.0,106,5.0,11.26,1
15518,Female,South,Plus,Credit card,44.0,64,1.0,145.75,0
15519,Male,West,Plus,Paypal,27.0,161,0.0,118.15,1
15520,Female,North,Basic,Credit card,29.0,126,2.0,7.46,1
15521,Non-Binary,North,Basic,Crypto,30.0,33,3.0,,1
15522,Female,West,Pro,Crypto,27.0,63,0.0,99.06,0
15523,Female,East,Basic,,27.0,16,1.0,29.73,1
15524,Female,North,Pro,Crypto,,178,2.0,84.13,1
15525,Female,North,Plus,E-wallet,48.0,104,3.0,184.86,0
15526,Male,North,Basic,Credit card,40.0,88,0.0,76.79,0
15527,Female,North,Plus,Credit card,46.0,107,1.0,62.6,0
15528,Male,West,Plus,Paypal,48.0,175,1.0,230.73,1
15529,Female,West,Plus,Credit card,10.0,138,1.0,155.41,1
15530,Male,West,Basic,Paypal,37.0,147,2.0,117.74,1
15531,Female,West,Basic,Credit card,28.0,67,2.0,48.94,0
15532,Male,East,Pro,,45.0,161,1.0,99.21,0
15533,Female,West,Basic,E-wallet,26.0,41,2.0,9.14,1
15534,Female,West,Basic,E-wallet,23.0,168,0.0,4.6,1
15535,Male,North,Basic,Paypal,19.0,144,2.0,74.64,0
15536,Male,East,Pro,Paypal,30.0,11,3.0,86.67,0
15537,Male,North,Basic,Crypto,43.0,67,0.0,71.06,1
15538,Non-Binary,East,Basic,Paypal,36.0,40,0.0,0.02,0
15539,Female,South,Basic,Paypal,21.0,141,2.0,11.3,1
15540,Female,East,Pro,E-wallet,55.0,3,2.0,0.0,1
15541,Male,East,Pro,,40.0,125,2.0,9.56,1
15542,Female,North,Basic,Paypal,41.0,76,3.0,39.35,1
15543,Non-Binary,East,Plus,Crypto,46.0,73,0.0,98.65,0
15544,Non-Binary,East,Basic,Credit card,17.0,141,0.0,60.16,1
15545,Female,North,Pro,Paypal,24.0,8,3.0,73.32,1
15546,Male,South,Pro,,42.0,170,2.0,66.52,1
15547,Male,South,Pro,Credit card,25.0,147,1.0,65.7,1
15548,Male,South,Basic,Credit card,,0,3.0,56.0,1
15549,Male,East,Plus,Credit card,33.0,107,4.0,208.96,0
15550,Male,North,Plus,Credit card,21.0,92,1.0,71.79,0
15551,Male,South,Pro,Paypal,30.0,71,0.0,98.59,0
15552,Male,South,Basic,Credit card,43.0,16,1.0,51.54,1
15553,Unknown,South,Basic,Credit card,41.0,88,2.0,34.54,1
15554,Female,South,Pro,Crypto,45.0,19,2.0,87.23,1
15555,Non-Binary,North,Basic,Crypto,44.0,58,0.0,41.57,1
15556,Female,South,Pro,Credit card,38.0,140,3.0,134.65,0
15557,Male,East,Basic,Paypal,37.0,120,1.0,32.32,0
15558,Female,East,Pro,Crypto,,76,2.0,21.82,1
15559,Male,North,Basic,Crypto,27.0,174,1.0,28.9,0
15560,Female,West,Basic,Credit card,23.0,49,4.0,0.0,0
15561,Male,South,Basic,Paypal,27.0,93,4.0,0.0,1
15562,Unknown,South,Basic,E-wallet,30.0,167,2.0,18.33,1
15563,Male,East,Pro,Paypal,27.0,134,1.0,82.47,1
15564,Male,North,Pro,Crypto,38.0,54,1.0,57.56,1
15565,Unknown,West,Pro,,36.0,50,2.0,142.74,0
15566,Male,East,Pro,Crypto,37.0,75,0.0,78.23,0
15567,Female,West,Pro,Crypto,37.0,129,2.0,135.92,1
15568,Female,North,Basic,Crypto,45.0,13,2.0,4.16,1
15569,Non-Binary,North,Basic,Credit card,33.0,105,1.0,97.8,0
15570,Unknown,North,Basic,Credit card,44.0,144,2.0,0.0,1
15571,Unknown,East,Pro,Credit card,39.0,76,5.0,114.98,1
15572,Male,North,Basic,Crypto,45.0,128,1.0,92.37,1
15573,Non-Binary,East,Basic,Credit card,50.0,118,4.0,23.76,1
15574,Female,East,Pro,Crypto,39.0,110,4.0,64.12,1
15575,Female,South,Plus,Paypal,35.0,0,1.0,168.22,0
15576,Male,East,Pro,E-wallet,34.0,110,0.0,87.82,1
15577,Female,East,Pro,Paypal,29.0,25,1.0,58.19,0
15578,Unknown,South,Pro,E-wallet,28.0,115,1.0,68.36,1
15579,Unknown,West,Basic,Credit card,43.0,173,4.0,78.22,1
15580,Female,South,Pro,E-wallet,24.0,12,3.0,38.41,0
15581,Male,South,Plus,Paypal,,33,2.0,224.27,0
15582,Male,North,Basic,Paypal,32.0,61,2.0,0.0,1
15583,Non-Binary,North,Basic,E-wallet,62.0,72,0.0,64.46,0
15584,Female,South,Basic,,27.0,50,2.0,91.07,1
15585,Female,North,Basic,,,40,1.0,1.86,1
15586,Male,South,Plus,,30.0,54,3.0,,1
15587,Female,North,Basic,E-wallet,26.0,155,3.0,24.36,1
15588,Female,East,Basic,Credit card,44.0,93,2.0,0.0,0
15589,Unknown,North,Plus,E-wallet,22.0,134,3.0,167.28,1
15590,Female,North,Pro,Crypto,27.0,1,0.0,65.66,0
15591,Male,East,Pro,Crypto,39.0,1,2.0,112.56,1
15592,Female,South,Plus,Credit card,41.0,155,0.0,168.0,1
15593,Male,North,Basic,Credit card,20.0,53,1.0,97.4,0
15594,Unknown,North,Pro,,39.0,93,3.0,88.41,1
15595,Male,East,Basic,E-wallet,,57,3.0,37.71,0
15596,Female,East,Basic,Crypto,24.0,174,2.0,52.71,1
15597,Male,East,Basic,Paypal,26.0,60,3.0,131.47,1
15598,Female,West,Basic,Crypto,13.0,103,1.0,62.84,1
15599,Female,East,Plus,Paypal,51.0,167,4.0,145.04,1
15600,Female,South,Plus,Paypal,44.0,17,1.0,154.27,1
15601,Male,North,Plus,Crypto,21.0,141,2.0,101.37,1
15602,Male,North,Basic,,41.0,24,0.0,6.23,1
15603,Male,West,Plus,Crypto,28.0,137,3.0,80.39,1
15604,Female,North,Pro,Credit card,43.0,99,1.0,106.64,0
15605,Male,North,Basic,E-wallet,,47,5.0,0.0,1
15606,Female,South,Pro,Paypal,30.0,175,2.0,75.97,1
15607,Non-Binary,North,Basic,Crypto,31.0,52,0.0,3.44,1
15608,Non-Binary,South,Basic,Crypto,27.0,136,2.0,22.73,1
15609,Female,West,Plus,E-wallet,47.0,138,1.0,198.73,1
15610,Female,South,Pro,E-wallet,42.0,26,3.0,,1
15611,Male,East,Basic,E-wallet,35.0,58,0.0,0.0,1
15612,Female,East,Pro,Paypal,44.0,140,1.0,0.0,1
15613,Non-Binary,West,Plus,Crypto,17.0,138,2.0,153.15,1
15614,Male,North,Pro,Paypal,21.0,56,0.0,100.76,0
15615,Female,South,Basic,Paypal,38.0,109,1.0,0.96,0
15616,Non-Binary,East,Basic,Credit card,41.0,105,0.0,57.65,1
15617,Non-Binary,South,Basic,E-wallet,36.0,23,1.0,30.52,1
15618,Male,East,Plus,Credit card,15.0,176,1.0,,1
15619,Female,South,Basic,Credit card,23.0,167,3.0,60.53,1
15620,Male,North,Basic,Paypal,38.0,78,0.0,30.55,1
15621,Male,West,Basic,Paypal,58.0,83,1.0,25.03,0
15622,Unknown,North,Plus,Crypto,46.0,1,2.0,84.23,0
15623,Non-Binary,South,Pro,Credit card,49.0,142,1.0,16.89,1
15624,Female,East,Pro,E-wallet,37.0,47,0.0,38.09,0
15625,Male,East,Basic,Credit card,37.0,97,3.0,42.69,1
15626,Non-Binary,West,Basic,Crypto,23.0,45,0.0,52.16,1
15627,Female,North,Plus,Credit card,43.0,94,0.0,139.55,1
15628,Male,North,Plus,Credit card,33.0,157,1.0,198.91,1
15629,Female,North,Plus,Credit card,40.0,155,2.0,-10.0,0
15630,Male,East,Plus,Crypto,34.0,179,1.0,189.32,1
15631,Female,West,Plus,Credit card,,96,3.0,176.85,0
15632,Female,East,Pro,Paypal,33.0,168,3.0,60.7,1
15633,Male,North,Plus,Credit card,36.0,112,2.0,109.45,0
15634,Male,South,Pro,Paypal,44.0,20,2.0,48.64,0
15635,Male,East,Basic,Credit card,21.0,86,2.0,89.8,0
15636,Male,West,Basic,Paypal,19.0,41,3.0,23.99,1
15637,Female,North,Plus,Credit card,38.0,12,1.0,,0
15638,Non-Binary,South,Basic,E-wallet,48.0,44,2.0,0.0,1
15639,Male,East,Plus,Paypal,50.0,89,0.0,129.32,0
15640,Male,South,Basic,E-wallet,21.0,146,1.0,0.0,1
15641,Female,South,Basic,,,154,0.0,19.75,1
15642,Non-Binary,West,Basic,Credit card,19.0,167,1.0,,1
15643,Male,East,Basic,Crypto,28.0,134,2.0,80.91,1
15644,Male,West,Basic,Credit card,45.0,24,1.0,13.36,1
15645,Female,North,Basic,Crypto,33.0,176,5.0,69.08,1
15646,Male,South,Plus,E-wallet,30.0,103,4.0,161.56,1
15647,Male,West,Basic,Crypto,39.0,163,2.0,13.79,1
15648,Female,West,Basic,Crypto,26.0,70,0.0,58.38,1
15649,Female,North,Basic,Crypto,49.0,118,2.0,8.43,1
15650,Female,East,Pro,Crypto,34.0,83,1.0,91.07,1
15651,Female,West,Pro,E-wallet,29.0,151,1.0,,1
15652,Female,South,Pro,Crypto,39.0,91,1.0,26.11,1
15653,Male,South,Basic,Credit card,43.0,112,2.0,24.23,1
15654,Male,South,Basic,Paypal,49.0,68,2.0,0.0,0
15655,Male,South,Pro,Paypal,31.0,51,0.0,137.9,0
15656,Male,West,Plus,Credit card,44.0,163,0.0,212.44,1
15657,Female,South,Basic,E-wallet,35.0,178,0.0,0.0,1
15658,Non-Binary,West,Basic,Credit card,27.0,32,1.0,26.63,1
15659,Unknown,East,Basic,Credit card,26.0,52,1.0,93.5,1
15660,Female,South,Basic,Crypto,23.0,37,3.0,45.14,1
15661,Male,East,Pro,Crypto,26.0,171,1.0,82.55,1
15662,Male,West,Pro,E-wallet,45.0,4,1.0,65.46,0
15663,Non-Binary,North,Basic,E-wallet,41.0,117,2.0,41.35,0
15664,Female,East,Basic,Paypal,21.0,30,4.0,52.03,0
15665,Female,South,Plus,E-wallet,16.0,136,1.0,153.18,1
15666,Female,North,Plus,Credit card,22.0,31,4.0,222.82,1
15667,Female,East,Plus,Paypal,26.0,168,2.0,192.93,1
15668,Non-Binary,West,Basic,Paypal,30.0,4,3.0,76.87,1
15669,Male,West,Pro,Crypto,,178,0.0,104.04,0
15670,Female,West,Basic,Crypto,28.0,53,4.0,33.19,0
15671,Non-Binary,East,Basic,Paypal,50.0,27,0.0,59.65,0
15672,Male,West,Basic,Crypto,17.0,170,0.0,63.07,1
15673,Female,East,Pro,Crypto,30.0,11,4.0,,1
15674,Male,South,Basic,Crypto,41.0,16,2.0,19.31,1
15675,Unknown,South,Plus,Paypal,42.0,7,1.0,142.01,0
15676,Male,East,Basic,Paypal,,17,3.0,91.79,1
15677,Female,East,Basic,Paypal,44.0,116,0.0,84.41,1
15678,Male,North,Basic,Credit card,42.0,9,5.0,53.01,1
15679,Female,West,Basic,Paypal,27.0,38,1.0,115.72,1
15680,Male,South,Basic,Crypto,37.0,40,0.0,6.07,0
15681,Male,South,Basic,Paypal,41.0,107,5.0,55.16,1
15682,Female,North,Basic,Credit card,27.0,43,2.0,0.0,1
15683,Unknown,East,Basic,Crypto,50.0,42,1.0,0.0,1
15684,Male,East,Pro,E-wallet,25.0,174,4.0,36.29,0
15685,Male,North,Basic,,35.0,110,1.0,0.0,1
15686,Female,West,Pro,Paypal,21.0,175,3.0,78.56,1
15687,Female,East,Pro,E-wallet,35.0,18,1.0,80.46,0
15688,Unknown,East,Basic,Crypto,23.0,20,2.0,81.24,1
15689,Male,West,Plus,Paypal,31.0,2,1.0,159.66,1
15690,Female,West,Pro,Credit card,,103,1.0,83.49,1
15691,Male,North,Basic,Crypto,41.0,55,3.0,99.0,1
15692,Male,North,Plus,Paypal,37.0,126,3.0,200.28,1
15693,Female,North,Plus,Crypto,44.0,170,3.0,159.75,1
15694,Female,East,Plus,,30.0,128,2.0,122.99,1
15695,Female,North,Pro,E-wallet,45.0,87,0.0,34.84,1
15696,Male,East,Basic,Paypal,34.0,35,0.0,19.22,1
15697,Female,South,Basic,Crypto,35.0,5,0.0,101.74,1
15698,Female,West,Pro,Paypal,55.0,73,0.0,40.77,1
15699,Unknown,West,Plus,Paypal,29.0,45,1.0,80.43,0
15700,Male,South,Pro,Crypto,46.0,150,0.0,25.1,1
15701,Male,North,Plus,Paypal,38.0,19,2.0,152.65,0
15702,Male,East,Basic,Paypal,28.0,165,1.0,43.75,1
15703,Female,East,Basic,Crypto,20.0,34,2.0,80.37,1
15704,Male,East,Plus,E-wallet,23.0,161,3.0,207.56,1
15705,Unknown,West,Pro,Credit card,45.0,177,3.0,55.39,1
15706,Male,North,Plus,Credit card,51.0,46,1.0,149.78,0
15707,Non-Binary,East,Pro,Credit card,34.0,35,1.0,115.69,0
15708,Male,East,Basic,Credit card,35.0,15,3.0,17.56,0
15709,Female,East,Pro,Credit card,41.0,107,0.0,48.74,0
15710,Unknown,South,Plus,Credit card,34.0,176,1.0,133.94,1
15711,Male,East,Pro,Crypto,44.0,64,2.0,145.38,1
15712,Unknown,South,Basic,Crypto,,62,2.0,1.12,1
15713,Female,East,Basic,Crypto,35.0,51,3.0,0.0,1
15714,Unknown,East,Pro,,27.0,72,4.0,,1
15715,Female,East,Basic,E-wallet,24.0,59,3.0,39.22,0
15716,Male,South,Pro,E-wallet,2.0,100,2.0,15.12,1
15717,Male,East,Basic,Credit card,46.0,16,2.0,59.15,0
15718,Male,North,Basic,Credit card,32.0,37,1.0,19.0,1
15719,Male,East,Plus,Crypto,29.0,28,1.0,227.44,0
15720,Male,South,Basic,E-wallet,14.0,30,3.0,7.87,0
15721,Male,South,Plus,Paypal,27.0,53,1.0,169.36,0
15722,Female,North,Basic,Paypal,26.0,101,2.0,61.31,1
15723,Female,West,Plus,Crypto,,25,1.0,187.84,0
15724,Male,North,Basic,,37.0,140,3.0,4.82,1
15725,Male,North,Basic,E-wallet,35.0,18,0.0,0.0,1
15726,Female,South,Plus,Paypal,,110,2.0,179.41,1
15727,Male,East,Pro,Credit card,21.0,26,2.0,80.9,0
15728,Male,East,Basic,E-wallet,,12,4.0,78.7,1
15729,Male,West,Plus,Paypal,52.0,51,5.0,175.67,1
15730,Unknown,West,Pro,Credit card,48.0,97,5.0,106.51,0
15731,Non-Binary,West,Plus,Paypal,25.0,18,0.0,121.51,0
15732,Male,West,Pro,,14.0,82,1.0,122.2,0
15733,Female,North,Basic,,35.0,2,2.0,75.23,0
15734,Female,North,Basic,Credit card,34.0,66,1.0,37.44,1
15735,Female,East,Basic,E-wallet,37.0,25,1.0,20.1,1
15736,Female,North,Pro,Crypto,41.0,5,0.0,95.65,0
15737,Female,East,Basic,Credit card,38.0,140,1.0,0.0,1
15738,Male,East,Basic,Credit card,22.0,26,2.0,0.0,1
15739,Male,East,Basic,Paypal,36.0,104,1.0,0.0,1
15740,Female,East,Basic,Paypal,42.0,87,0.0,,1
15741,Non-Binary,South,Plus,,26.0,9,3.0,,1
15742,Female,East,Pro,Crypto,36.0,15,1.0,142.41,1
15743,Non-Binary,North,Pro,Paypal,28.0,22,3.0,87.29,1
15744,Unknown,North,Plus,,53.0,46,2.0,184.97,1
15745,Male,North,Pro,,20.0,11,3.0,81.54,1
15746,Female,North,Plus,E-wallet,45.0,155,0.0,133.1,1
15747,Female,South,Basic,Credit card,17.0,76,2.0,15.01,1
15748,Unknown,West,Basic,Crypto,51.0,17,1.0,0.92,0
15749,Unknown,West,Basic,Crypto,22.0,57,1.0,0.0,1
15750,Female,East,Basic,Crypto,35.0,129,3.0,58.03,1
15751,Male,East,Plus,Credit card,17.0,173,1.0,149.59,0
15752,Female,North,Pro,Credit card,20.0,144,0.0,49.61,1
15753,Male,North,Basic,Paypal,42.0,86,1.0,37.12,1
15754,Female,West,Pro,Paypal,44.0,63,1.0,121.48,0
15755,Unknown,West,Pro,Paypal,36.0,86,4.0,50.61,0
15756,Male,North,Basic,E-wallet,41.0,53,1.0,69.31,0
15757,Female,East,Pro,Crypto,44.0,170,2.0,90.85,1
15758,Female,South,Plus,Credit card,27.0,77,3.0,197.85,0
15759,Female,South,Plus,Paypal,20.0,13,2.0,213.78,0
15760,Male,West,Pro,,,171,3.0,34.34,1
15761,Female,West,Basic,Credit card,28.0,37,0.0,,1
15762,Unknown,West,Basic,E-wallet,37.0,104,1.0,3.69,1
15763,Unknown,South,Basic,E-wallet,39.0,176,0.0,14.83,1
15764,Male,South,Pro,E-wallet,27.0,15,1.0,95.32,1
15765,Non-Binary,North,Basic,Crypto,41.0,81,5.0,42.87,1
15766,Female,East,Basic,Credit card,40.0,73,3.0,113.04,0
15767,Male,West,Plus,Credit card,41.0,29,0.0,74.47,1
15768,Male,North,Plus,E-wallet,,67,2.0,167.37,0
15769,Male,South,Pro,Crypto,41.0,70,0.0,122.57,1
15770,Unknown,North,Basic,E-wallet,39.0,79,3.0,0.0,1
15771,Female,South,Basic,Paypal,40.0,114,1.0,12.35,1
15772,Female,East,Basic,,50.0,36,2.0,78.25,1
15773,Male,South,Pro,Credit card,,54,3.0,23.8,1
15774,Female,North,Basic,Crypto,27.0,166,4.0,49.52,1
15775,Male,East,Plus,Credit card,22.0,176,4.0,215.03,1
15776,Male,South,Plus,Credit card,45.0,96,3.0,76.3,1
15777,Female,West,Basic,Credit card,,98,4.0,7.59,1
15778,Male,South,Basic,Crypto,50.0,111,2.0,95.54,1
15779,Non-Binary,East,Pro,E-wallet,13.0,117,1.0,,1
15780,Male,North,Plus,Credit card,43.0,161,1.0,170.1,0
15781,Female,East,Plus,E-wallet,31.0,56,3.0,198.22,0
15782,Female,North,Basic,Crypto,30.0,96,0.0,0.0,1
15783,Female,South,Basic,E-wallet,,61,0.0,13.3,1
15784,Male,South,Pro,Paypal,42.0,38,1.0,77.43,1
15785,Male,East,Pro,Credit card,,73,3.0,94.58,1
15786,Unknown,West,Basic,Crypto,22.0,66,3.0,10.25,1
15787,Male,South,Pro,Crypto,35.0,28,2.0,8.87,0
15788,Non-Binary,West,Pro,E-wallet,41.0,30,2.0,102.7,0
15789,Unknown,West,Basic,,35.0,59,2.0,0.0,0
15790,Male,East,Plus,Crypto,45.0,38,0.0,168.13,1
15791,Male,South,Basic,,,0,4.0,32.17,1
15792,Female,West,Pro,E-wallet,11.0,55,3.0,58.77,1
15793,Unknown,South,Pro,Paypal,35.0,100,2.0,51.32,1
15794,Unknown,North,Basic,Paypal,,90,3.0,114.36,1
15795,Female,West,Pro,E-wallet,,148,0.0,148.86,0
15796,Female,East,Pro,Paypal,45.0,170,1.0,84.29,1
15797,Male,East,Plus,E-wallet,14.0,129,0.0,199.25,1
15798,Unknown,West,Basic,E-wallet,31.0,141,1.0,54.17,1
15799,Unknown,South,Pro,Crypto,,105,1.0,115.6,1
15800,Male,North,Pro,Crypto,21.0,130,3.0,90.58,1
15801,Male,North,Pro,Paypal,33.0,141,4.0,119.07,1
15802,Male,East,Plus,,41.0,4,2.0,201.65,0
15803,Male,East,Basic,Paypal,37.0,80,1.0,66.4,0
15804,Non-Binary,South,Basic,Paypal,27.0,166,2.0,0.0,1
15805,Male,East,Pro,Paypal,32.0,128,2.0,87.13,1
15806,Male,South,Basic,Crypto,43.0,119,1.0,,0
15807,Male,West,Plus,Paypal,40.0,42,2.0,189.22,0
15808,Unknown,North,Pro,Paypal,28.0,91,1.0,41.01,1
15809,Female,West,Basic,Credit card,27.0,77,5.0,0.0,1
15810,Female,East,Plus,E-wallet,16.0,14,3.0,164.04,0
15811,Male,North,Basic,E-wallet,29.0,45,0.0,0.0,1
15812,Unknown,North,Pro,Crypto,16.0,6,1.0,99.88,0
15813,Non-Binary,West,Basic,E-wallet,54.0,169,5.0,28.08,1
15814,Male,South,Basic,,25.0,114,1.0,0.0,1
15815,Male,North,Basic,E-wallet,45.0,6,2.0,81.31,1
15816,Male,South,Pro,Crypto,52.0,174,2.0,75.58,1
15817,Male,West,Basic,E-wallet,36.0,87,2.0,0.0,0
15818,Female,West,Basic,E-wallet,32.0,89,3.0,75.53,1
15819,Unknown,South,Basic,Credit card,20.0,18,1.0,41.12,1
15820,Female,West,Basic,Credit card,28.0,52,1.0,12.92,1
15821,Non-Binary,North,Plus,Paypal,50.0,89,1.0,102.05,1
15822,Female,West,Basic,E-wallet,37.0,15,3.0,24.26,0
15823,Female,West,Plus,Paypal,,61,1.0,,0
15824,Female,North,Pro,E-wallet,47.0,64,1.0,113.95,1
15825,Male,South,Pro,Paypal,40.0,111,1.0,26.27,0
15826,Male,West,Basic,Paypal,32.0,178,1.0,75.8,1
15827,Female,South,Plus,E-wallet,36.0,35,3.0,207.58,1
15828,Male,North,Basic,Credit card,26.0,162,3.0,23.19,1
15829,Male,South,Pro,Crypto,28.0,23,3.0,116.31,0
15830,Female,South,Plus,Paypal,31.0,68,3.0,202.45,1
15831,Unknown,East,Plus,Crypto,39.0,118,0.0,130.65,1
15832,Female,East,Pro,E-wallet,21.0,156,1.0,105.92,1
15833,Non-Binary,West,Plus,Paypal,34.0,128,1.0,191.52,1
15834,Female,East,Pro,E-wallet,,122,1.0,56.33,1
15835,Female,East,Basic,Paypal,24.0,136,1.0,71.39,1
15836,Female,East,Basic,Credit card,30.0,99,1.0,52.3,0
15837,Non-Binary,South,Basic,Paypal,10.0,14,2.0,71.54,1
15838,Female,South,Basic,Paypal,26.0,73,0.0,57.03,1
15839,Female,East,Pro,Paypal,23.0,143,0.0,135.34,1
15840,Female,North,Pro,E-wallet,31.0,175,0.0,98.14,1
15841,Female,East,Basic,Credit card,11.0,35,2.0,10.55,1
15842,Male,North,Plus,E-wallet,35.0,52,0.0,152.06,1
15843,Male,South,Basic,Crypto,43.0,78,0.0,12.2,0
15844,Male,North,Plus,Credit card,32.0,130,1.0,144.73,0
15845,Non-Binary,South,Plus,Paypal,38.0,146,0.0,196.55,1
15846,Male,North,Plus,Paypal,28.0,40,0.0,157.5,0
15847,Male,South,Plus,Paypal,18.0,36,2.0,167.07,1
15848,Female,South,Basic,Crypto,34.0,135,1.0,0.0,1
15849,Male,East,Pro,Crypto,40.0,87,2.0,94.97,1
15850,Female,West,Basic,,20.0,13,1.0,,0
15851,Male,West,Basic,Paypal,29.0,34,4.0,37.51,1
15852,Unknown,South,Pro,Crypto,31.0,143,3.0,13.51,1
15853,Non-Binary,East,Basic,E-wallet,62.0,70,3.0,9.49,1
15854,Non-Binary,West,Plus,Credit card,36.0,162,0.0,97.96,0
15855,Female,West,Plus,Credit card,14.0,7,3.0,134.54,0
15856,Female,East,Basic,Crypto,12.0,11,2.0,23.71,1
15857,Male,East,Pro,Crypto,41.0,176,2.0,88.13,1
15858,Male,West,Basic,E-wallet,58.0,109,2.0,17.47,1
15859,Male,West,Plus,Paypal,,79,0.0,148.49,0
15860,Female,North,Pro,Crypto,30.0,114,1.0,74.26,1
15861,Female,North,Basic,E-wallet,38.0,67,0.0,0.0,1
15862,Female,South,Basic,Crypto,26.0,162,2.0,3.62,1
15863,Male,West,Basic,Paypal,8.0,44,2.0,60.94,0
15864,Female,East,Plus,Crypto,44.0,40,0.0,210.88,0
15865,Female,East,Basic,Paypal,27.0,60,6.0,26.07,0
15866,Female,West,Basic,E-wallet,44.0,75,3.0,48.56,1
15867,Female,South,Plus,,26.0,142,2.0,145.39,1
15868,Male,East,Plus,E-wallet,35.0,98,0.0,136.16,0
15869,Non-Binary,West,Plus,Credit card,42.0,66,3.0,134.21,1
15870,Female,West,Pro,E-wallet,,1,7.0,,1
15871,Male,South,Pro,Credit card,36.0,121,3.0,46.37,1
15872,Male,West,Pro,E-wallet,35.0,133,2.0,109.21,1
15873,Female,East,Basic,Paypal,40.0,15,2.0,0.0,1
15874,Non-Binary,North,Pro,Credit card,38.0,22,4.0,175.22,0
15875,Female,South,Basic,Credit card,21.0,94,1.0,68.51,1
15876,Male,West,Basic,Paypal,21.0,113,2.0,38.8,1
15877,Non-Binary,South,Plus,Paypal,12.0,40,1.0,227.26,1
15878,Female,West,Basic,Credit card,41.0,157,1.0,39.34,1
15879,Female,North,Plus,Credit card,30.0,118,0.0,192.35,1
15880,Female,South,Basic,Credit card,42.0,121,2.0,78.72,1
15881,Male,West,Basic,Crypto,,54,1.0,23.69,0
15882,Female,North,Pro,E-wallet,23.0,131,0.0,84.79,1
15883,Male,East,Pro,Paypal,32.0,109,2.0,89.71,1
15884,Unknown,West,Pro,Paypal,29.0,99,3.0,43.62,1
15885,Female,North,Plus,E-wallet,27.0,27,0.0,146.47,0
15886,Female,North,Basic,Paypal,,177,0.0,11.04,1
15887,Female,South,Plus,Paypal,59.0,27,0.0,196.53,0
15888,Unknown,West,Basic,Credit card,45.0,122,1.0,0.0,1
15889,Non-Binary,East,Plus,Paypal,33.0,25,3.0,191.37,1
15890,Female,West,Basic,Crypto,46.0,166,6.0,44.79,1
15891,Female,North,Plus,Crypto,51.0,12,2.0,101.34,0
15892,Female,East,Pro,Credit card,20.0,70,3.0,112.72,1
15893,Female,North,Basic,Credit card,46.0,53,0.0,56.11,0
15894,Male,South,Plus,Paypal,41.0,12,0.0,139.36,0
15895,Female,West,Basic,Credit card,45.0,119,0.0,28.23,1
15896,Male,North,Basic,Credit card,42.0,58,2.0,0.0,1
15897,Unknown,North,Plus,E-wallet,31.0,3,1.0,228.43,0
15898,Male,West,Basic,Credit card,54.0,79,0.0,25.08,1
15899,Unknown,East,Basic,Crypto,37.0,59,3.0,29.94,1
15900,Female,North,Pro,Paypal,29.0,46,3.0,92.6,1
15901,Female,West,Plus,Credit card,39.0,76,1.0,181.17,1
15902,Female,South,Basic,E-wallet,,4,3.0,46.59,1
15903,Male,South,Pro,Paypal,34.0,35,0.0,88.87,1
15904,Male,West,Pro,Paypal,37.0,18,0.0,71.73,1
15905,Male,North,Plus,,34.0,29,2.0,173.83,0
15906,Female,West,Plus,E-wallet,27.0,110,3.0,184.12,1
15907,Female,West,Pro,Crypto,25.0,40,3.0,111.08,0
15908,Female,North,Pro,E-wallet,19.0,175,2.0,107.94,1
15909,Male,East,Basic,E-wallet,49.0,27,7.0,38.16,1
15910,Male,East,Basic,Paypal,31.0,30,2.0,62.71,0
15911,Female,South,Pro,E-wallet,0.0,170,1.0,34.86,1
15912,Unknown,East,Plus,Paypal,37.0,136,1.0,102.13,1
15913,Female,West,Pro,Credit card,37.0,11,1.0,11.79,1
15914,Female,North,Basic,,15.0,139,4.0,42.39,1
15915,Female,South,Basic,E-wallet,25.0,41,0.0,,1
15916,Male,East,Pro,Crypto,25.0,89,0.0,129.72,1
15917,Unknown,West,Pro,Paypal,26.0,15,1.0,75.28,1
15918,Female,South,Pro,E-wallet,46.0,98,2.0,90.12,1
15919,Male,North,Pro,E-wallet,32.0,177,1.0,53.07,1
15920,Female,East,Basic,Crypto,29.0,131,0.0,79.42,1
15921,Male,West,Plus,,45.0,114,1.0,162.83,1
15922,Unknown,North,Pro,E-wallet,38.0,12,2.0,72.7,1
15923,Male,West,Basic,Crypto,16.0,59,3.0,10.5,1
15924,Female,West,Basic,Paypal,27.0,27,5.0,42.42,1
15925,Male,West,Plus,Credit card,,108,0.0,106.8,0
15926,Female,North,Plus,Crypto,24.0,139,2.0,132.06,1
15927,Female,South,Basic,E-wallet,54.0,151,1.0,67.67,1
15928,Female,West,Basic,Credit card,35.0,91,2.0,0.0,1
15929,Female,South,Basic,,26.0,128,2.0,0.0,1
15930,Non-Binary,South,Basic,Crypto,22.0,161,1.0,70.04,1
15931,Male,East,Pro,Credit card,43.0,130,0.0,132.89,1
15932,Male,East,Pro,Credit card,27.0,21,3.0,130.27,1
15933,Male,South,Pro,E-wallet,37.0,84,1.0,84.65,1
15934,Unknown,East,Pro,Credit card,22.0,26,4.0,94.19,1
15935,Male,East,Basic,E-wallet,34.0,148,1.0,64.71,1
15936,Female,South,Basic,,27.0,140,1.0,13.39,1
15937,Female,North,Basic,E-wallet,30.0,43,0.0,22.02,0
15938,Male,East,Basic,Crypto,26.0,79,2.0,0.0,1
15939,Male,East,Basic,Credit card,44.0,109,2.0,0.0,1
15940,Male,North,Pro,Paypal,29.0,23,1.0,99.03,0
15941,Female,North,Plus,E-wallet,,173,7.0,154.61,1
15942,Male,North,Pro,E-wallet,33.0,16,1.0,61.66,1
15943,Male,South,Plus,E-wallet,50.0,4,1.0,210.77,1
15944,Non-Binary,North,Pro,Paypal,42.0,37,1.0,53.89,0
15945,Unknown,South,Pro,Paypal,41.0,58,0.0,68.25,1
15946,Male,West,Basic,Crypto,18.0,154,3.0,31.16,1
15947,Male,West,Plus,Paypal,27.0,104,3.0,154.56,1
15948,Male,North,Basic,E-wallet,45.0,95,2.0,20.57,1
15949,Female,North,Basic,Paypal,22.0,89,2.0,0.0,1
15950,Non-Binary,West,Basic,,34.0,70,2.0,47.76,1
15951,Male,South,Plus,Crypto,23.0,99,2.0,157.36,1
15952,Male,South,Plus,Crypto,24.0,54,0.0,175.77,0
15953,Female,North,Pro,,50.0,70,1.0,89.14,1
15954,Female,North,Pro,Paypal,41.0,170,2.0,,1
15955,Male,North,Pro,Paypal,43.0,90,1.0,129.35,0
15956,Female,West,Plus,Credit card,41.0,165,2.0,116.83,1
15957,Male,East,Pro,Crypto,32.0,111,0.0,174.31,0
15958,Male,North,Plus,Crypto,27.0,87,2.0,143.81,1
15959,Female,South,Basic,E-wallet,29.0,60,2.0,7.53,1
15960,Non-Binary,East,Basic,Credit card,32.0,172,3.0,9.2,1
15961,Female,South,Plus,Paypal,51.0,107,2.0,141.02,0
15962,Unknown,East,Basic,E-wallet,20.0,156,1.0,4.31,1
15963,Female,West,Plus,Paypal,28.0,33,2.0,177.62,0
15964,Female,East,Pro,Paypal,24.0,148,1.0,109.98,1
15965,Female,South,Plus,Paypal,44.0,44,3.0,153.13,1
15966,Non-Binary,East,Basic,Credit card,,128,0.0,5.08,1
15967,Unknown,West,Pro,Crypto,37.0,137,0.0,91.3,0
15968,Male,South,Basic,Crypto,,93,1.0,26.86,1
15969,Unknown,North,Pro,Paypal,34.0,27,5.0,18.15,1
15970,Non-Binary,East,Pro,Credit card,38.0,105,2.0,113.96,1
15971,Female,South,Plus,Paypal,,29,2.0,150.67,0
15972,Male,East,Pro,Paypal,38.0,27,1.0,126.4,0
15973,Non-Binary,West,Basic,E-wallet,38.0,156,0.0,0.0,1
15974,Non-Binary,South,Plus,Credit card,41.0,30,1.0,164.19,0
15975,Male,North,Basic,Credit card,16.0,106,4.0,63.42,1
15976,Unknown,North,Basic,Crypto,34.0,82,1.0,67.21,0
15977,Male,East,Basic,Crypto,37.0,108,1.0,19.44,0
15978,Male,West,Plus,Paypal,38.0,30,1.0,104.79,1
15979,Female,West,Basic,E-wallet,32.0,40,1.0,37.4,1
15980,Female,East,Basic,E-wallet,35.0,63,1.0,0.0,1
15981,Female,South,Plus,,26.0,121,1.0,132.91,1
15982,Male,South,Plus,Paypal,16.0,169,1.0,121.15,1
15983,Unknown,East,Basic,Crypto,43.0,43,5.0,79.83,1
15984,Male,South,Pro,Credit card,22.0,158,5.0,64.65,1
15985,Male,South,Plus,Paypal,32.0,115,0.0,163.45,1
15986,Male,South,Basic,E-wallet,,138,0.0,0.0,1
15987,Female,East,Plus,E-wallet,49.0,35,3.0,199.21,1
15988,Unknown,North,Pro,Paypal,33.0,107,2.0,90.17,1
15989,Female,West,Pro,E-wallet,30.0,31,2.0,135.67,0
15990,Non-Binary,North,Basic,Credit card,,103,2.0,0.0,1
15991,Male,South,Pro,Paypal,55.0,166,1.0,84.81,1
15992,Female,East,Basic,Credit card,38.0,66,3.0,5.33,1
15993,Female,West,Pro,Crypto,30.0,91,2.0,62.97,1
15994,Female,South,Basic,,40.0,24,3.0,60.66,1
15995,Male,West,Basic,E-wallet,18.0,27,5.0,34.26,1
15996,Female,West,Basic,Crypto,34.0,146,1.0,0.0,1
15997,Female,North,Plus,Crypto,53.0,156,1.0,94.34,1
15998,Female,South,Basic,Crypto,35.0,177,1.0,30.03,1
15999,Female,West,Basic,E-wallet,,18,2.0,18.13,1
16000,Male,North,Basic,,34.0,55,1.0,75.55,0
16001,Female,East,Pro,Paypal,30.0,145,2.0,134.38,1
16002,Male,West,Basic,Crypto,37.0,172,0.0,50.48,1
16003,Non-Binary,South,Pro,,41.0,112,0.0,106.74,1
16004,Female,East,Basic,Paypal,30.0,87,2.0,6.95,1
16005,Male,West,Basic,Credit card,9.0,101,4.0,43.43,1
16006,Unknown,West,Pro,Paypal,38.0,125,3.0,115.76,1
16007,Female,South,Plus,Paypal,55.0,81,2.0,150.68,1
16008,Male,West,Basic,Crypto,30.0,40,3.0,64.33,1
16009,Female,South,Basic,E-wallet,19.0,125,2.0,19.73,1
16010,Male,South,Basic,Crypto,40.0,12,3.0,27.9,1
16011,Non-Binary,South,Pro,Credit card,51.0,98,2.0,113.93,0
16012,Non-Binary,South,Basic,Credit card,39.0,82,1.0,0.0,1
16013,Unknown,West,Plus,E-wallet,51.0,23,0.0,142.41,1
16014,Female,East,Basic,Paypal,41.0,160,5.0,127.02,1
16015,Female,East,Basic,,41.0,96,2.0,0.0,1
16016,Female,North,Basic,E-wallet,28.0,72,3.0,70.77,1
16017,Male,South,Pro,Crypto,36.0,2,0.0,58.9,0
16018,Female,West,Pro,Crypto,33.0,2,2.0,47.65,1
16019,Female,West,Basic,Crypto,33.0,29,3.0,12.63,1
16020,Male,North,Plus,Paypal,31.0,145,1.0,98.12,1
16021,Female,East,Basic,Paypal,36.0,170,1.0,0.0,1
16022,Non-Binary,West,Pro,E-wallet,21.0,65,3.0,130.52,1
16023,Non-Binary,North,Pro,Credit card,42.0,26,2.0,139.64,0
16024,Male,East,Basic,Crypto,25.0,99,1.0,0.0,1
16025,Male,West,Plus,Paypal,31.0,104,1.0,151.44,0
16026,Male,South,Plus,Paypal,37.0,109,3.0,174.76,1
16027,Non-Binary,North,Basic,Credit card,24.0,18,0.0,59.54,1
16028,Male,West,Pro,Crypto,,15,2.0,141.23,0
16029,Female,North,Basic,Crypto,30.0,25,3.0,,1
16030,Male,North,Pro,Credit card,19.0,13,1.0,85.69,0
16031,Female,North,Basic,E-wallet,41.0,46,3.0,0.0,1
16032,Male,South,Plus,E-wallet,,145,2.0,139.8,1
16033,Female,East,Basic,Credit card,48.0,155,0.0,12.82,0
16034,Male,East,Basic,Credit card,33.0,110,2.0,2.46,0
16035,Female,West,Basic,E-wallet,34.0,146,1.0,50.94,1
16036,Male,South,Basic,Credit card,14.0,29,0.0,113.32,0
16037,Female,East,Pro,Crypto,35.0,104,1.0,39.95,1
16038,Non-Binary,West,Basic,,33.0,148,1.0,,1
16039,Male,West,Pro,E-wallet,21.0,148,2.0,80.86,1
16040,Non-Binary,North,Basic,E-wallet,34.0,47,2.0,90.98,1
16041,Female,South,Pro,Crypto,30.0,157,4.0,71.87,1
16042,Male,East,Pro,Credit card,31.0,41,0.0,89.12,1
16043,Female,South,Plus,Paypal,,164,3.0,161.8,1
16044,Male,South,Plus,Paypal,29.0,40,3.0,199.28,1
16045,Female,East,Plus,Crypto,36.0,173,1.0,201.66,1
16046,Female,East,Pro,Crypto,33.0,95,2.0,65.81,1
16047,Male,South,Basic,Credit card,38.0,93,2.0,7.53,1
16048,Female,West,Pro,Paypal,28.0,87,1.0,110.02,1
16049,Non-Binary,South,Plus,E-wallet,23.0,0,3.0,213.14,0
16050,Unknown,East,Basic,Crypto,26.0,53,1.0,0.0,0
16051,Female,South,Pro,Paypal,48.0,115,1.0,69.59,0
16052,Unknown,East,Basic,E-wallet,43.0,34,2.0,29.7,1
16053,Female,West,Pro,E-wallet,46.0,143,1.0,6.77,1
16054,Male,South,Basic,,46.0,4,2.0,8.63,1
16055,Non-Binary,West,Pro,Crypto,29.0,158,1.0,88.22,1
16056,Female,South,Pro,E-wallet,36.0,108,2.0,46.72,1
16057,Female,South,Plus,Crypto,34.0,36,1.0,103.91,1
16058,Female,East,Pro,Paypal,40.0,118,3.0,96.57,1
16059,Non-Binary,North,Plus,Paypal,31.0,152,3.0,,1
16060,Non-Binary,East,Basic,Crypto,34.0,106,4.0,1.3,1
16061,Female,South,Basic,E-wallet,34.0,112,2.0,49.54,1
16062,Male,North,Basic,E-wallet,39.0,152,0.0,0.0,1
16063,Female,North,Basic,Paypal,40.0,66,3.0,50.1,1
16064,Female,West,Basic,E-wallet,34.0,37,2.0,84.35,0
16065,Male,South,Pro,E-wallet,35.0,175,3.0,134.87,1
16066,Female,East,Pro,Paypal,,129,2.0,86.13,1
16067,Female,North,Pro,Credit card,50.0,147,2.0,129.14,1
16068,Male,North,Basic,Paypal,16.0,85,3.0,,1
16069,Male,East,Basic,Crypto,24.0,10,2.0,68.13,0
16070,Male,East,Pro,Credit card,,118,2.0,43.92,1
16071,Unknown,North,Basic,Crypto,36.0,81,1.0,29.97,1
16072,Male,East,Basic,Credit card,36.0,158,5.0,92.04,1
16073,Male,West,Basic,Credit card,40.0,34,3.0,46.15,1
16074,Female,North,Basic,Paypal,36.0,171,1.0,62.22,0
16075,Male,West,Basic,Paypal,28.0,44,0.0,48.93,1
16076,Male,South,Basic,Crypto,40.0,148,3.0,21.83,1
16077,Male,West,Basic,Paypal,34.0,179,2.0,79.91,1
16078,Female,East,Pro,Credit card,29.0,147,1.0,50.41,1
16079,Female,North,Basic,Paypal,40.0,8,1.0,0.0,0
16080,Male,West,Basic,Crypto,40.0,94,3.0,45.98,1
16081,Female,East,Plus,,36.0,136,0.0,232.11,1
16082,Unknown,East,Pro,Crypto,,160,1.0,15.11,1
16083,Male,West,Basic,E-wallet,47.0,0,1.0,0.0,1
16084,Male,North,Plus,Paypal,44.0,2,2.0,166.32,0
16085,Male,West,Basic,Credit card,59.0,166,2.0,48.53,1
16086,Female,South,Basic,,32.0,139,0.0,45.02,0
16087,Female,West,Plus,,29.0,93,3.0,171.09,1
16088,Male,West,Plus,,42.0,143,3.0,137.81,1
16089,Female,North,Basic,Crypto,31.0,177,2.0,21.06,0
16090,Male,West,Pro,Credit card,34.0,87,1.0,89.79,1
16091,Female,East,Pro,Crypto,24.0,26,2.0,152.85,0
16092,Female,North,Basic,Paypal,,28,2.0,83.68,1
16093,Male,East,Basic,Crypto,19.0,126,2.0,108.48,1
16094,Female,North,Basic,E-wallet,33.0,119,2.0,34.96,1
16095,Male,South,Plus,Paypal,33.0,104,2.0,126.94,1
16096,Female,South,Basic,Credit card,29.0,77,3.0,0.0,1
16097,Male,South,Pro,E-wallet,16.0,68,2.0,93.98,1
16098,Non-Binary,West,Basic,Crypto,16.0,106,4.0,51.24,1
16099,Male,South,Basic,Credit card,,179,0.0,95.63,1
16100,Non-Binary,North,Pro,E-wallet,39.0,101,3.0,,1
16101,Male,South,Pro,Crypto,36.0,5,3.0,51.39,1
16102,Female,North,Basic,E-wallet,33.0,151,2.0,72.18,1
16103,Male,East,Basic,Paypal,25.0,39,3.0,0.0,1
16104,Unknown,West,Pro,Credit card,37.0,32,1.0,87.08,1
16105,Male,East,Basic,E-wallet,16.0,136,0.0,94.98,1
16106,Male,East,Basic,Paypal,10.0,176,1.0,65.0,1
16107,Female,South,Pro,Crypto,31.0,66,0.0,91.68,1
16108,Male,South,Pro,Paypal,28.0,150,1.0,104.88,1
16109,Male,South,Basic,Crypto,44.0,21,3.0,0.0,1
16110,Unknown,East,Pro,Credit card,35.0,71,3.0,149.61,0
16111,Unknown,West,Plus,Paypal,50.0,77,4.0,,1
16112,Male,West,Basic,Paypal,28.0,93,1.0,9.23,1
16113,Unknown,East,Pro,Crypto,38.0,115,4.0,57.59,1
16114,Female,West,Basic,E-wallet,31.0,135,7.0,32.74,1
16115,Male,East,Basic,Crypto,47.0,146,1.0,6.45,1
16116,Female,East,Basic,E-wallet,31.0,108,1.0,0.0,1
16117,Female,West,Basic,Crypto,42.0,165,2.0,0.0,1
16118,Unknown,North,Plus,Credit card,23.0,133,0.0,283.01,1
16119,Male,North,Basic,E-wallet,29.0,179,2.0,21.33,1
16120,Female,South,Pro,Paypal,33.0,33,1.0,92.32,1
16121,Male,West,Basic,E-wallet,46.0,73,0.0,61.87,0
16122,Male,South,Basic,Crypto,12.0,94,1.0,34.01,0
16123,Male,East,Pro,Crypto,,138,2.0,36.42,1
16124,Unknown,North,Pro,E-wallet,30.0,42,2.0,120.11,0
16125,Non-Binary,West,Plus,Paypal,13.0,34,0.0,155.02,1
16126,Female,West,Plus,Credit card,29.0,138,2.0,133.1,1
16127,Female,West,Basic,Paypal,18.0,167,3.0,0.0,1
16128,Male,North,Pro,E-wallet,10.0,159,1.0,81.04,1
16129,Male,South,Basic,Crypto,31.0,176,0.0,110.83,1
16130,Male,North,Pro,Paypal,31.0,89,1.0,75.95,1
16131,Male,South,Plus,Crypto,31.0,64,1.0,,1
16132,Female,East,Basic,Crypto,36.0,47,4.0,24.48,1
16133,Female,East,Basic,Paypal,,179,2.0,,1
16134,Male,South,Pro,E-wallet,51.0,38,1.0,113.17,0
16135,Male,East,Pro,Paypal,,152,2.0,54.97,1
16136,Male,East,Basic,Credit card,46.0,103,0.0,0.0,1
16137,Female,West,Plus,Crypto,17.0,172,1.0,,1
16138,Unknown,West,Pro,Crypto,25.0,156,1.0,51.05,1
16139,Female,North,Basic,E-wallet,40.0,100,0.0,0.0,1
16140,Non-Binary,North,Basic,Crypto,31.0,31,1.0,32.21,0
16141,Female,North,Pro,Crypto,23.0,122,4.0,73.75,1
16142,Male,West,Basic,Crypto,15.0,93,1.0,62.58,1
16143,Male,North,Basic,,41.0,123,1.0,79.41,1
16144,Non-Binary,North,Pro,Crypto,40.0,122,2.0,65.65,1
16145,Female,West,Pro,Paypal,36.0,81,2.0,22.92,0
16146,Male,South,Pro,E-wallet,29.0,107,1.0,93.2,1
16147,Female,West,Basic,,22.0,66,3.0,42.17,1
16148,Female,South,Pro,Crypto,33.0,11,2.0,185.55,0
16149,Female,West,Plus,Credit card,20.0,19,1.0,115.43,0
16150,Unknown,North,Basic,Paypal,26.0,49,3.0,86.18,1
16151,Female,East,Pro,E-wallet,46.0,135,4.0,150.97,1
16152,Female,East,Plus,E-wallet,15.0,158,2.0,103.7,1
16153,Male,South,Pro,Paypal,40.0,151,1.0,58.85,1
16154,Male,South,Pro,Credit card,48.0,125,2.0,92.41,1
16155,Male,South,Basic,Crypto,42.0,140,0.0,12.33,1
16156,Male,East,Pro,Paypal,,41,2.0,94.34,1
16157,Female,South,Pro,Paypal,29.0,77,1.0,99.91,1
16158,Female,West,Pro,Paypal,27.0,78,2.0,93.72,1
16159,Male,West,Plus,Paypal,11.0,25,3.0,162.82,1
16160,Non-Binary,East,Basic,Paypal,34.0,165,1.0,42.95,1
16161,Male,West,Basic,E-wallet,29.0,109,2.0,0.0,1
16162,Male,South,Basic,Paypal,27.0,37,3.0,,1
16163,Male,East,Pro,E-wallet,33.0,96,1.0,110.32,1
16164,Male,South,Basic,Credit card,34.0,137,0.0,,1
16165,Male,West,Pro,Crypto,27.0,10,1.0,82.22,1
16166,Female,South,Basic,E-wallet,50.0,130,2.0,0.0,1
16167,Female,East,Basic,Crypto,41.0,122,5.0,65.59,1
16168,Unknown,South,Basic,,42.0,22,1.0,78.82,1
16169,Male,West,Plus,,32.0,61,0.0,117.61,0
16170,Male,North,Pro,E-wallet,39.0,40,1.0,26.62,0
16171,Male,East,Plus,E-wallet,,120,3.0,138.6,1
16172,Female,South,Pro,,40.0,168,2.0,0.0,1
16173,Male,East,Basic,Credit card,31.0,92,2.0,30.31,0
16174,Non-Binary,South,Basic,E-wallet,23.0,3,0.0,55.76,0
16175,Female,North,Plus,Credit card,33.0,130,1.0,141.77,1
16176,Female,West,Pro,E-wallet,31.0,50,0.0,,0
16177,Female,South,Basic,,,106,6.0,55.25,1
16178,Male,South,Pro,Crypto,38.0,176,0.0,75.67,1
16179,Male,North,Basic,Paypal,49.0,71,0.0,28.78,0
16180,Male,East,Basic,Crypto,45.0,69,0.0,88.3,1
16181,Female,West,Basic,E-wallet,34.0,68,3.0,30.37,1
16182,Male,South,Plus,Paypal,29.0,7,3.0,183.77,1
16183,Male,South,Basic,Paypal,16.0,122,2.0,30.62,1
16184,Unknown,West,Basic,Credit card,25.0,135,5.0,37.43,1
16185,Male,North,Basic,Paypal,40.0,146,0.0,0.0,1
16186,Non-Binary,East,Basic,Credit card,30.0,111,2.0,0.0,1
16187,Female,West,Pro,Crypto,37.0,71,2.0,,1
16188,Male,East,Basic,Credit card,13.0,7,1.0,71.91,0
16189,Male,North,Basic,E-wallet,38.0,71,1.0,45.83,0
16190,Male,North,Plus,Paypal,44.0,6,3.0,152.17,1
16191,Female,West,Basic,E-wallet,16.0,45,2.0,48.88,1
16192,Female,South,Basic,Paypal,,149,3.0,12.11,1
16193,Female,North,Basic,Paypal,47.0,80,3.0,51.17,1
16194,Unknown,North,Pro,Crypto,50.0,171,2.0,52.79,1
16195,Female,West,Plus,Credit card,28.0,4,2.0,138.14,1
16196,Male,West,Basic,Crypto,41.0,152,2.0,0.0,1
16197,Male,West,Plus,Credit card,48.0,174,2.0,115.79,1
16198,Non-Binary,North,Pro,Crypto,38.0,170,0.0,65.55,1
16199,Male,East,Pro,Crypto,46.0,142,1.0,143.9,1
16200,Male,North,Basic,Paypal,33.0,158,1.0,29.37,1
16201,Female,West,Basic,Crypto,37.0,82,3.0,23.75,1
16202,Female,South,Pro,Crypto,27.0,43,3.0,140.99,1
16203,Unknown,South,Plus,Credit card,32.0,174,2.0,,1
16204,Female,West,Pro,,38.0,139,3.0,53.57,1
16205,Male,South,Basic,Paypal,27.0,63,2.0,11.57,1
16206,Unknown,North,Basic,Crypto,31.0,22,1.0,39.58,1
16207,Male,East,Pro,E-wallet,41.0,49,1.0,163.21,0
16208,Male,North,Pro,E-wallet,54.0,124,2.0,170.46,1
16209,Female,West,Basic,Credit card,13.0,35,1.0,27.02,1
16210,Male,North,Basic,Credit card,53.0,138,3.0,,1
16211,Female,South,Basic,E-wallet,31.0,85,6.0,2.72,1
16212,Male,North,Pro,Crypto,43.0,174,2.0,64.53,1
16213,Female,East,Pro,,,55,1.0,137.88,0
16214,Male,South,Plus,Credit card,49.0,68,1.0,193.41,0
16215,Female,East,Pro,Paypal,26.0,36,1.0,100.91,0
16216,Non-Binary,East,Basic,Crypto,31.0,137,2.0,0.0,1
16217,Male,East,Pro,E-wallet,33.0,41,3.0,113.2,0
16218,Male,North,Plus,,30.0,157,1.0,72.9,0
16219,Male,North,Plus,Paypal,,93,2.0,122.84,1
16220,Male,North,Plus,Crypto,33.0,21,0.0,141.04,1
16221,Female,North,Basic,Paypal,,165,2.0,66.35,1
16222,Female,South,Pro,Credit card,27.0,55,1.0,121.96,0
16223,Male,North,Plus,Paypal,18.0,113,5.0,153.26,1
16224,Male,South,Pro,Credit card,31.0,121,0.0,57.09,0
16225,Male,East,Basic,Crypto,40.0,163,0.0,40.73,1
16226,Female,South,Plus,Paypal,27.0,77,3.0,139.66,1
16227,Male,West,Basic,E-wallet,29.0,138,0.0,28.26,1
16228,Unknown,North,Basic,E-wallet,31.0,134,3.0,16.45,1
16229,Female,West,Basic,Credit card,35.0,95,1.0,47.55,1
16230,Male,South,Pro,Credit card,39.0,81,2.0,47.99,1
16231,Female,North,Basic,,,33,3.0,12.31,1
16232,Unknown,West,Basic,Paypal,56.0,62,2.0,0.0,1
16233,Female,North,Pro,Credit card,35.0,1,1.0,58.54,0
16234,Male,South,Pro,Credit card,41.0,134,1.0,105.03,1
16235,Male,West,Pro,Crypto,18.0,42,2.0,81.32,1
16236,Non-Binary,South,Basic,Paypal,30.0,94,1.0,0.0,1
16237,Female,West,Pro,Paypal,31.0,17,1.0,80.13,0
16238,Female,East,Basic,Credit card,23.0,147,4.0,26.78,1
16239,Non-Binary,East,Basic,Paypal,28.0,6,1.0,78.23,0
16240,Non-Binary,East,Basic,Paypal,32.0,51,1.0,40.0,0
16241,Unknown,East,Plus,Paypal,,36,4.0,237.11,1
16242,Male,East,Basic,E-wallet,60.0,97,0.0,72.35,0
16243,Female,South,Basic,Paypal,39.0,45,1.0,0.0,1
16244,Female,East,Basic,E-wallet,54.0,102,3.0,121.31,1
16245,Female,South,Basic,Paypal,48.0,41,4.0,15.4,1
16246,Female,East,Plus,Paypal,27.0,59,1.0,142.69,0
16247,Male,North,Plus,Paypal,34.0,127,3.0,111.61,1
16248,Female,East,Basic,Credit card,29.0,103,0.0,,1
16249,Female,North,Basic,,32.0,79,3.0,0.0,1
16250,Male,South,Basic,E-wallet,24.0,77,2.0,58.29,1
16251,Female,East,Pro,Paypal,29.0,123,2.0,126.31,1
16252,Male,West,Basic,E-wallet,,31,2.0,46.61,0
16253,Male,South,Basic,Paypal,37.0,165,3.0,,1
16254,Male,East,Pro,Crypto,36.0,166,1.0,59.8,1
16255,Female,South,Basic,E-wallet,,25,1.0,32.73,0
16256,Female,West,Basic,Credit card,42.0,29,2.0,28.11,1
16257,Female,East,Basic,Crypto,31.0,168,2.0,-10.0,1
16258,Female,West,Basic,Credit card,47.0,102,3.0,34.66,1
16259,Non-Binary,East,Pro,Crypto,15.0,136,3.0,51.25,1
16260,Male,North,Plus,Crypto,40.0,31,3.0,175.76,0
16261,Male,South,Basic,Crypto,38.0,52,1.0,11.61,0
16262,Non-Binary,West,Basic,E-wallet,27.0,134,2.0,64.94,1
16263,Male,South,Plus,E-wallet,,150,1.0,162.36,1
16264,Unknown,West,Plus,Credit card,38.0,80,2.0,227.78,0
16265,Non-Binary,South,Basic,E-wallet,,179,2.0,38.34,1
16266,Female,South,Pro,Credit card,16.0,148,-1.0,154.64,1
16267,Unknown,South,Basic,Paypal,40.0,75,1.0,30.75,1
16268,Male,North,Pro,Credit card,29.0,150,1.0,116.52,1
16269,Male,East,Plus,Credit card,45.0,68,1.0,156.96,0
16270,Female,North,Pro,E-wallet,15.0,17,1.0,57.04,1
16271,Male,South,Basic,Credit card,58.0,36,1.0,0.0,1
16272,Unknown,West,Basic,E-wallet,25.0,134,2.0,45.31,1
16273,Male,South,Pro,Credit card,48.0,60,1.0,108.25,0
16274,Female,East,Pro,Paypal,33.0,130,0.0,51.87,1
16275,Female,North,Pro,E-wallet,25.0,0,1.0,54.15,1
16276,Female,East,Basic,E-wallet,36.0,59,1.0,86.18,0
16277,Male,West,Pro,Paypal,44.0,133,3.0,139.85,1
16278,Male,East,Pro,E-wallet,18.0,123,2.0,112.16,1
16279,Non-Binary,North,Basic,Credit card,41.0,70,3.0,54.57,1
16280,Male,West,Basic,Crypto,33.0,90,1.0,72.37,1
16281,Non-Binary,East,Basic,E-wallet,39.0,30,1.0,88.04,0
16282,Female,North,Pro,Crypto,34.0,7,-1.0,109.98,0
16283,Female,North,Pro,Credit card,28.0,118,1.0,131.05,0
16284,Female,South,Plus,Paypal,22.0,142,2.0,129.94,1
16285,Male,East,Basic,E-wallet,40.0,6,1.0,0.73,1
16286,Female,West,Plus,Crypto,40.0,134,2.0,196.31,1
16287,Non-Binary,South,Pro,Paypal,40.0,160,1.0,46.49,1
16288,Female,East,Basic,Paypal,38.0,168,3.0,78.43,1
16289,Unknown,East,Basic,E-wallet,43.0,134,2.0,0.0,1
16290,Female,West,Basic,Crypto,48.0,19,3.0,54.24,1
16291,Male,South,Plus,E-wallet,15.0,70,1.0,166.28,0
16292,Male,South,Basic,,10.0,177,0.0,0.0,1
16293,Unknown,West,Basic,Paypal,,141,4.0,30.64,1
16294,Male,South,Basic,Crypto,20.0,117,0.0,29.5,1
16295,Non-Binary,North,Plus,E-wallet,23.0,142,6.0,173.82,1
16296,Non-Binary,West,Basic,Paypal,31.0,137,2.0,0.0,1
16297,Male,East,Basic,E-wallet,17.0,124,1.0,45.8,1
16298,Male,West,Basic,Crypto,30.0,64,0.0,55.76,0
16299,Female,North,Basic,Credit card,24.0,155,3.0,82.34,1
16300,Male,West,Basic,Credit card,31.0,97,2.0,,1
16301,Female,East,Pro,Credit card,,175,3.0,109.33,1
16302,Female,East,Plus,E-wallet,30.0,2,2.0,140.14,1
16303,Female,West,Plus,Paypal,30.0,130,0.0,212.06,1
16304,Female,West,Pro,Credit card,,74,1.0,69.14,1
16305,Male,North,Basic,Credit card,44.0,67,2.0,27.24,1
16306,Female,North,Pro,Credit card,50.0,166,4.0,127.43,1
16307,Male,East,Basic,Credit card,31.0,159,0.0,6.98,1
16308,Male,South,Basic,Crypto,52.0,15,0.0,0.0,0
16309,Female,South,Plus,Crypto,42.0,16,1.0,35.7,0
16310,Non-Binary,South,Plus,Paypal,21.0,138,0.0,158.34,1
16311,Male,South,Pro,Crypto,21.0,99,1.0,0.0,0
16312,Female,East,Plus,Crypto,28.0,31,1.0,97.64,1
16313,Female,South,Plus,Crypto,48.0,120,4.0,147.02,1
16314,Male,South,Pro,E-wallet,28.0,117,0.0,107.67,1
16315,Male,West,Pro,Crypto,15.0,154,0.0,70.89,1
16316,Unknown,South,Pro,E-wallet,31.0,111,1.0,32.05,1
16317,Female,West,Basic,E-wallet,,97,2.0,12.12,1
16318,Female,East,Basic,,23.0,4,3.0,0.0,0
16319,Female,West,Pro,E-wallet,28.0,88,1.0,92.33,1
16320,Male,North,Basic,Credit card,35.0,91,0.0,107.78,1
16321,Female,West,Basic,Paypal,44.0,145,2.0,,1
16322,Female,South,Basic,Crypto,40.0,2,1.0,0.0,1
16323,Female,West,Basic,Crypto,22.0,27,1.0,0.0,0
16324,Male,West,Plus,Paypal,30.0,33,2.0,106.09,1
16325,Male,East,Pro,Crypto,34.0,85,2.0,33.13,1
16326,Male,East,Pro,Crypto,31.0,149,0.0,43.51,1
16327,Unknown,South,Plus,Paypal,,116,2.0,124.66,1
16328,Female,North,Plus,E-wallet,16.0,29,3.0,181.8,0
16329,Female,North,Pro,Credit card,22.0,47,1.0,123.18,1
16330,Male,West,Plus,E-wallet,29.0,64,1.0,118.15,0
16331,Male,North,Basic,Credit card,3.0,146,1.0,0.0,1
16332,Female,East,Basic,,40.0,179,4.0,62.84,1
16333,Female,South,Basic,E-wallet,20.0,40,3.0,70.03,1
16334,Female,South,Pro,E-wallet,40.0,92,0.0,139.55,1
16335,Male,East,Pro,Credit card,39.0,96,1.0,56.61,1
16336,Female,South,Pro,Credit card,28.0,80,1.0,39.77,1
16337,Male,West,Pro,Credit card,,101,1.0,,1
16338,Male,South,Basic,Credit card,41.0,177,2.0,93.42,1
16339,Female,North,Basic,Crypto,30.0,40,1.0,32.88,1
16340,Male,South,Pro,Paypal,29.0,122,2.0,140.8,1
16341,Male,South,Basic,Credit card,44.0,32,0.0,13.67,1
16342,Female,East,Pro,E-wallet,36.0,81,4.0,70.39,1
16343,Female,East,Pro,E-wallet,44.0,144,2.0,140.85,1
16344,Non-Binary,North,Pro,E-wallet,10.0,83,1.0,89.14,0
16345,Female,East,Basic,Credit card,34.0,173,0.0,58.82,1
16346,Male,North,Pro,Paypal,,89,3.0,45.85,1
16347,Male,West,Plus,Crypto,33.0,70,5.0,143.18,1
16348,Unknown,North,Plus,Credit card,41.0,104,1.0,97.35,1
16349,Female,South,Plus,Credit card,51.0,56,0.0,160.21,1
16350,Female,North,Pro,Crypto,,19,2.0,56.11,1
16351,Male,West,Basic,Paypal,28.0,168,4.0,,1
16352,Female,South,Pro,Credit card,33.0,74,3.0,73.08,1
16353,Male,North,Plus,E-wallet,24.0,37,3.0,234.14,1
16354,Female,East,Basic,E-wallet,43.0,26,2.0,42.28,1
16355,Unknown,East,Basic,Credit card,33.0,136,0.0,33.57,1
16356,Unknown,East,Basic,Paypal,35.0,165,1.0,,1
16357,Female,North,Pro,E-wallet,40.0,112,1.0,86.77,1
16358,Female,North,Basic,,33.0,152,3.0,59.18,0
16359,Unknown,West,Basic,Crypto,25.0,13,4.0,0.0,1
16360,Female,South,Plus,Paypal,33.0,36,0.0,202.73,0
16361,Male,South,Pro,Credit card,,177,0.0,120.26,1
16362,Female,South,Basic,Crypto,35.0,91,2.0,40.46,1
16363,Male,South,Basic,Crypto,43.0,169,4.0,75.08,1
16364,Female,North,Basic,Crypto,22.0,53,1.0,1.74,1
16365,Female,North,Basic,Paypal,18.0,124,3.0,0.0,1
16366,Female,West,Basic,Paypal,34.0,162,4.0,48.47,1
16367,Male,South,Pro,Paypal,26.0,122,2.0,20.56,1
16368,Male,North,Pro,Credit card,34.0,30,2.0,35.73,1
16369,Female,North,Pro,Paypal,37.0,97,3.0,44.95,1
16370,Non-Binary,North,Basic,Crypto,12.0,122,1.0,26.74,1
16371,Female,North,Pro,E-wallet,40.0,173,1.0,70.54,1
16372,Male,South,Plus,Credit card,22.0,144,3.0,118.49,0
16373,Unknown,South,Basic,,33.0,112,0.0,111.45,1
16374,Unknown,North,Basic,Credit card,27.0,84,1.0,72.78,1
16375,Male,East,Pro,Crypto,28.0,89,1.0,90.68,1
16376,Male,West,Pro,Paypal,50.0,91,2.0,118.81,1
16377,Female,South,Basic,Crypto,37.0,127,2.0,24.42,1
16378,Non-Binary,South,Pro,,,21,2.0,155.17,1
16379,Unknown,East,Pro,Paypal,35.0,168,0.0,185.45,1
16380,Non-Binary,South,Plus,E-wallet,40.0,2,3.0,186.1,1
16381,Female,East,Basic,Credit card,38.0,91,0.0,0.0,0
16382,Female,East,Pro,Credit card,36.0,62,3.0,94.03,1
16383,Male,North,Basic,Crypto,45.0,65,0.0,32.47,1
16384,Male,South,Pro,Paypal,35.0,45,2.0,94.94,1
16385,Female,West,Pro,Credit card,56.0,135,1.0,129.85,1
16386,Female,East,Basic,Crypto,43.0,38,3.0,6.89,1
16387,Female,West,Plus,E-wallet,22.0,152,2.0,153.76,0
16388,Female,North,Basic,,,93,1.0,34.48,1
16389,Male,South,Pro,Paypal,37.0,46,1.0,66.46,1
16390,Female,North,Basic,Paypal,34.0,161,0.0,56.74,1
16391,Male,North,Pro,Paypal,40.0,67,1.0,42.98,1
16392,Female,West,Basic,Credit card,41.0,56,1.0,47.3,1
16393,Female,West,Plus,Crypto,20.0,152,2.0,199.51,1
16394,Female,East,Plus,E-wallet,46.0,86,0.0,192.35,1
16395,Unknown,South,Plus,Paypal,29.0,61,1.0,158.36,1
16396,Male,North,Basic,Crypto,28.0,38,2.0,,1
16397,Female,East,Pro,Credit card,28.0,113,1.0,26.96,1
16398,Male,East,Basic,E-wallet,42.0,121,0.0,40.89,1
16399,Female,North,Plus,E-wallet,31.0,134,0.0,276.7,0
16400,Non-Binary,North,Pro,E-wallet,27.0,94,2.0,142.56,1
16401,Female,East,Pro,,29.0,5,4.0,109.26,1
16402,Non-Binary,North,Pro,Paypal,16.0,122,3.0,120.51,1
16403,Male,North,Basic,Credit card,25.0,82,0.0,38.11,0
16404,Non-Binary,West,Pro,E-wallet,21.0,18,2.0,85.76,1
16405,Male,South,Basic,Crypto,31.0,174,1.0,56.83,1
16406,Non-Binary,East,Plus,E-wallet,40.0,18,1.0,180.21,1
16407,Male,North,Plus,Crypto,39.0,33,4.0,211.17,1
16408,Male,East,Pro,Credit card,46.0,170,0.0,84.01,1
16409,Female,South,Plus,Credit card,44.0,140,4.0,165.07,1
16410,Unknown,East,Basic,Credit card,28.0,163,3.0,-10.0,1
16411,Male,East,Plus,Crypto,34.0,24,1.0,135.2,1
16412,Male,East,Basic,Credit card,33.0,96,5.0,33.79,1
16413,Non-Binary,West,Pro,Paypal,12.0,55,7.0,127.1,1
16414,Male,South,Pro,E-wallet,21.0,20,1.0,50.7,1
16415,Male,South,Basic,Paypal,32.0,33,1.0,32.13,0
16416,Female,East,Basic,Crypto,,109,1.0,0.0,1
16417,Male,East,Basic,Credit card,39.0,24,1.0,10.91,1
16418,Unknown,South,Plus,E-wallet,38.0,81,0.0,128.33,0
16419,Female,North,Basic,Credit card,16.0,106,0.0,7.95,0
16420,Female,West,Pro,Credit card,39.0,10,3.0,148.23,1
16421,Unknown,South,Pro,E-wallet,35.0,18,2.0,6.08,1
16422,Female,East,Basic,,40.0,176,0.0,64.86,1
16423,Male,North,Basic,Paypal,44.0,176,3.0,13.08,1
16424,Male,North,Pro,Paypal,32.0,161,1.0,100.32,0
16425,Female,North,Basic,Paypal,46.0,129,1.0,0.0,1
16426,Male,West,Pro,,,29,0.0,122.21,1
16427,Unknown,West,Basic,Paypal,24.0,108,2.0,11.28,1
16428,Female,South,Basic,Crypto,38.0,37,1.0,0.0,1
16429,Male,South,Pro,,30.0,14,1.0,80.93,0
16430,Female,South,Basic,Credit card,36.0,74,1.0,20.4,1
16431,Female,South,Plus,Credit card,53.0,59,3.0,130.54,1
16432,Unknown,East,Plus,Paypal,,131,3.0,159.73,1
16433,Non-Binary,West,Basic,Credit card,36.0,82,2.0,0.0,1
16434,Female,North,Basic,Crypto,25.0,13,1.0,12.72,1
16435,Female,East,Basic,Crypto,17.0,113,2.0,59.72,1
16436,Female,South,Basic,Credit card,33.0,80,2.0,58.84,0
16437,Female,South,Pro,Paypal,,7,1.0,86.42,1
16438,Male,East,Plus,,30.0,76,1.0,153.27,0
16439,Male,North,Basic,E-wallet,38.0,92,1.0,87.39,1
16440,Female,West,Basic,E-wallet,48.0,110,1.0,80.51,1
16441,Male,West,Basic,Credit card,48.0,138,2.0,30.31,1
16442,Male,North,Basic,Paypal,38.0,79,4.0,0.0,1
16443,Female,West,Pro,Credit card,35.0,49,0.0,116.35,1
16444,Male,South,Pro,Paypal,18.0,86,2.0,77.02,1
16445,Female,South,Basic,Paypal,27.0,75,1.0,12.13,1
16446,Female,South,Basic,E-wallet,31.0,37,3.0,14.81,1
16447,Unknown,South,Plus,Crypto,25.0,151,1.0,216.2,0
16448,Female,North,Basic,Crypto,36.0,94,6.0,49.17,1
16449,Male,West,Plus,Credit card,53.0,165,0.0,170.79,0
16450,Female,West,Basic,Credit card,49.0,124,2.0,14.36,1
16451,Non-Binary,East,Plus,Paypal,36.0,64,2.0,211.48,1
16452,Unknown,North,Pro,Crypto,41.0,89,3.0,,1
16453,Female,West,Basic,Paypal,,16,0.0,100.87,0
16454,Male,West,Plus,E-wallet,48.0,99,2.0,164.87,1
16455,Unknown,East,Pro,E-wallet,18.0,144,0.0,134.77,0
16456,Male,South,Basic,Paypal,43.0,26,3.0,0.0,1
16457,Female,West,Basic,,38.0,88,2.0,19.63,1
16458,Female,South,Pro,Paypal,26.0,24,3.0,167.04,0
16459,Male,East,Pro,Paypal,31.0,101,0.0,148.59,1
16460,Male,West,Pro,Paypal,,95,2.0,142.89,1
16461,Male,South,Pro,E-wallet,23.0,176,1.0,92.45,1
16462,Female,North,Pro,E-wallet,18.0,57,2.0,130.36,1
16463,Unknown,South,Pro,E-wallet,41.0,123,0.0,165.02,1
16464,Male,South,Pro,Credit card,46.0,0,2.0,,1
16465,Non-Binary,South,Basic,E-wallet,12.0,140,2.0,27.99,1
16466,Male,South,Plus,Crypto,52.0,20,0.0,222.16,0
16467,Female,North,Basic,Crypto,33.0,0,0.0,14.22,0
16468,Male,East,Basic,Paypal,36.0,158,0.0,0.0,1
16469,Unknown,South,Pro,E-wallet,,60,3.0,62.35,1
16470,Female,South,Basic,Paypal,,2,2.0,23.61,0
16471,Female,West,Basic,Paypal,36.0,156,1.0,49.27,1
16472,Non-Binary,West,Basic,,45.0,175,0.0,47.18,1
16473,Female,North,Pro,Crypto,46.0,81,1.0,49.59,1
16474,Unknown,North,Plus,Paypal,47.0,24,1.0,113.17,0
16475,Female,North,Pro,Crypto,27.0,161,2.0,92.76,0
16476,Unknown,West,Pro,,31.0,17,0.0,4.49,1
16477,Female,South,Basic,,27.0,27,1.0,70.15,1
16478,Male,West,Basic,Paypal,42.0,3,-1.0,26.79,1
16479,Female,East,Basic,Credit card,37.0,118,3.0,0.0,1
16480,Male,North,Basic,Crypto,44.0,115,1.0,28.94,1
16481,Female,North,Basic,Crypto,,148,2.0,52.95,1
16482,Female,North,Basic,,16.0,69,2.0,45.43,0
16483,Female,East,Basic,Crypto,47.0,20,2.0,85.19,1
16484,Male,South,Pro,E-wallet,,93,0.0,107.84,1
16485,Male,South,Plus,Paypal,30.0,147,2.0,171.29,0
16486,Female,South,Plus,Credit card,37.0,125,1.0,152.22,1
16487,Unknown,North,Pro,Paypal,32.0,168,0.0,55.99,1
16488,Male,South,Basic,Paypal,40.0,120,3.0,20.38,1
16489,Female,West,Pro,Paypal,30.0,127,2.0,136.51,1
16490,Female,North,Basic,E-wallet,38.0,30,1.0,6.11,1
16491,Female,East,Pro,Credit card,34.0,99,2.0,188.79,0
16492,Male,East,Pro,,29.0,152,0.0,54.14,1
16493,Female,South,Pro,E-wallet,35.0,68,2.0,134.85,1
16494,Male,North,Plus,Paypal,61.0,16,0.0,226.23,0
16495,Unknown,West,Pro,Credit card,27.0,147,4.0,24.27,1
16496,Male,West,Pro,Paypal,31.0,44,1.0,133.9,1
16497,Male,North,Basic,Paypal,27.0,110,2.0,17.68,1
16498,Male,South,Plus,Crypto,28.0,49,5.0,97.34,1
16499,Male,East,Basic,E-wallet,,178,4.0,0.0,1
16500,Female,East,Plus,Credit card,41.0,119,2.0,198.28,1
16501,Male,West,Basic,E-wallet,33.0,160,1.0,84.4,1
16502,Male,West,Basic,Crypto,44.0,97,3.0,29.94,1
16503,Female,West,Plus,Paypal,41.0,115,5.0,230.72,1
16504,Male,East,Basic,Credit card,32.0,122,1.0,,1
16505,Male,West,Plus,Credit card,18.0,28,4.0,167.79,0
16506,Non-Binary,East,Basic,E-wallet,42.0,149,1.0,56.86,1
16507,Female,East,Plus,Paypal,35.0,2,1.0,186.37,0
16508,Unknown,South,Pro,Crypto,,5,1.0,13.48,0
16509,Non-Binary,South,Pro,Paypal,29.0,167,1.0,110.28,1
16510,Female,South,Basic,E-wallet,41.0,75,2.0,28.1,1
16511,Male,West,Basic,Credit card,37.0,4,3.0,53.08,1
16512,Female,East,Plus,Credit card,31.0,2,1.0,112.62,0
16513,Non-Binary,West,Basic,Paypal,21.0,3,2.0,87.88,1
16514,Female,East,Basic,,44.0,4,1.0,50.97,0
16515,Female,South,Pro,Paypal,40.0,56,1.0,98.65,0
16516,Male,South,Basic,Paypal,36.0,98,3.0,68.36,1
16517,Non-Binary,West,Basic,Crypto,7.0,169,0.0,67.32,0
16518,Female,East,Basic,Crypto,33.0,82,2.0,65.27,1
16519,Unknown,West,Basic,Crypto,31.0,155,2.0,44.72,1
16520,Male,North,Plus,Crypto,27.0,54,4.0,167.8,0
16521,Male,West,Basic,E-wallet,41.0,165,2.0,15.09,1
16522,Male,South,Plus,Credit card,41.0,22,1.0,134.06,0
16523,Female,East,Basic,Credit card,38.0,134,0.0,26.07,1
16524,Male,East,Basic,E-wallet,44.0,37,2.0,66.37,0
16525,Male,West,Pro,E-wallet,23.0,108,2.0,,1
16526,Unknown,South,Basic,,29.0,84,3.0,0.0,1
16527,Male,North,Pro,Paypal,34.0,36,2.0,118.87,0
16528,Non-Binary,West,Plus,Credit card,,133,1.0,94.35,1
16529,Male,East,Basic,E-wallet,41.0,137,2.0,19.62,1
16530,Non-Binary,South,Pro,Paypal,,154,2.0,122.77,1
16531,Female,East,Basic,Crypto,46.0,115,1.0,10.47,1
16532,Unknown,East,Basic,E-wallet,24.0,105,1.0,13.4,1
16533,Unknown,East,Basic,Credit card,55.0,56,4.0,11.96,1
16534,Male,East,Plus,Credit card,54.0,91,0.0,168.36,0
16535,Male,North,Basic,Credit card,33.0,15,4.0,0.0,0
16536,Male,South,Plus,E-wallet,45.0,113,3.0,182.36,1
16537,Female,West,Pro,Credit card,29.0,58,1.0,129.37,1
16538,Non-Binary,South,Basic,Crypto,,155,1.0,104.59,1
16539,Female,South,Basic,Credit card,32.0,2,0.0,14.4,1
16540,Female,South,Plus,,21.0,116,0.0,217.06,0
16541,Male,West,Pro,Credit card,-1.0,157,4.0,83.4,1
16542,Non-Binary,South,Basic,Crypto,31.0,18,1.0,17.05,0
16543,Unknown,West,Plus,E-wallet,36.0,96,3.0,166.88,1
16544,Male,West,Basic,Crypto,47.0,135,0.0,32.88,1
16545,Female,North,Plus,E-wallet,34.0,18,1.0,172.39,0
16546,Male,East,Plus,Paypal,44.0,35,2.0,96.54,1
16547,Female,West,Pro,Crypto,29.0,111,3.0,90.17,1
16548,Female,East,Plus,E-wallet,30.0,59,2.0,135.93,1
16549,Male,South,Pro,Paypal,44.0,33,1.0,158.95,1
16550,Female,East,Pro,Credit card,9.0,154,1.0,53.91,1
16551,Male,East,Pro,,34.0,166,0.0,60.0,0
16552,Female,East,Basic,Crypto,30.0,41,1.0,7.67,1
16553,Female,South,Pro,Paypal,47.0,41,0.0,75.25,1
16554,Male,South,Basic,Credit card,28.0,87,2.0,55.87,1
16555,Female,West,Basic,Paypal,39.0,175,2.0,-10.0,1
16556,Female,West,Basic,Crypto,43.0,158,2.0,55.62,1
16557,Male,North,Basic,Crypto,19.0,21,2.0,0.0,1
16558,Male,South,Basic,E-wallet,32.0,86,0.0,65.79,0
16559,Female,North,Plus,Credit card,29.0,40,1.0,206.63,1
16560,Unknown,South,Basic,Credit card,43.0,23,0.0,0.0,1
16561,Male,East,Pro,Paypal,40.0,167,1.0,67.76,1
16562,Male,North,Basic,Credit card,31.0,159,0.0,62.66,1
16563,Male,North,Basic,Crypto,23.0,50,2.0,0.0,1
16564,Female,North,Basic,Paypal,44.0,32,1.0,50.4,1
16565,Male,South,Basic,E-wallet,33.0,27,2.0,0.6,1
16566,Male,West,Pro,Paypal,17.0,89,3.0,112.04,1
16567,Female,North,Pro,Paypal,18.0,81,0.0,98.04,1
16568,Female,West,Basic,E-wallet,,121,5.0,68.43,1
16569,Male,South,Basic,Paypal,21.0,78,3.0,41.9,1
16570,Female,North,Plus,Credit card,52.0,101,1.0,195.41,1
16571,Female,South,Basic,Paypal,24.0,21,3.0,42.3,1
16572,Male,West,Basic,Paypal,33.0,17,2.0,40.2,1
16573,Male,West,Pro,Paypal,,1,1.0,165.42,1
16574,Non-Binary,North,Basic,Crypto,26.0,93,1.0,15.58,1
16575,Male,West,Plus,Crypto,11.0,88,2.0,159.86,1
16576,Female,East,Pro,Credit card,35.0,153,5.0,66.31,1
16577,Unknown,East,Basic,E-wallet,26.0,38,2.0,17.34,1
16578,Male,North,Basic,Crypto,35.0,16,3.0,20.56,0
16579,Male,South,Pro,Crypto,,15,0.0,94.09,0
16580,Female,South,Basic,Credit card,36.0,154,0.0,,1
16581,Non-Binary,South,Plus,Credit card,49.0,176,0.0,186.44,0
16582,Unknown,East,Pro,E-wallet,28.0,130,0.0,78.41,1
16583,Female,West,Basic,Paypal,29.0,41,1.0,58.5,0
16584,Male,East,Pro,Paypal,,62,3.0,119.19,1
16585,Female,West,Basic,E-wallet,32.0,28,4.0,27.5,1
16586,Female,East,Basic,E-wallet,,129,4.0,0.0,1
16587,Female,South,Pro,E-wallet,29.0,106,2.0,104.81,1
16588,Male,South,Pro,Credit card,38.0,103,2.0,101.45,1
16589,Male,South,Pro,Paypal,32.0,13,2.0,60.33,1
16590,Female,North,Basic,E-wallet,20.0,11,1.0,0.0,1
16591,Female,North,Pro,E-wallet,,23,2.0,75.05,1
16592,Male,West,Basic,,31.0,27,3.0,20.37,0
16593,Male,North,Pro,Paypal,35.0,145,1.0,,1
16594,Non-Binary,East,Pro,Credit card,28.0,100,3.0,,1
16595,Female,East,Pro,Crypto,27.0,133,1.0,83.42,1
16596,Male,West,Plus,Crypto,35.0,29,3.0,69.11,1
16597,Male,West,Plus,Credit card,31.0,33,0.0,200.51,0
16598,Male,South,Plus,Credit card,51.0,155,1.0,118.06,1
16599,Unknown,North,Plus,Paypal,41.0,74,0.0,140.17,1
16600,Female,South,Pro,Credit card,39.0,15,4.0,36.44,0
16601,Female,North,Plus,Credit card,32.0,153,3.0,-10.0,1
16602,Female,North,Plus,E-wallet,13.0,158,1.0,172.27,0
16603,Male,West,Pro,,25.0,26,6.0,75.24,1
16604,Non-Binary,South,Basic,Credit card,27.0,111,0.0,,1
16605,Female,South,Basic,E-wallet,31.0,48,2.0,48.7,1
16606,Male,North,Plus,Paypal,33.0,136,1.0,152.64,1
16607,Male,North,Basic,Paypal,40.0,25,4.0,32.55,1
16608,Female,West,Plus,Credit card,36.0,5,1.0,201.02,1
16609,Unknown,East,Basic,Credit card,45.0,134,3.0,0.0,0
16610,Male,South,Basic,Crypto,30.0,12,2.0,60.65,1
16611,Non-Binary,South,Pro,E-wallet,36.0,176,2.0,39.01,1
16612,Female,West,Plus,,37.0,9,4.0,189.72,0
16613,Male,West,Basic,Credit card,,42,2.0,47.99,1
16614,Male,South,Plus,Crypto,46.0,109,2.0,66.29,1
16615,Male,South,Pro,Crypto,42.0,176,0.0,87.56,1
16616,Female,North,Basic,Paypal,20.0,111,5.0,0.0,1
16617,Male,East,Basic,,32.0,100,3.0,73.82,1
16618,Male,South,Basic,Paypal,33.0,17,1.0,39.57,1
16619,Female,West,Basic,Paypal,55.0,10,0.0,0.0,1
16620,Female,North,Basic,Crypto,30.0,9,2.0,9.64,1
16621,Male,North,Basic,E-wallet,,155,1.0,81.92,1
16622,Female,West,Basic,Credit card,38.0,52,1.0,16.86,0
16623,Female,West,Plus,E-wallet,38.0,53,1.0,126.32,1
16624,Female,North,Pro,Paypal,33.0,152,2.0,145.39,0
16625,Non-Binary,West,Pro,Crypto,31.0,5,3.0,,0
16626,Male,North,Basic,Credit card,,105,3.0,26.45,1
16627,Non-Binary,West,Plus,Paypal,25.0,138,1.0,124.53,1
16628,Female,North,Plus,Crypto,30.0,32,2.0,116.26,1
16629,Female,South,Pro,,,68,0.0,131.78,1
16630,Female,South,Plus,Crypto,44.0,95,2.0,134.76,1
16631,Female,West,Plus,E-wallet,36.0,173,1.0,143.71,1
16632,Male,East,Pro,Paypal,23.0,87,0.0,105.16,1
16633,Female,South,Pro,E-wallet,24.0,54,3.0,126.22,0
16634,Female,North,Basic,E-wallet,52.0,50,1.0,19.55,1
16635,Female,East,Basic,Crypto,44.0,24,2.0,0.0,1
16636,Male,North,Basic,Credit card,42.0,104,1.0,0.0,0
16637,Unknown,North,Basic,E-wallet,34.0,22,2.0,111.78,0
16638,Female,South,Basic,Paypal,49.0,177,1.0,61.03,1
16639,Male,West,Plus,Paypal,22.0,45,1.0,186.81,1
16640,Female,West,Basic,Crypto,41.0,171,3.0,0.0,1
16641,Female,North,Plus,E-wallet,29.0,140,3.0,141.76,1
16642,Female,South,Pro,Credit card,31.0,175,1.0,94.99,1
16643,Female,North,Basic,Credit card,41.0,144,2.0,12.23,1
16644,Non-Binary,East,Basic,Paypal,32.0,13,3.0,0.0,1
16645,Male,North,Basic,,29.0,157,0.0,0.0,1
16646,Female,South,Plus,E-wallet,29.0,104,3.0,160.29,1
16647,Non-Binary,North,Plus,Paypal,14.0,121,1.0,146.45,1
16648,Non-Binary,South,Basic,Crypto,41.0,157,1.0,12.98,1
16649,Female,West,Plus,Credit card,23.0,32,3.0,139.33,1
16650,Non-Binary,South,Pro,,52.0,119,2.0,99.47,1
16651,Male,East,Basic,Crypto,31.0,30,1.0,0.0,0
16652,Non-Binary,South,Pro,Credit card,,22,3.0,120.3,1
16653,Male,East,Pro,Crypto,15.0,179,2.0,39.04,1
16654,Male,East,Basic,Paypal,41.0,114,2.0,52.91,1
16655,Male,North,Pro,E-wallet,43.0,53,2.0,0.0,0
16656,Female,East,Basic,,47.0,174,0.0,35.42,1
16657,Male,South,Basic,E-wallet,18.0,176,0.0,15.83,1
16658,Male,West,Basic,Paypal,26.0,83,3.0,-10.0,1
16659,Male,South,Plus,Credit card,39.0,55,2.0,139.66,1
16660,Male,West,Pro,Crypto,35.0,91,2.0,105.37,0
16661,Female,East,Basic,Credit card,36.0,7,1.0,32.0,1
16662,Female,North,Basic,E-wallet,30.0,149,3.0,0.0,1
16663,Male,East,Basic,E-wallet,49.0,61,0.0,3.1,0
16664,Female,East,Pro,Credit card,60.0,53,0.0,78.28,1
16665,Non-Binary,West,Basic,Paypal,35.0,162,4.0,75.08,1
16666,Female,South,Plus,E-wallet,38.0,118,4.0,178.4,1
16667,Male,North,Plus,Paypal,,107,3.0,133.25,1
16668,Female,North,Pro,Credit card,46.0,87,1.0,86.64,1
16669,Male,North,Basic,,42.0,14,2.0,0.0,1
16670,Male,North,Basic,E-wallet,23.0,113,0.0,2.92,1
16671,Male,South,Basic,,,4,1.0,29.9,0
16672,Non-Binary,North,Pro,Paypal,23.0,16,2.0,37.5,1
16673,Male,West,Pro,Paypal,60.0,91,1.0,69.85,1
16674,Male,West,Pro,Crypto,40.0,116,2.0,142.83,1
16675,Male,North,Basic,E-wallet,28.0,130,0.0,0.0,1
16676,Non-Binary,North,Plus,Crypto,27.0,146,0.0,206.67,0
16677,Female,South,Basic,,42.0,101,0.0,0.0,1
16678,Male,South,Basic,E-wallet,,164,2.0,0.0,1
16679,Female,North,Pro,Credit card,41.0,148,0.0,106.89,1
16680,Female,South,Basic,Credit card,,100,3.0,0.0,1
16681,Female,East,Pro,Credit card,37.0,50,1.0,-10.0,1
16682,Male,North,Plus,Paypal,35.0,53,4.0,129.43,1
16683,Non-Binary,South,Pro,Paypal,24.0,138,0.0,140.62,1
16684,Male,West,Basic,Credit card,24.0,157,1.0,66.6,1
16685,Female,North,Basic,Crypto,38.0,89,2.0,52.34,0
16686,Male,North,Basic,Crypto,35.0,112,1.0,34.72,1
16687,Male,West,Basic,E-wallet,39.0,170,2.0,47.94,1
16688,Male,West,Plus,E-wallet,,35,1.0,208.25,0
16689,Female,South,Pro,Credit card,48.0,89,3.0,35.74,1
16690,Male,West,Basic,Paypal,26.0,119,6.0,0.0,1
16691,Female,East,Plus,Paypal,40.0,90,3.0,164.53,1
16692,Male,North,Pro,E-wallet,,153,1.0,87.68,1
16693,Female,East,Basic,Credit card,30.0,97,2.0,95.62,1
16694,Non-Binary,South,Basic,E-wallet,35.0,59,2.0,59.87,1
16695,Female,West,Basic,Crypto,,89,4.0,0.0,1
16696,Female,North,Plus,Credit card,55.0,21,3.0,151.81,1
16697,Female,West,Pro,Credit card,35.0,23,2.0,90.31,1
16698,Male,West,Plus,Credit card,38.0,139,3.0,86.61,1
16699,Non-Binary,South,Basic,Crypto,,74,1.0,16.22,0
16700,Male,South,Plus,Credit card,29.0,59,2.0,131.63,1
16701,Female,South,Basic,E-wallet,20.0,148,2.0,0.0,1
16702,Female,South,Plus,Crypto,44.0,79,1.0,108.21,1
16703,Male,North,Plus,Paypal,41.0,163,2.0,150.01,1
16704,Male,East,Basic,E-wallet,30.0,6,1.0,108.4,1
16705,Female,East,Pro,E-wallet,24.0,52,2.0,27.81,0
16706,Non-Binary,North,Pro,E-wallet,35.0,155,3.0,53.56,1
16707,Unknown,West,Plus,Crypto,29.0,23,3.0,204.31,0
16708,Female,North,Basic,E-wallet,,52,1.0,77.93,1
16709,Female,East,Basic,Crypto,21.0,12,4.0,0.0,1
16710,Unknown,East,Plus,Credit card,36.0,77,3.0,,1
16711,Male,North,Pro,Paypal,36.0,94,2.0,100.36,1
16712,Male,South,Basic,Credit card,44.0,71,2.0,,0
16713,Female,West,Plus,E-wallet,32.0,0,3.0,,1
16714,Non-Binary,North,Basic,Crypto,30.0,103,1.0,73.35,1
16715,Non-Binary,East,Pro,Crypto,18.0,114,2.0,111.39,1
16716,Female,South,Basic,Credit card,45.0,80,3.0,11.25,1
16717,Male,West,Basic,E-wallet,42.0,40,2.0,0.0,1
16718,Female,East,Basic,Paypal,34.0,12,4.0,75.53,1
16719,Male,West,Basic,Crypto,,174,1.0,138.66,1
16720,Male,South,Pro,Crypto,21.0,26,2.0,63.69,0
16721,Female,East,Pro,E-wallet,28.0,122,0.0,148.15,1
16722,Male,South,Basic,Crypto,43.0,39,1.0,39.33,0
16723,Non-Binary,North,Basic,E-wallet,36.0,159,3.0,40.06,1
16724,Female,North,Pro,E-wallet,,75,2.0,164.15,1
16725,Female,West,Basic,Paypal,38.0,170,3.0,95.95,1
16726,Male,South,Pro,E-wallet,25.0,51,1.0,42.97,1
16727,Male,South,Pro,Credit card,28.0,79,1.0,95.31,1
16728,Male,West,Plus,Paypal,43.0,33,4.0,195.99,1
16729,Unknown,West,Pro,E-wallet,41.0,133,4.0,62.48,1
16730,Non-Binary,West,Basic,E-wallet,44.0,47,1.0,65.27,0
16731,Female,North,Plus,Paypal,33.0,145,0.0,109.65,1
16732,Male,West,Plus,Crypto,42.0,80,0.0,150.36,1
16733,Unknown,North,Basic,Paypal,28.0,166,5.0,93.7,1
16734,Male,West,Plus,Crypto,31.0,6,4.0,179.3,1
16735,Male,South,Pro,Paypal,30.0,5,2.0,117.89,1
16736,Female,South,Basic,Paypal,34.0,52,4.0,36.33,1
16737,Unknown,West,Basic,Credit card,21.0,0,0.0,20.85,0
16738,Male,West,Pro,Paypal,31.0,28,3.0,128.49,0
16739,Male,North,Basic,Credit card,48.0,91,1.0,,0
16740,Unknown,East,Basic,E-wallet,,102,1.0,67.27,1
16741,Male,North,Basic,Crypto,20.0,122,2.0,18.76,1
16742,Male,South,Basic,,21.0,101,2.0,101.15,1
16743,Female,West,Basic,Credit card,60.0,97,3.0,61.39,1
16744,Non-Binary,South,Pro,Crypto,38.0,176,1.0,45.15,1
16745,Female,East,Basic,Crypto,31.0,58,2.0,,1
16746,Unknown,North,Plus,Paypal,34.0,140,1.0,165.87,1
16747,Female,South,Basic,Credit card,,44,1.0,47.03,1
16748,Male,North,Basic,Crypto,27.0,173,2.0,0.0,1
16749,Unknown,West,Basic,E-wallet,28.0,121,2.0,13.49,1
16750,Female,South,Basic,Credit card,32.0,22,1.0,36.02,0
16751,Male,East,Basic,Paypal,26.0,31,2.0,1.8,0
16752,Female,North,Pro,E-wallet,30.0,71,3.0,72.76,1
16753,Male,North,Pro,,37.0,110,2.0,149.0,1
16754,Male,East,Basic,Crypto,24.0,74,3.0,6.58,1
16755,Male,South,Basic,Credit card,,140,1.0,54.25,0
16756,Female,South,Basic,Crypto,41.0,52,4.0,58.12,1
16757,Non-Binary,North,Plus,Credit card,21.0,19,1.0,131.8,0
16758,Female,East,Pro,,9.0,128,2.0,66.67,0
16759,Unknown,North,Basic,E-wallet,27.0,56,3.0,44.97,1
16760,Male,North,Basic,Paypal,40.0,65,5.0,53.0,1
16761,Male,West,Plus,E-wallet,38.0,138,0.0,,0
16762,Male,South,Basic,Paypal,,45,0.0,66.54,1
16763,Male,South,Pro,Credit card,27.0,29,2.0,-10.0,1
16764,Male,West,Basic,Crypto,24.0,6,0.0,36.57,0
16765,Female,South,Pro,E-wallet,29.0,151,1.0,64.28,0
16766,Unknown,South,Plus,Crypto,23.0,94,1.0,189.76,1
16767,Unknown,South,Plus,Credit card,30.0,175,1.0,154.56,1
16768,Male,East,Pro,Paypal,47.0,42,2.0,105.23,1
16769,Non-Binary,West,Basic,E-wallet,26.0,78,3.0,94.93,0
16770,Male,North,Basic,Paypal,,35,1.0,50.4,0
16771,Male,East,Basic,Paypal,41.0,128,0.0,5.38,0
16772,Non-Binary,North,Plus,Credit card,23.0,6,1.0,102.42,0
16773,Female,West,Pro,Paypal,25.0,43,3.0,94.92,0
16774,Male,West,Basic,Credit card,44.0,60,2.0,42.39,1
16775,Female,West,Basic,Paypal,,25,2.0,0.0,1
16776,Male,South,Pro,,33.0,106,3.0,24.68,1
16777,Female,East,Plus,E-wallet,54.0,106,3.0,157.93,1
16778,Female,West,Pro,Credit card,43.0,120,3.0,56.42,1
16779,Unknown,North,Basic,Crypto,34.0,157,0.0,90.2,1
16780,Male,South,Basic,Crypto,42.0,0,2.0,4.76,0
16781,Male,South,Basic,Crypto,33.0,62,2.0,0.0,1
16782,Female,East,Plus,E-wallet,44.0,14,0.0,159.48,0
16783,Female,East,Plus,E-wallet,,54,3.0,139.46,1
16784,Male,East,Plus,Paypal,32.0,56,2.0,124.5,0
16785,Female,South,Pro,Paypal,13.0,116,3.0,111.54,1
16786,Non-Binary,West,Pro,Crypto,35.0,19,2.0,112.85,1
16787,Unknown,North,Pro,Paypal,31.0,149,3.0,113.78,1
16788,Non-Binary,West,Pro,Paypal,47.0,88,2.0,113.23,0
16789,Non-Binary,North,Pro,E-wallet,,177,1.0,157.57,1
16790,Female,West,Basic,Crypto,28.0,116,2.0,0.0,1
16791,Non-Binary,East,Pro,Credit card,29.0,163,3.0,69.01,1
16792,Male,North,Basic,Crypto,,164,1.0,9.39,1
16793,Male,South,Basic,E-wallet,28.0,173,3.0,36.14,1
16794,Male,North,Plus,Crypto,33.0,118,1.0,78.69,1
16795,Female,South,Plus,Credit card,47.0,154,3.0,168.66,1
16796,Male,West,Pro,Paypal,25.0,146,1.0,77.69,1
16797,Unknown,East,Basic,Crypto,29.0,82,1.0,57.34,1
16798,Male,North,Plus,E-wallet,30.0,15,0.0,249.62,0
16799,Male,South,Pro,E-wallet,65.0,53,1.0,86.6,0
16800,Female,West,Basic,Crypto,40.0,94,1.0,17.6,1
16801,Male,East,Pro,Paypal,45.0,161,5.0,83.13,1
16802,Male,East,Basic,Paypal,41.0,78,2.0,32.82,1
16803,Male,East,Basic,E-wallet,42.0,178,0.0,30.73,1
16804,Female,West,Plus,E-wallet,,35,0.0,159.51,0
16805,Female,West,Basic,Credit card,37.0,126,3.0,50.13,0
16806,Female,West,Basic,,19.0,89,0.0,67.1,1
16807,Female,East,Basic,Crypto,37.0,93,2.0,26.37,0
16808,Female,North,Basic,,32.0,158,1.0,31.92,1
16809,Male,South,Basic,E-wallet,39.0,88,2.0,61.61,0
16810,Male,West,Basic,E-wallet,33.0,131,1.0,63.77,1
16811,Female,North,Basic,E-wallet,41.0,11,1.0,68.8,0
16812,Male,South,Basic,Paypal,,60,3.0,106.62,1
16813,Male,East,Basic,,4.0,146,1.0,128.08,1
16814,Female,North,Basic,Paypal,29.0,118,4.0,135.1,1
16815,Female,East,Pro,Credit card,,8,2.0,83.1,0
16816,Male,South,Pro,Credit card,36.0,24,1.0,107.6,1
16817,Male,West,Basic,Crypto,30.0,53,3.0,25.45,1
16818,Unknown,East,Pro,E-wallet,47.0,111,2.0,72.7,1
16819,Non-Binary,North,Plus,,36.0,174,2.0,197.29,1
16820,Female,West,Plus,Paypal,29.0,40,3.0,147.24,1
16821,Female,North,Basic,Crypto,43.0,178,2.0,,1
16822,Female,South,Pro,Crypto,30.0,49,4.0,71.38,1
16823,Unknown,South,Basic,,29.0,116,1.0,0.0,1
16824,Unknown,West,Basic,Paypal,37.0,134,1.0,21.49,1
16825,Male,North,Basic,Paypal,50.0,26,1.0,60.63,1
16826,Non-Binary,North,Basic,E-wallet,42.0,175,0.0,11.14,1
16827,Male,North,Pro,Paypal,39.0,110,0.0,99.79,1
16828,Male,North,Pro,Credit card,61.0,54,0.0,41.32,1
16829,Female,South,Pro,E-wallet,26.0,106,3.0,47.63,1
16830,Female,North,Basic,E-wallet,26.0,133,3.0,74.87,1
16831,Unknown,South,Basic,,35.0,162,2.0,5.61,1
16832,Male,North,Basic,Credit card,49.0,159,0.0,69.59,1
16833,Female,North,Basic,Paypal,24.0,5,1.0,,1
16834,Unknown,East,Plus,Credit card,51.0,17,2.0,152.8,1
16835,Unknown,East,Pro,Credit card,19.0,158,2.0,122.02,1
16836,Male,North,Plus,Credit card,32.0,51,0.0,,0
16837,Male,South,Pro,Crypto,35.0,143,0.0,68.75,0
16838,Female,North,Basic,Paypal,25.0,80,4.0,112.51,0
16839,Male,East,Basic,Paypal,27.0,179,1.0,22.79,1
16840,Unknown,North,Basic,E-wallet,41.0,132,2.0,24.65,1
16841,Unknown,East,Basic,,48.0,144,2.0,158.88,1
16842,Male,North,Plus,Crypto,12.0,158,0.0,157.38,1
16843,Male,West,Basic,Credit card,35.0,15,4.0,29.62,0
16844,Male,North,Basic,E-wallet,32.0,20,2.0,60.51,1
16845,Unknown,South,Pro,Paypal,35.0,168,0.0,92.47,1
16846,Male,East,Plus,E-wallet,30.0,38,2.0,183.89,1
16847,Female,West,Basic,Credit card,21.0,36,1.0,18.62,1
16848,Female,East,Pro,Crypto,49.0,168,0.0,81.27,1
16849,Female,East,Basic,Credit card,45.0,52,3.0,37.58,0
16850,Male,South,Pro,E-wallet,,73,1.0,63.17,1
16851,Male,North,Basic,Crypto,29.0,31,0.0,,0
16852,Unknown,South,Basic,Crypto,,24,2.0,28.59,1
16853,Unknown,North,Pro,Credit card,8.0,63,0.0,112.83,1
16854,Female,West,Basic,E-wallet,37.0,160,0.0,73.47,1
16855,Male,South,Pro,Credit card,41.0,102,3.0,105.73,1
16856,Male,South,Plus,E-wallet,35.0,101,1.0,113.2,1
16857,Female,East,Basic,E-wallet,33.0,37,2.0,71.66,1
16858,Male,South,Pro,Paypal,35.0,91,2.0,99.02,1
16859,Unknown,North,Pro,Crypto,25.0,78,1.0,94.81,1
16860,Female,South,Basic,,29.0,135,2.0,0.0,1
16861,Male,South,Pro,Credit card,32.0,0,3.0,109.46,1
16862,Unknown,West,Pro,Credit card,40.0,58,0.0,41.01,1
16863,Unknown,North,Pro,Paypal,47.0,34,2.0,29.9,1
16864,Male,East,Plus,Paypal,31.0,15,1.0,163.25,1
16865,Female,North,Pro,Paypal,23.0,141,3.0,99.93,1
16866,Male,West,Plus,Crypto,34.0,4,2.0,131.66,0
16867,Male,North,Pro,,,79,1.0,66.45,1
16868,Male,North,Basic,Crypto,24.0,20,2.0,75.38,1
16869,Female,South,Basic,Paypal,42.0,57,1.0,78.01,1
16870,Unknown,South,Basic,Crypto,47.0,56,2.0,49.17,1
16871,Female,North,Pro,E-wallet,30.0,138,2.0,123.23,1
16872,Male,North,Pro,Paypal,,70,2.0,122.25,1
16873,Female,East,Basic,Crypto,39.0,120,1.0,0.0,1
16874,Male,West,Basic,E-wallet,37.0,135,2.0,36.96,1
16875,Non-Binary,South,Basic,Paypal,40.0,141,1.0,24.79,1
16876,Female,South,Basic,E-wallet,54.0,176,2.0,42.07,1
16877,Male,South,Pro,,35.0,107,4.0,6.93,1
16878,Male,South,Pro,Credit card,22.0,160,3.0,91.74,1
16879,Female,North,Plus,Crypto,34.0,151,0.0,188.87,1
16880,Male,North,Basic,Credit card,36.0,37,1.0,4.17,1
16881,Female,East,Pro,Crypto,46.0,78,4.0,,1
16882,Male,South,Pro,Credit card,,49,1.0,138.07,1
16883,Male,South,Plus,Paypal,29.0,88,2.0,101.02,1
16884,Female,North,Pro,Credit card,,63,1.0,71.63,0
16885,Unknown,East,Basic,Paypal,39.0,124,1.0,29.39,1
16886,Unknown,North,Basic,Crypto,67.0,129,1.0,0.0,1
16887,Male,South,Pro,Paypal,31.0,166,2.0,101.87,1
16888,Male,South,Pro,Credit card,38.0,141,3.0,50.88,1
16889,Male,West,Plus,E-wallet,28.0,139,2.0,90.41,1
16890,Female,West,Basic,Crypto,21.0,80,0.0,33.02,1
16891,Female,West,Plus,E-wallet,38.0,77,2.0,,1
16892,Unknown,East,Basic,E-wallet,,178,3.0,0.0,1
16893,Unknown,North,Plus,E-wallet,,9,2.0,189.19,0
16894,Male,South,Plus,E-wallet,50.0,43,1.0,145.47,0
16895,Female,South,Pro,E-wallet,38.0,39,2.0,138.01,1
16896,Non-Binary,East,Pro,Credit card,34.0,108,2.0,84.37,1
16897,Non-Binary,South,Basic,Paypal,29.0,69,3.0,0.0,1
16898,Male,South,Basic,Paypal,38.0,30,4.0,96.68,1
16899,Male,North,Basic,E-wallet,38.0,36,2.0,37.35,0
16900,Female,West,Basic,Credit card,38.0,170,1.0,5.63,1
16901,Male,West,Pro,E-wallet,44.0,108,0.0,124.67,1
16902,Male,East,Basic,E-wallet,46.0,96,2.0,41.25,1
16903,Male,West,Plus,,54.0,70,2.0,166.65,1
16904,Female,West,Basic,Credit card,25.0,37,4.0,0.0,1
16905,Male,East,Pro,E-wallet,28.0,7,3.0,29.26,1
16906,Male,East,Pro,Paypal,37.0,33,1.0,97.88,0
16907,Male,West,Basic,Crypto,26.0,144,1.0,9.0,1
16908,Non-Binary,North,Basic,E-wallet,27.0,16,2.0,79.36,1
16909,Non-Binary,East,Basic,E-wallet,38.0,93,2.0,0.0,1
16910,Female,South,Pro,,43.0,81,1.0,64.55,1
16911,Female,East,Pro,Credit card,,52,2.0,86.59,1
16912,Unknown,South,Basic,E-wallet,32.0,142,0.0,32.98,0
16913,Male,East,Plus,Paypal,38.0,63,2.0,,0
16914,Male,East,Basic,,36.0,108,2.0,75.65,1
16915,Male,West,Pro,Credit card,34.0,56,2.0,80.75,1
16916,Male,West,Basic,Crypto,25.0,147,4.0,12.87,1
16917,Male,West,Pro,Paypal,24.0,60,1.0,60.66,1
16918,Unknown,North,Plus,E-wallet,40.0,24,0.0,204.4,1
16919,Female,West,Pro,Credit card,25.0,77,0.0,116.92,1
16920,Female,West,Basic,,16.0,26,0.0,0.0,0
16921,Unknown,East,Basic,Credit card,33.0,174,0.0,26.26,1
16922,Male,East,Plus,E-wallet,,98,0.0,161.21,0
16923,Male,North,Basic,Paypal,6.0,27,3.0,28.79,1
16924,Female,South,Basic,Paypal,31.0,133,1.0,66.46,1
16925,Female,East,Pro,E-wallet,40.0,40,1.0,72.38,1
16926,Male,East,Basic,Paypal,15.0,58,1.0,71.27,1
16927,Female,South,Basic,E-wallet,31.0,77,1.0,0.0,1
16928,Female,North,Plus,Credit card,22.0,48,1.0,148.03,1
16929,Female,East,Basic,Paypal,23.0,107,3.0,14.2,1
16930,Female,West,Basic,Credit card,29.0,99,3.0,22.22,1
16931,Male,North,Pro,E-wallet,22.0,4,2.0,125.44,0
16932,Male,South,Plus,Credit card,,10,6.0,199.57,1
16933,Female,South,Basic,Crypto,33.0,85,3.0,75.47,1
16934,Male,West,Pro,E-wallet,56.0,39,1.0,43.07,0
16935,Unknown,West,Pro,Paypal,41.0,113,4.0,52.44,1
16936,Female,West,Basic,Paypal,44.0,69,4.0,0.0,1
16937,Male,North,Basic,Crypto,41.0,166,2.0,54.6,1
16938,Female,South,Basic,E-wallet,27.0,69,1.0,61.58,1
16939,Female,West,Pro,E-wallet,37.0,109,2.0,70.01,0
16940,Male,West,Plus,E-wallet,44.0,19,1.0,170.6,0
16941,Non-Binary,South,Basic,E-wallet,42.0,131,2.0,13.88,1
16942,Non-Binary,East,Plus,Credit card,35.0,12,1.0,129.9,1
16943,Female,North,Pro,E-wallet,39.0,48,3.0,87.06,1
16944,Male,East,Basic,Credit card,58.0,75,3.0,0.0,1
16945,Female,West,Pro,Credit card,42.0,8,2.0,0.28,1
16946,Female,North,Basic,Paypal,30.0,58,5.0,47.21,1
16947,Male,East,Plus,E-wallet,33.0,115,2.0,125.06,1
16948,Male,South,Pro,Credit card,,2,2.0,77.56,1
16949,Non-Binary,West,Pro,,57.0,10,3.0,38.81,1
16950,Male,North,Pro,Crypto,50.0,4,3.0,120.13,1
16951,Female,North,Pro,Credit card,34.0,162,4.0,,0
16952,Female,North,Plus,Paypal,55.0,112,1.0,188.86,1
16953,Female,North,Pro,,40.0,151,2.0,30.21,1
16954,Male,West,Plus,Paypal,29.0,81,2.0,241.88,0
16955,Non-Binary,West,Pro,Credit card,43.0,124,3.0,95.76,1
16956,Male,South,Basic,Credit card,37.0,133,1.0,46.9,1
16957,Female,South,Plus,Paypal,42.0,85,3.0,101.33,1
16958,Female,South,Pro,E-wallet,20.0,41,1.0,89.48,1
16959,Female,East,Pro,Credit card,25.0,42,2.0,84.45,1
16960,Unknown,South,Plus,Crypto,48.0,141,0.0,102.1,0
16961,Female,West,Basic,Paypal,50.0,24,1.0,3.56,1
16962,Male,East,Basic,Credit card,48.0,17,1.0,92.31,0
16963,Unknown,West,Basic,E-wallet,56.0,151,2.0,1.56,1
16964,Female,East,Pro,Credit card,39.0,105,6.0,78.59,1
16965,Male,South,Plus,E-wallet,39.0,0,3.0,136.45,1
16966,Male,South,Plus,E-wallet,24.0,14,2.0,180.0,1
16967,Non-Binary,South,Basic,Credit card,28.0,33,0.0,64.7,0
16968,Male,East,Pro,Crypto,14.0,179,3.0,119.22,1
16969,Female,West,Plus,E-wallet,30.0,1,2.0,,1
16970,Female,North,Pro,Paypal,13.0,163,2.0,130.33,1
16971,Male,West,Basic,E-wallet,44.0,150,3.0,0.0,1
16972,Female,South,Pro,E-wallet,37.0,151,0.0,76.86,1
16973,Male,East,Plus,Crypto,13.0,109,4.0,148.28,1
16974,Female,East,Plus,,32.0,159,1.0,207.32,1
16975,Female,South,Pro,Credit card,53.0,50,2.0,4.46,1
16976,Female,East,Plus,Crypto,,45,3.0,100.3,1
16977,Female,South,Basic,E-wallet,24.0,140,2.0,0.0,1
16978,Non-Binary,West,Basic,Credit card,16.0,96,0.0,25.09,1
16979,Female,East,Plus,Credit card,,105,0.0,147.87,1
16980,Male,North,Basic,E-wallet,39.0,13,2.0,0.0,1
16981,Male,East,Basic,Paypal,29.0,16,2.0,60.06,1
16982,Female,South,Basic,Paypal,30.0,121,2.0,63.32,1
16983,Unknown,North,Pro,E-wallet,29.0,143,3.0,90.35,1
16984,Non-Binary,South,Pro,E-wallet,32.0,159,2.0,31.27,1
16985,Non-Binary,East,Basic,Credit card,21.0,106,1.0,135.38,0
16986,Male,North,Plus,E-wallet,,11,6.0,193.19,1
16987,Female,North,Plus,E-wallet,19.0,130,1.0,205.53,1
16988,Female,East,Basic,Credit card,26.0,74,5.0,0.0,1
16989,Male,North,Basic,E-wallet,44.0,42,1.0,0.0,1
16990,Male,West,Pro,E-wallet,37.0,132,1.0,36.71,1
16991,Unknown,North,Pro,E-wallet,40.0,174,2.0,67.58,1
16992,Male,North,Basic,Credit card,55.0,26,2.0,14.18,0
16993,Male,West,Basic,E-wallet,33.0,126,0.0,19.64,1
16994,Male,South,Basic,,34.0,179,2.0,,1
16995,Unknown,South,Basic,E-wallet,31.0,55,2.0,,1
16996,Female,West,Basic,Paypal,29.0,103,3.0,61.75,1
16997,Female,North,Pro,E-wallet,23.0,79,2.0,134.75,0
16998,Unknown,East,Pro,Credit card,34.0,67,2.0,95.81,0
16999,Male,West,Pro,Paypal,37.0,90,1.0,162.8,1
17000,Female,East,Basic,,38.0,14,1.0,34.42,1
17001,Male,South,Pro,E-wallet,34.0,146,1.0,103.32,0
17002,Male,West,Basic,E-wallet,43.0,25,2.0,0.0,1
17003,Non-Binary,East,Basic,E-wallet,34.0,172,2.0,0.0,1
17004,Female,North,Pro,Credit card,29.0,9,2.0,97.1,0
17005,Male,West,Pro,Crypto,24.0,97,4.0,82.29,1
17006,Male,East,Basic,Paypal,18.0,101,3.0,89.51,1
17007,Female,West,Pro,E-wallet,48.0,153,3.0,,1
17008,Male,West,Plus,Credit card,27.0,135,1.0,,1
17009,Male,South,Pro,Crypto,24.0,79,2.0,96.94,0
17010,Male,South,Pro,Credit card,29.0,31,2.0,63.96,1
17011,Male,North,Plus,E-wallet,31.0,20,0.0,158.42,0
17012,Non-Binary,South,Pro,Crypto,50.0,95,3.0,101.05,1
17013,Male,South,Pro,Paypal,30.0,44,3.0,100.47,1
17014,Male,South,Basic,Paypal,,11,1.0,9.54,0
17015,Female,East,Basic,Credit card,34.0,175,2.0,10.44,1
17016,Non-Binary,West,Pro,Paypal,54.0,102,0.0,124.79,0
17017,Male,South,Pro,Paypal,,73,2.0,,1
17018,Male,East,Basic,Crypto,37.0,69,1.0,50.39,0
17019,Male,West,Plus,Paypal,49.0,36,1.0,157.0,1
17020,Female,South,Basic,Crypto,45.0,111,2.0,20.97,1
17021,Female,South,Pro,Crypto,40.0,158,1.0,56.96,0
17022,Non-Binary,West,Basic,Crypto,57.0,130,0.0,54.76,1
17023,Unknown,East,Basic,Paypal,29.0,68,1.0,42.05,1
17024,Female,East,Plus,Credit card,24.0,97,1.0,121.03,1
17025,Female,North,Basic,Credit card,27.0,32,3.0,64.58,1
17026,Female,West,Basic,Paypal,51.0,35,1.0,0.0,1
17027,Male,North,Pro,Crypto,48.0,2,2.0,127.93,1
17028,Unknown,East,Pro,Paypal,28.0,130,2.0,55.79,1
17029,Male,South,Pro,E-wallet,10.0,105,4.0,94.73,1
17030,Male,North,Plus,Credit card,31.0,27,3.0,158.43,1
17031,Female,East,Basic,Crypto,,136,2.0,0.0,1
17032,Male,East,Pro,Paypal,29.0,25,3.0,70.67,1
17033,Female,South,Pro,Crypto,23.0,156,1.0,139.78,1
17034,Female,West,Plus,E-wallet,17.0,9,0.0,192.38,0
17035,Female,East,Plus,Crypto,52.0,154,2.0,209.76,1
17036,Non-Binary,North,Pro,E-wallet,27.0,108,2.0,53.54,1
17037,Male,South,Pro,Credit card,48.0,61,0.0,56.74,0
17038,Female,West,Basic,Crypto,31.0,95,1.0,18.88,1
17039,Female,West,Basic,Paypal,22.0,145,1.0,28.09,1
17040,Female,West,Pro,Crypto,39.0,85,2.0,51.07,1
17041,Female,East,Pro,Crypto,30.0,144,1.0,85.93,1
17042,Male,West,Pro,E-wallet,31.0,48,3.0,99.09,1
17043,Female,East,Pro,E-wallet,35.0,153,0.0,129.84,1
17044,Male,South,Basic,Paypal,25.0,4,0.0,33.98,1
17045,Unknown,South,Pro,Credit card,17.0,72,4.0,100.76,0
17046,Male,West,Basic,Credit card,33.0,43,0.0,0.0,0
17047,Female,South,Basic,E-wallet,43.0,151,2.0,0.0,1
17048,Male,North,Basic,Paypal,24.0,120,0.0,76.1,1
17049,Male,North,Plus,Crypto,35.0,6,2.0,164.1,0
17050,Female,East,Basic,Paypal,49.0,19,5.0,68.03,1
17051,Non-Binary,West,Plus,Paypal,33.0,107,5.0,144.39,1
17052,Female,East,Basic,Paypal,34.0,146,1.0,0.0,0
17053,Unknown,South,Basic,Credit card,34.0,63,1.0,0.0,1
17054,Female,West,Plus,,27.0,42,3.0,125.2,1
17055,Female,East,Pro,Paypal,24.0,43,1.0,46.91,1
17056,Male,West,Basic,Credit card,24.0,152,2.0,50.43,1
17057,Non-Binary,West,Basic,Credit card,37.0,16,2.0,25.73,1
17058,Male,East,Plus,E-wallet,41.0,38,0.0,198.12,0
17059,Non-Binary,West,Basic,Crypto,42.0,152,2.0,19.0,1
17060,Unknown,South,Pro,Paypal,30.0,98,1.0,139.87,1
17061,Unknown,North,Basic,Crypto,44.0,38,5.0,55.29,1
17062,Female,North,Basic,E-wallet,37.0,38,1.0,27.89,1
17063,Female,West,Basic,E-wallet,,15,5.0,3.24,0
17064,Female,North,Pro,Paypal,0.0,52,2.0,146.33,1
17065,Male,West,Pro,Credit card,25.0,105,1.0,68.24,1
17066,Female,East,Basic,E-wallet,18.0,156,0.0,56.63,1
17067,Male,South,Pro,Credit card,40.0,9,1.0,117.99,1
17068,Female,North,Plus,E-wallet,34.0,1,1.0,212.17,0
17069,Male,East,Plus,Crypto,23.0,140,3.0,123.91,1
17070,Male,South,Basic,Paypal,37.0,1,4.0,127.64,1
17071,Male,North,Basic,E-wallet,,169,2.0,103.19,1
17072,Female,North,Plus,Crypto,23.0,13,0.0,181.88,1
17073,Female,South,Basic,E-wallet,26.0,50,4.0,0.0,1
17074,Male,East,Basic,Paypal,39.0,107,5.0,63.14,1
17075,Female,East,Plus,Crypto,47.0,48,2.0,194.06,0
17076,Male,North,Basic,Credit card,28.0,165,3.0,0.0,1
17077,Female,South,Basic,E-wallet,47.0,161,3.0,23.58,1
17078,Female,East,Basic,E-wallet,34.0,28,4.0,77.35,1
17079,Female,South,Plus,Crypto,36.0,110,2.0,72.97,1
17080,Female,South,Basic,Paypal,33.0,123,1.0,-10.0,1
17081,Male,North,Plus,E-wallet,32.0,63,2.0,171.7,0
17082,Female,South,Pro,Crypto,38.0,22,1.0,40.55,1
17083,Female,South,Pro,Paypal,41.0,22,2.0,107.55,1
17084,Female,West,Basic,E-wallet,25.0,15,1.0,31.77,0
17085,Female,South,Basic,Crypto,32.0,43,0.0,29.56,1
17086,Male,East,Pro,Paypal,50.0,59,2.0,100.09,1
17087,Female,North,Basic,E-wallet,35.0,108,3.0,25.83,1
17088,Female,North,Plus,E-wallet,36.0,64,0.0,152.88,0
17089,Male,South,Basic,Paypal,45.0,146,4.0,14.01,1
17090,Male,South,Pro,Paypal,28.0,172,0.0,92.57,1
17091,Male,East,Basic,Crypto,33.0,96,0.0,0.0,1
17092,Unknown,West,Pro,E-wallet,42.0,97,4.0,168.41,1
17093,Female,North,Basic,E-wallet,46.0,128,4.0,,1
17094,Male,West,Basic,Crypto,10.0,11,0.0,51.39,0
17095,Male,East,Plus,E-wallet,26.0,152,1.0,119.03,1
17096,Female,North,Pro,E-wallet,24.0,86,1.0,218.48,0
17097,Non-Binary,East,Pro,E-wallet,32.0,88,1.0,55.8,1
17098,Male,South,Pro,Credit card,24.0,87,1.0,158.83,1
17099,Male,East,Pro,Paypal,40.0,137,1.0,61.84,1
17100,Non-Binary,South,Basic,Credit card,35.0,160,3.0,63.01,1
17101,Male,West,Basic,Credit card,,129,1.0,30.68,1
17102,Male,North,Plus,Paypal,43.0,131,1.0,173.68,1
17103,Unknown,North,Basic,Credit card,40.0,150,2.0,46.53,1
17104,Female,West,Pro,Crypto,30.0,109,2.0,114.3,0
17105,Male,South,Basic,Credit card,35.0,40,1.0,54.06,0
17106,Male,North,Basic,Crypto,29.0,37,3.0,24.59,1
17107,Male,East,Basic,Paypal,20.0,55,3.0,34.32,1
17108,Male,South,Pro,E-wallet,43.0,171,4.0,90.06,1
17109,Non-Binary,North,Pro,Paypal,,23,3.0,85.82,1
17110,Female,East,Basic,Paypal,18.0,92,2.0,24.75,1
17111,Female,East,Basic,Credit card,39.0,168,2.0,49.51,1
17112,Unknown,North,Plus,Paypal,31.0,27,1.0,146.88,0
17113,Female,West,Basic,Paypal,,61,4.0,69.49,1
17114,Male,West,Plus,Crypto,20.0,142,2.0,213.52,1
17115,Female,North,Plus,E-wallet,26.0,9,1.0,148.69,1
17116,Unknown,East,Plus,Credit card,36.0,127,4.0,182.39,0
17117,Non-Binary,West,Plus,E-wallet,41.0,28,2.0,147.03,0
17118,Male,West,Basic,E-wallet,41.0,158,5.0,3.88,1
17119,Female,West,Plus,E-wallet,40.0,62,3.0,136.95,0
17120,Female,South,Plus,Credit card,33.0,86,2.0,130.51,1
17121,Unknown,West,Plus,Paypal,51.0,145,4.0,99.48,1
17122,Male,North,Basic,E-wallet,40.0,6,3.0,119.86,1
17123,Female,North,Plus,Credit card,36.0,154,2.0,157.9,1
17124,Non-Binary,South,Pro,Paypal,39.0,136,1.0,97.37,1
17125,Female,South,Pro,E-wallet,30.0,19,1.0,,1
17126,Female,North,Basic,Crypto,33.0,116,1.0,17.33,1
17127,Male,South,Basic,Credit card,13.0,91,2.0,0.0,0
17128,Male,West,Plus,E-wallet,30.0,49,1.0,192.16,0
17129,Male,East,Pro,Credit card,51.0,66,0.0,65.31,1
17130,Unknown,East,Basic,Crypto,35.0,108,0.0,106.6,1
17131,Male,East,Plus,Credit card,35.0,144,0.0,141.42,1
17132,Female,North,Basic,Paypal,43.0,98,3.0,46.85,0
17133,Female,South,Basic,E-wallet,37.0,148,2.0,0.0,1
17134,Male,East,Basic,Credit card,26.0,159,1.0,31.14,1
17135,Female,West,Basic,Credit card,34.0,47,2.0,0.0,0
17136,Female,West,Basic,E-wallet,22.0,165,3.0,0.0,1
17137,Non-Binary,West,Basic,Crypto,35.0,27,0.0,83.09,1
17138,Female,South,Basic,Crypto,25.0,69,2.0,89.45,1
17139,Female,East,Pro,E-wallet,,57,0.0,90.47,1
17140,Male,West,Plus,E-wallet,28.0,9,0.0,162.8,0
17141,Unknown,South,Pro,Paypal,25.0,1,2.0,121.67,1
17142,Male,West,Basic,,32.0,152,0.0,41.38,0
17143,Female,East,Basic,Credit card,37.0,165,1.0,0.5,1
17144,Male,East,Plus,Crypto,21.0,0,1.0,191.53,0
17145,Unknown,East,Plus,,28.0,79,0.0,184.99,1
17146,Female,East,Basic,Credit card,35.0,89,1.0,87.06,1
17147,Female,East,Basic,,47.0,72,2.0,76.36,0
17148,Male,West,Pro,E-wallet,8.0,12,3.0,12.87,1
17149,Female,East,Pro,Credit card,40.0,70,3.0,,1
17150,Female,West,Basic,E-wallet,30.0,0,1.0,140.68,0
17151,Female,East,Pro,Crypto,29.0,158,0.0,70.57,0
17152,Male,West,Pro,Crypto,27.0,55,0.0,84.37,1
17153,Unknown,East,Plus,E-wallet,30.0,146,3.0,157.56,1
17154,Non-Binary,West,Basic,Crypto,40.0,3,1.0,17.36,1
17155,Male,East,Plus,E-wallet,,27,3.0,241.4,0
17156,Non-Binary,South,Basic,E-wallet,50.0,43,2.0,,0
17157,Female,West,Pro,,40.0,29,2.0,46.43,1
17158,Female,South,Pro,Crypto,35.0,35,2.0,,1
17159,Male,West,Basic,Crypto,,105,3.0,70.92,1
17160,Female,West,Pro,Crypto,45.0,121,5.0,54.45,1
17161,Female,West,Basic,E-wallet,47.0,3,4.0,58.09,1
17162,Female,North,Basic,Paypal,22.0,10,4.0,7.34,1
17163,Female,East,Basic,Crypto,26.0,52,0.0,24.42,0
17164,Female,South,Pro,Paypal,40.0,123,1.0,140.48,1
17165,Female,South,Basic,Crypto,43.0,87,3.0,63.46,1
17166,Male,West,Plus,Credit card,30.0,53,1.0,185.56,1
17167,Non-Binary,South,Basic,Credit card,,83,2.0,0.0,1
17168,Female,South,Basic,Credit card,34.0,44,1.0,74.95,0
17169,Male,South,Basic,Paypal,48.0,144,2.0,0.0,1
17170,Male,South,Pro,,34.0,63,4.0,79.54,1
17171,Female,North,Basic,E-wallet,21.0,12,0.0,40.16,0
17172,Non-Binary,West,Basic,Paypal,35.0,178,3.0,86.35,1
17173,Male,South,Basic,Crypto,41.0,51,0.0,45.8,0
17174,Female,North,Basic,Credit card,32.0,142,0.0,44.38,1
17175,Male,North,Pro,Paypal,46.0,131,1.0,58.42,1
17176,Female,West,Pro,Crypto,42.0,81,3.0,133.53,1
17177,Unknown,East,Basic,E-wallet,33.0,106,6.0,36.88,1
17178,Female,East,Basic,Paypal,34.0,8,2.0,0.0,0
17179,Male,East,Plus,E-wallet,15.0,111,0.0,260.93,0
17180,Female,South,Basic,Paypal,46.0,119,1.0,0.0,1
17181,Male,West,Plus,Credit card,,66,1.0,105.11,1
17182,Female,East,Basic,Credit card,30.0,81,2.0,14.44,1
17183,Female,South,Basic,Credit card,28.0,100,2.0,81.17,1
17184,Female,West,Pro,E-wallet,38.0,119,2.0,180.6,0
17185,Male,South,Plus,Credit card,22.0,156,1.0,,1
17186,Unknown,East,Basic,E-wallet,24.0,174,1.0,59.45,1
17187,Female,East,Basic,E-wallet,33.0,115,1.0,14.06,1
17188,Male,North,Basic,E-wallet,27.0,113,3.0,88.96,0
17189,Female,North,Plus,Credit card,37.0,132,3.0,138.13,1
17190,Female,West,Pro,Crypto,28.0,110,1.0,122.05,1
17191,Female,South,Basic,,49.0,58,1.0,125.05,0
17192,Female,South,Basic,Crypto,40.0,34,2.0,75.16,0
17193,Female,East,Basic,E-wallet,40.0,4,4.0,44.93,1
17194,Male,East,Basic,Credit card,27.0,49,2.0,8.28,1
17195,Non-Binary,West,Basic,Credit card,58.0,59,2.0,19.02,1
17196,Female,North,Pro,Credit card,29.0,14,1.0,17.22,1
17197,Male,East,Basic,,26.0,107,1.0,46.97,1
17198,Female,South,Basic,Credit card,41.0,114,1.0,43.57,1
17199,Unknown,East,Pro,Crypto,35.0,102,6.0,38.38,1
17200,Unknown,North,Basic,E-wallet,25.0,151,2.0,44.45,1
17201,Male,South,Basic,Crypto,55.0,20,2.0,24.44,1
17202,Male,North,Basic,Paypal,,1,1.0,0.0,1
17203,Female,West,Basic,Crypto,34.0,172,3.0,7.96,1
17204,Male,West,Plus,E-wallet,58.0,81,4.0,115.96,1
17205,Unknown,North,Pro,E-wallet,42.0,9,1.0,76.85,1
17206,Male,South,Basic,Credit card,33.0,172,4.0,36.08,1
17207,Male,North,Basic,Paypal,,164,2.0,0.0,1
17208,Female,East,Basic,Paypal,40.0,150,2.0,0.0,1
17209,Male,East,Pro,Crypto,40.0,172,1.0,114.82,1
17210,Female,North,Pro,Credit card,30.0,168,0.0,46.0,1
17211,Female,East,Basic,Credit card,34.0,64,2.0,56.52,1
17212,Male,North,Basic,Credit card,29.0,60,2.0,28.15,1
17213,Male,East,Basic,,48.0,117,1.0,53.08,1
17214,Female,North,Pro,Paypal,17.0,133,0.0,76.31,1
17215,Male,East,Plus,Crypto,47.0,17,2.0,213.73,0
17216,Female,South,Plus,Crypto,25.0,90,1.0,254.68,0
17217,Female,South,Basic,Crypto,33.0,111,3.0,49.69,1
17218,Female,East,Pro,Credit card,31.0,167,5.0,8.27,1
17219,Unknown,North,Pro,Paypal,28.0,165,3.0,123.84,1
17220,Unknown,East,Plus,Paypal,,172,0.0,135.66,1
17221,Unknown,West,Basic,E-wallet,33.0,16,0.0,0.0,1
17222,Male,West,Pro,E-wallet,27.0,140,4.0,75.0,1
17223,Male,North,Basic,E-wallet,35.0,9,1.0,81.27,1
17224,Male,East,Pro,Crypto,27.0,30,1.0,,0
17225,Non-Binary,East,Basic,Crypto,,49,0.0,15.62,1
17226,Unknown,South,Pro,Paypal,19.0,122,1.0,158.43,1
17227,Non-Binary,North,Plus,E-wallet,29.0,83,0.0,127.74,1
17228,Male,West,Basic,Crypto,38.0,150,4.0,108.86,1
17229,Unknown,West,Pro,E-wallet,34.0,44,1.0,64.35,1
17230,Female,North,Basic,,52.0,165,3.0,14.8,1
17231,Male,West,Basic,Paypal,60.0,138,2.0,0.0,1
17232,Female,North,Basic,Paypal,29.0,135,1.0,15.43,1
17233,Male,West,Basic,Crypto,,77,0.0,48.02,1
17234,Female,West,Plus,Paypal,,127,2.0,152.19,1
17235,Male,North,Basic,E-wallet,37.0,12,4.0,,0
17236,Female,North,Pro,Paypal,45.0,161,0.0,94.47,1
17237,Female,West,Plus,E-wallet,37.0,100,1.0,160.98,1
17238,Non-Binary,West,Plus,E-wallet,32.0,9,2.0,163.08,1
17239,Female,South,Pro,Crypto,,93,1.0,115.21,1
17240,Female,East,Basic,Crypto,38.0,75,2.0,30.49,1
17241,Non-Binary,North,Plus,Crypto,31.0,118,0.0,166.92,0
17242,Unknown,North,Basic,E-wallet,46.0,35,1.0,89.98,0
17243,Male,East,Plus,Paypal,20.0,3,1.0,134.27,1
17244,Female,South,Pro,Crypto,46.0,121,0.0,120.84,1
17245,Male,West,Pro,,15.0,148,-1.0,90.55,1
17246,Male,West,Basic,Paypal,35.0,124,3.0,7.12,1
17247,Female,South,Pro,Paypal,30.0,93,4.0,141.46,1
17248,Non-Binary,South,Plus,Crypto,18.0,37,1.0,133.25,1
17249,Male,East,Plus,E-wallet,13.0,75,0.0,184.8,0
17250,Non-Binary,East,Basic,E-wallet,23.0,38,3.0,0.0,1
17251,Non-Binary,West,Plus,Crypto,34.0,88,4.0,111.72,1
17252,Unknown,South,Basic,Paypal,27.0,53,0.0,68.01,1
17253,Male,South,Pro,E-wallet,23.0,61,1.0,,1
17254,Unknown,West,Pro,Paypal,47.0,18,2.0,30.63,1
17255,Male,West,Basic,Credit card,21.0,1,2.0,87.34,1
17256,Female,West,Basic,Paypal,,149,0.0,120.6,0
17257,Male,West,Pro,Paypal,25.0,93,4.0,135.59,1
17258,Male,West,Basic,Credit card,,56,0.0,0.0,0
17259,Female,East,Basic,E-wallet,27.0,99,0.0,50.95,1
17260,Female,West,Pro,E-wallet,40.0,2,2.0,26.77,0
17261,Male,South,Plus,E-wallet,20.0,22,0.0,150.43,1
17262,Male,North,Pro,Crypto,36.0,3,1.0,58.87,1
17263,Female,East,Basic,Credit card,24.0,155,1.0,85.84,0
17264,Male,South,Basic,Paypal,26.0,77,0.0,26.26,1
17265,Non-Binary,North,Pro,Credit card,38.0,69,2.0,0.0,1
17266,Male,East,Pro,Credit card,55.0,168,1.0,105.53,1
17267,Male,West,Pro,Credit card,,164,3.0,70.37,0
17268,Male,East,Plus,Credit card,41.0,6,1.0,142.67,1
17269,Female,West,Basic,Credit card,30.0,0,2.0,86.11,0
17270,Male,West,Basic,Credit card,29.0,87,2.0,33.34,1
17271,Male,West,Plus,Crypto,,161,2.0,104.69,1
17272,Unknown,North,Pro,Credit card,25.0,179,3.0,64.49,1
17273,Female,East,Pro,Credit card,22.0,9,0.0,62.97,1
17274,Male,West,Plus,E-wallet,38.0,118,2.0,154.0,0
17275,Female,South,Plus,Credit card,,133,3.0,128.26,1
17276,Non-Binary,East,Pro,Credit card,41.0,109,1.0,87.3,0
17277,Male,South,Basic,E-wallet,19.0,124,0.0,47.51,0
17278,Male,North,Plus,E-wallet,27.0,175,4.0,183.28,1
17279,Female,North,Pro,E-wallet,43.0,44,2.0,,1
17280,Female,East,Basic,Paypal,49.0,139,1.0,34.88,1
17281,Female,North,Pro,,36.0,102,3.0,102.14,1
17282,Male,North,Basic,Credit card,28.0,110,2.0,86.12,1
17283,Male,East,Plus,Credit card,,69,0.0,91.08,0
17284,Female,South,Basic,E-wallet,33.0,116,1.0,9.12,0
17285,Male,West,Plus,Crypto,27.0,148,2.0,169.6,1
17286,Female,East,Plus,Credit card,,109,1.0,152.37,1
17287,Female,East,Plus,E-wallet,22.0,118,4.0,128.62,0
17288,Male,West,Pro,E-wallet,62.0,74,2.0,2.08,1
17289,Unknown,South,Plus,E-wallet,48.0,35,2.0,197.31,1
17290,Non-Binary,West,Basic,Paypal,27.0,86,0.0,,1
17291,Female,West,Basic,E-wallet,51.0,100,3.0,0.0,1
17292,Male,South,Plus,,39.0,22,3.0,234.09,1
17293,Male,South,Basic,Paypal,38.0,154,4.0,36.45,1
17294,Female,West,Basic,E-wallet,26.0,147,1.0,4.84,1
17295,Male,West,Basic,Crypto,28.0,14,5.0,0.0,1
17296,Unknown,East,Basic,Crypto,33.0,41,1.0,0.49,0
17297,Male,South,Pro,Credit card,14.0,131,3.0,74.15,1
17298,Female,North,Pro,E-wallet,,28,2.0,85.89,1
17299,Male,South,Basic,E-wallet,34.0,48,1.0,,1
17300,Female,West,Plus,Credit card,47.0,70,1.0,172.5,1
17301,Male,West,Basic,Crypto,27.0,74,3.0,55.81,1
17302,Female,West,Pro,E-wallet,42.0,53,4.0,67.46,1
17303,Male,West,Basic,,13.0,160,3.0,47.78,1
17304,Non-Binary,North,Pro,Credit card,45.0,95,3.0,52.9,1
17305,Male,South,Basic,Crypto,24.0,103,5.0,37.46,1
17306,Unknown,North,Basic,,35.0,36,0.0,15.1,0
17307,Non-Binary,North,Plus,E-wallet,38.0,134,1.0,178.67,0
17308,Male,West,Basic,E-wallet,36.0,23,2.0,2.33,1
17309,Female,North,Plus,Paypal,32.0,54,1.0,116.75,1
17310,Male,West,Pro,Crypto,21.0,138,3.0,77.87,0
17311,Unknown,West,Basic,Paypal,25.0,107,0.0,14.27,1
17312,Female,West,Pro,Paypal,43.0,171,1.0,87.36,1
17313,Male,North,Basic,Credit card,28.0,89,4.0,0.0,0
17314,Male,West,Pro,Credit card,32.0,5,0.0,45.28,1
17315,Male,North,Plus,E-wallet,19.0,30,1.0,119.03,0
17316,Unknown,South,Basic,Crypto,,170,3.0,0.0,1
17317,Male,West,Pro,Crypto,20.0,106,1.0,141.76,0
17318,Female,East,Basic,Paypal,43.0,11,1.0,17.88,0
17319,Female,East,Pro,Paypal,,179,1.0,102.9,1
17320,Unknown,East,Basic,,44.0,69,1.0,107.61,0
17321,Male,East,Basic,Credit card,34.0,29,2.0,0.0,0
17322,Female,East,Plus,Crypto,28.0,118,1.0,146.02,1
17323,Female,North,Basic,Crypto,50.0,125,2.0,90.02,1
17324,Female,South,Pro,Crypto,33.0,54,1.0,74.9,1
17325,Male,North,Pro,Crypto,30.0,38,3.0,133.9,0
17326,Male,West,Pro,Credit card,,81,1.0,0.0,1
17327,Male,South,Pro,E-wallet,19.0,5,0.0,77.4,1
17328,Female,South,Pro,E-wallet,8.0,7,1.0,0.43,0
17329,Male,South,Basic,Credit card,45.0,54,2.0,36.33,1
17330,Female,South,Plus,E-wallet,25.0,104,2.0,163.89,1
17331,Male,East,Plus,E-wallet,42.0,15,0.0,112.6,1
17332,Non-Binary,West,Basic,Paypal,,119,2.0,29.44,1
17333,Unknown,South,Basic,Credit card,22.0,129,2.0,59.16,1
17334,Female,South,Pro,E-wallet,40.0,63,3.0,115.9,0
17335,Male,East,Plus,Paypal,29.0,10,6.0,193.26,1
17336,Male,North,Plus,Credit card,23.0,87,2.0,230.25,0
17337,Male,North,Plus,Credit card,23.0,3,1.0,205.38,0
17338,Male,North,Basic,Crypto,16.0,130,2.0,0.0,1
17339,Female,West,Plus,,,14,0.0,159.12,0
17340,Female,North,Plus,Paypal,24.0,103,1.0,173.92,1
17341,Unknown,South,Basic,Paypal,33.0,67,2.0,11.15,0
17342,Male,East,Basic,Credit card,32.0,170,3.0,6.89,1
17343,Female,East,Basic,Crypto,24.0,80,1.0,59.93,1
17344,Female,North,Pro,Credit card,18.0,8,0.0,31.59,0
17345,Female,East,Basic,E-wallet,59.0,24,4.0,2.49,0
17346,Male,South,Basic,E-wallet,33.0,64,1.0,78.74,1
17347,Female,North,Basic,E-wallet,52.0,103,1.0,13.48,1
17348,Female,South,Basic,Crypto,45.0,65,3.0,39.29,1
17349,Female,West,Basic,,30.0,172,3.0,55.26,1
17350,Unknown,South,Pro,Paypal,35.0,32,1.0,,1
17351,Male,South,Basic,E-wallet,35.0,21,0.0,8.83,1
17352,Male,South,Plus,E-wallet,52.0,41,3.0,167.01,0
17353,Female,South,Plus,Credit card,42.0,154,2.0,117.71,1
17354,Female,West,Plus,Paypal,25.0,10,7.0,162.16,1
17355,Male,North,Pro,Crypto,37.0,41,4.0,35.36,1
17356,Female,South,Basic,E-wallet,42.0,77,0.0,,1
17357,Unknown,North,Basic,E-wallet,22.0,103,2.0,39.67,1
17358,Unknown,East,Basic,E-wallet,38.0,21,1.0,0.0,0
17359,Male,South,Plus,Paypal,47.0,136,3.0,197.86,0
17360,Non-Binary,South,Basic,E-wallet,25.0,56,4.0,0.0,1
17361,Female,East,Pro,Paypal,,82,2.0,53.04,1
17362,Female,North,Pro,E-wallet,45.0,30,4.0,36.87,0
17363,Female,West,Plus,E-wallet,30.0,17,0.0,181.47,0
17364,Non-Binary,South,Pro,Paypal,24.0,139,1.0,131.97,1
17365,Female,East,Pro,Paypal,42.0,167,2.0,73.98,1
17366,Male,East,Basic,Crypto,39.0,121,2.0,0.0,1
17367,Female,South,Pro,Credit card,34.0,100,2.0,38.16,0
17368,Female,North,Basic,E-wallet,45.0,172,0.0,16.56,1
17369,Male,North,Plus,E-wallet,45.0,176,1.0,136.05,1
17370,Unknown,South,Pro,Credit card,33.0,128,0.0,23.2,1
17371,Female,East,Basic,Credit card,53.0,97,3.0,40.02,0
17372,Female,South,Plus,Credit card,49.0,134,0.0,144.45,1
17373,Male,West,Basic,E-wallet,14.0,129,2.0,58.53,1
17374,Female,West,Plus,,23.0,120,1.0,167.35,0
17375,Male,North,Plus,E-wallet,11.0,85,5.0,163.04,1
17376,Male,West,Plus,Paypal,30.0,3,0.0,150.54,0
17377,Female,East,Basic,Crypto,21.0,172,5.0,32.19,1
17378,Female,West,Basic,Crypto,25.0,173,3.0,89.86,1
17379,Female,South,Plus,Credit card,44.0,8,1.0,81.68,0
17380,Male,East,Plus,Credit card,16.0,15,4.0,170.18,1
17381,Female,North,Basic,E-wallet,35.0,50,2.0,21.27,1
17382,Male,North,Basic,Crypto,35.0,51,2.0,0.0,1
17383,Unknown,West,Basic,Crypto,33.0,136,2.0,53.29,1
17384,Female,North,Plus,Paypal,35.0,82,5.0,140.28,1
17385,Female,South,Basic,E-wallet,11.0,133,0.0,0.0,1
17386,Male,East,Basic,,25.0,43,5.0,0.0,0
17387,Male,South,Pro,Crypto,49.0,116,2.0,104.74,0
17388,Unknown,South,Basic,Crypto,22.0,133,5.0,38.07,1
17389,Male,South,Plus,Paypal,50.0,4,4.0,99.42,1
17390,Female,South,Basic,Paypal,19.0,173,2.0,0.0,1
17391,Female,East,Basic,E-wallet,18.0,26,2.0,13.85,0
17392,Male,East,Pro,Paypal,24.0,113,3.0,0.0,1
17393,Non-Binary,South,Basic,Crypto,45.0,44,1.0,89.52,1
17394,Female,South,Basic,E-wallet,28.0,168,4.0,22.46,1
17395,Male,North,Basic,Crypto,37.0,89,1.0,60.9,1
17396,Male,North,Basic,E-wallet,34.0,27,1.0,62.64,1
17397,Male,East,Plus,E-wallet,33.0,31,0.0,120.2,0
17398,Non-Binary,North,Basic,Crypto,,52,1.0,37.77,1
17399,Female,East,Plus,E-wallet,41.0,70,2.0,166.21,1
17400,Male,East,Pro,E-wallet,22.0,29,2.0,79.05,0
17401,Male,West,Basic,Paypal,31.0,52,2.0,0.0,1
17402,Female,East,Basic,Crypto,,158,1.0,60.7,1
17403,Female,North,Pro,Crypto,37.0,139,2.0,-10.0,1
17404,Female,West,Basic,Paypal,18.0,8,2.0,0.0,1
17405,Male,North,Basic,E-wallet,19.0,66,1.0,67.4,1
17406,Male,East,Basic,Credit card,42.0,164,0.0,7.37,1
17407,Female,East,Pro,Credit card,41.0,113,1.0,74.17,0
17408,Unknown,South,Pro,Crypto,24.0,155,2.0,102.33,1
17409,Male,East,Basic,Paypal,41.0,153,2.0,39.29,1
17410,Female,West,Pro,E-wallet,49.0,82,3.0,30.96,0
17411,Female,East,Pro,Paypal,48.0,148,2.0,26.11,1
17412,Female,South,Basic,E-wallet,50.0,100,4.0,44.56,1
17413,Male,East,Plus,Crypto,39.0,9,1.0,165.18,0
17414,Non-Binary,East,Pro,Crypto,32.0,79,4.0,76.64,0
17415,Female,East,Plus,Credit card,29.0,23,3.0,103.64,0
17416,Female,South,Basic,Paypal,33.0,24,3.0,30.28,1
17417,Male,North,Plus,Crypto,25.0,179,3.0,169.69,1
17418,Male,East,Pro,Paypal,30.0,89,1.0,0.0,1
17419,Male,West,Pro,Crypto,46.0,128,3.0,66.85,1
17420,Female,South,Pro,E-wallet,,52,0.0,88.34,1
17421,Male,West,Basic,E-wallet,18.0,106,2.0,,1
17422,Female,East,Plus,Credit card,42.0,23,2.0,237.18,1
17423,Male,South,Pro,Crypto,30.0,26,2.0,124.52,1
17424,Female,East,Basic,,14.0,106,4.0,45.79,1
17425,Female,West,Basic,Credit card,33.0,154,4.0,67.09,1
17426,Male,South,Basic,Crypto,31.0,87,1.0,36.15,1
17427,Male,North,Pro,Crypto,,123,2.0,106.59,0
17428,Male,North,Pro,E-wallet,40.0,38,1.0,133.79,0
17429,Female,North,Basic,Credit card,20.0,76,1.0,,1
17430,Female,East,Basic,E-wallet,,83,3.0,106.57,1
17431,Male,South,Pro,Paypal,31.0,101,0.0,76.11,1
17432,Female,West,Pro,Paypal,,163,0.0,123.99,1
17433,Male,West,Basic,Credit card,16.0,75,0.0,49.54,1
17434,Male,East,Basic,Credit card,28.0,4,2.0,46.02,1
17435,Male,East,Basic,Crypto,34.0,80,1.0,78.41,0
17436,Non-Binary,West,Plus,Crypto,39.0,137,1.0,167.3,1
17437,Male,South,Pro,Credit card,52.0,15,1.0,128.06,0
17438,Male,East,Plus,Credit card,42.0,141,2.0,171.86,1
17439,Male,South,Basic,Paypal,38.0,28,2.0,0.0,1
17440,Male,West,Plus,E-wallet,46.0,155,0.0,115.34,1
17441,Female,South,Pro,Paypal,,117,3.0,104.06,1
17442,Male,North,Basic,Paypal,49.0,116,2.0,0.0,1
17443,Male,West,Basic,E-wallet,45.0,144,2.0,51.26,1
17444,Female,North,Pro,,29.0,35,1.0,48.59,0
17445,Male,West,Plus,Credit card,53.0,103,1.0,207.81,1
17446,Female,North,Basic,Paypal,38.0,173,2.0,90.76,1
17447,Female,South,Basic,Paypal,55.0,44,-1.0,57.22,0
17448,Male,West,Pro,E-wallet,37.0,102,0.0,,0
17449,Female,West,Plus,,28.0,8,0.0,155.73,0
17450,Male,North,Pro,Crypto,26.0,163,2.0,100.17,1
17451,Female,South,Basic,Credit card,30.0,4,0.0,106.69,0
17452,Female,West,Basic,Crypto,28.0,78,2.0,40.36,1
17453,Male,East,Basic,,46.0,72,1.0,65.72,1
17454,Female,North,Plus,Credit card,33.0,88,1.0,128.47,1
17455,Non-Binary,West,Pro,Credit card,17.0,177,1.0,85.2,1
17456,Unknown,South,Pro,,36.0,27,1.0,147.89,1
17457,Female,South,Basic,Paypal,35.0,26,3.0,102.44,1
17458,Female,South,Plus,Crypto,29.0,109,1.0,116.65,1
17459,Male,South,Pro,E-wallet,,174,2.0,85.64,1
17460,Male,North,Plus,Crypto,33.0,160,1.0,204.95,0
17461,Female,West,Pro,E-wallet,40.0,114,1.0,133.6,1
17462,Male,North,Plus,Crypto,39.0,121,1.0,153.6,1
17463,Unknown,North,Plus,Crypto,37.0,96,3.0,160.36,1
17464,Male,South,Basic,Paypal,21.0,165,0.0,8.71,1
17465,Male,East,Plus,Crypto,55.0,135,0.0,99.95,1
17466,Male,South,Basic,E-wallet,18.0,131,2.0,21.27,1
17467,Non-Binary,East,Pro,Crypto,32.0,111,0.0,103.94,1
17468,Female,North,Plus,Paypal,23.0,163,0.0,99.94,1
17469,Female,South,Basic,Crypto,37.0,106,2.0,140.54,1
17470,Male,South,Pro,E-wallet,35.0,158,1.0,85.2,1
17471,Non-Binary,North,Pro,Crypto,32.0,176,1.0,154.03,1
17472,Male,South,Pro,Paypal,,168,0.0,110.4,1
17473,Non-Binary,West,Plus,Paypal,,135,3.0,210.38,1
17474,Female,East,Pro,Paypal,,157,3.0,38.45,1
17475,Male,East,Plus,Paypal,42.0,141,0.0,190.97,0
17476,Female,East,Basic,Credit card,49.0,44,1.0,4.89,0
17477,Female,South,Basic,Paypal,45.0,109,4.0,33.76,1
17478,Male,West,Basic,Crypto,32.0,45,1.0,57.17,0
17479,Non-Binary,South,Pro,Crypto,18.0,92,0.0,,0
17480,Female,East,Basic,Crypto,,15,1.0,14.8,1
17481,Male,South,Pro,Crypto,40.0,137,0.0,90.25,1
17482,Male,East,Basic,Credit card,26.0,67,1.0,63.99,0
17483,Female,North,Pro,Credit card,34.0,179,0.0,76.79,1
17484,Female,East,Basic,Credit card,33.0,49,2.0,44.79,1
17485,Female,North,Pro,Crypto,47.0,67,-1.0,81.95,1
17486,Female,North,Pro,E-wallet,52.0,1,2.0,38.65,1
17487,Female,North,Plus,E-wallet,45.0,74,2.0,223.52,0
17488,Unknown,East,Pro,Crypto,33.0,74,1.0,116.56,0
17489,Female,West,Pro,Paypal,45.0,177,3.0,69.35,1
17490,Non-Binary,East,Plus,,,128,4.0,124.36,1
17491,Male,South,Pro,Crypto,,96,1.0,63.21,1
17492,Male,South,Basic,Paypal,54.0,108,1.0,52.43,1
17493,Male,West,Plus,Paypal,26.0,164,1.0,166.04,1
17494,Female,West,Pro,E-wallet,40.0,150,0.0,123.28,1
17495,Non-Binary,West,Basic,Crypto,42.0,176,3.0,0.0,1
17496,Male,North,Pro,Credit card,31.0,116,2.0,96.71,0
17497,Male,West,Plus,E-wallet,39.0,16,4.0,153.04,1
17498,Non-Binary,West,Plus,,43.0,70,2.0,137.77,0
17499,Male,West,Plus,Crypto,36.0,142,2.0,222.38,1
17500,Female,East,Basic,,38.0,50,1.0,15.24,0
17501,Female,South,Basic,Paypal,35.0,154,2.0,29.26,1
17502,Non-Binary,South,Basic,Paypal,41.0,8,2.0,0.0,1
17503,Male,West,Basic,E-wallet,31.0,63,0.0,84.86,1
17504,Male,South,Plus,Crypto,30.0,84,1.0,124.01,0
17505,Female,East,Basic,Credit card,34.0,92,2.0,0.0,1
17506,Unknown,South,Pro,Crypto,,41,0.0,121.07,0
17507,Female,North,Pro,Credit card,16.0,116,4.0,129.15,1
17508,Male,East,Pro,Credit card,24.0,69,1.0,111.8,1
17509,Female,South,Basic,Crypto,56.0,88,1.0,0.0,1
17510,Unknown,South,Basic,Crypto,,34,3.0,46.07,1
17511,Non-Binary,East,Basic,Crypto,,16,1.0,0.0,0
17512,Unknown,South,Basic,Credit card,41.0,43,1.0,0.0,1
17513,Male,South,Plus,Paypal,,170,2.0,145.67,1
17514,Male,West,Plus,Credit card,12.0,103,0.0,202.34,1
17515,Female,North,Basic,Credit card,37.0,88,1.0,41.81,1
17516,Non-Binary,East,Plus,Credit card,26.0,106,1.0,213.45,0
17517,Male,West,Basic,E-wallet,35.0,117,0.0,5.96,1
17518,Male,South,Pro,Paypal,37.0,43,1.0,-10.0,1
17519,Female,East,Basic,Credit card,,165,1.0,28.02,1
17520,Male,East,Pro,Credit card,16.0,168,2.0,69.28,1
17521,Male,North,Basic,E-wallet,34.0,152,1.0,37.01,1
17522,Female,North,Basic,Credit card,,48,0.0,53.2,1
17523,Female,East,Basic,Paypal,19.0,59,2.0,71.44,1
17524,Female,North,Basic,Credit card,18.0,1,1.0,38.74,1
17525,Male,North,Pro,Paypal,23.0,64,1.0,94.93,0
17526,Female,South,Basic,Paypal,41.0,113,2.0,17.35,1
17527,Female,North,Pro,Crypto,14.0,2,2.0,96.3,0
17528,Female,North,Pro,E-wallet,42.0,92,0.0,160.79,0
17529,Female,West,Pro,E-wallet,,141,1.0,68.73,0
17530,Male,South,Pro,E-wallet,31.0,172,0.0,80.98,1
17531,Male,South,Basic,Crypto,19.0,161,3.0,76.11,1
17532,Male,East,Pro,Crypto,26.0,163,3.0,163.52,0
17533,Male,North,Plus,Paypal,,14,0.0,120.23,0
17534,Female,West,Pro,E-wallet,46.0,36,0.0,47.02,0
17535,Non-Binary,West,Pro,Crypto,23.0,137,0.0,48.53,1
17536,Female,South,Pro,Crypto,45.0,8,4.0,7.05,1
17537,Female,North,Basic,Crypto,40.0,49,0.0,33.56,0
17538,Male,West,Pro,Paypal,33.0,162,3.0,,1
17539,Female,East,Plus,Credit card,26.0,45,4.0,198.2,1
17540,Male,North,Basic,Crypto,28.0,105,3.0,28.0,1
17541,Male,North,Plus,Crypto,52.0,80,0.0,208.13,0
17542,Male,North,Basic,Crypto,35.0,46,2.0,108.63,1
17543,Female,West,Basic,,47.0,17,1.0,32.22,0
17544,Unknown,South,Plus,,36.0,112,0.0,159.22,1
17545,Male,South,Plus,Crypto,29.0,152,0.0,132.67,1
17546,Male,East,Plus,Paypal,39.0,162,1.0,,1
17547,Female,West,Plus,,55.0,50,1.0,,0
17548,Male,North,Basic,E-wallet,27.0,108,1.0,71.84,1
17549,Non-Binary,East,Pro,Credit card,43.0,88,1.0,44.53,1
17550,Female,East,Basic,Crypto,35.0,15,4.0,62.74,1
17551,Unknown,South,Basic,E-wallet,19.0,87,1.0,0.0,1
17552,Female,North,Basic,Credit card,19.0,11,1.0,0.0,1
17553,Female,North,Pro,Crypto,29.0,98,0.0,86.98,1
17554,Female,West,Pro,E-wallet,37.0,58,3.0,132.87,1
17555,Female,West,Plus,Crypto,42.0,72,1.0,135.12,1
17556,Female,West,Pro,,18.0,111,2.0,61.64,1
17557,Male,East,Basic,Credit card,40.0,164,4.0,59.69,1
17558,Female,North,Pro,Credit card,32.0,31,1.0,88.38,1
17559,Female,South,Basic,,34.0,21,0.0,24.77,1
17560,Non-Binary,East,Basic,Paypal,39.0,172,2.0,1.2,1
17561,Female,East,Plus,Crypto,51.0,97,4.0,,1
17562,Female,South,Pro,Credit card,37.0,82,2.0,74.64,1
17563,Male,South,Plus,Paypal,20.0,11,0.0,,1
17564,Female,West,Pro,,32.0,4,2.0,98.55,1
17565,Female,South,Pro,Credit card,42.0,25,1.0,34.85,0
17566,Non-Binary,South,Pro,Credit card,42.0,115,1.0,77.38,1
17567,Unknown,South,Basic,Crypto,40.0,90,1.0,41.82,1
17568,Male,South,Basic,Paypal,,19,4.0,51.39,1
17569,Non-Binary,West,Basic,Crypto,20.0,135,3.0,44.26,1
17570,Male,East,Basic,E-wallet,39.0,79,1.0,0.0,0
17571,Male,North,Basic,,21.0,57,1.0,0.0,0
17572,Female,North,Plus,Paypal,40.0,172,1.0,151.57,1
17573,Male,East,Pro,Crypto,40.0,4,2.0,30.8,1
17574,Female,North,Pro,Paypal,29.0,158,2.0,167.55,0
17575,Male,North,Basic,E-wallet,32.0,22,0.0,0.0,0
17576,Male,East,Basic,Credit card,35.0,148,2.0,50.93,0
17577,Female,North,Basic,Paypal,27.0,139,1.0,8.58,1
17578,Female,North,Pro,E-wallet,,3,1.0,150.75,0
17579,Unknown,East,Basic,E-wallet,33.0,36,1.0,46.75,1
17580,Female,North,Pro,Credit card,34.0,74,3.0,133.52,0
17581,Female,South,Pro,Crypto,47.0,103,1.0,55.04,1
17582,Male,East,Pro,Credit card,26.0,116,0.0,36.72,1
17583,Male,West,Basic,Credit card,44.0,136,3.0,0.0,1
17584,Male,North,Pro,Paypal,22.0,25,2.0,30.29,0
17585,Female,West,Pro,,20.0,26,1.0,81.17,0
17586,Female,North,Pro,Crypto,30.0,177,3.0,33.46,1
17587,Female,South,Basic,E-wallet,24.0,88,2.0,24.31,1
17588,Female,East,Basic,Paypal,20.0,81,3.0,13.13,1
17589,Female,West,Basic,Crypto,53.0,129,2.0,89.8,1
17590,Male,East,Plus,Credit card,29.0,126,1.0,143.44,1
17591,Male,West,Basic,E-wallet,57.0,102,1.0,,1
17592,Non-Binary,North,Plus,Credit card,24.0,153,0.0,179.92,0
17593,Female,South,Basic,E-wallet,16.0,92,1.0,39.54,1
17594,Non-Binary,West,Basic,Paypal,46.0,45,4.0,5.36,1
17595,Male,West,Pro,Credit card,,69,3.0,88.85,1
17596,Unknown,South,Basic,Credit card,35.0,150,0.0,76.95,0
17597,Male,South,Plus,E-wallet,20.0,144,4.0,190.23,0
17598,Male,South,Plus,Crypto,33.0,87,1.0,203.16,0
17599,Unknown,South,Pro,E-wallet,20.0,103,0.0,56.07,1
17600,Male,South,Pro,Paypal,33.0,63,2.0,136.48,1
17601,Female,East,Pro,Crypto,29.0,156,3.0,73.86,1
17602,Male,North,Plus,Credit card,36.0,51,2.0,203.68,1
17603,Female,North,Basic,Credit card,40.0,125,3.0,81.54,1
17604,Unknown,West,Pro,Credit card,36.0,93,1.0,22.08,1
17605,Male,South,Pro,Paypal,,127,4.0,90.49,1
17606,Female,East,Plus,Credit card,,23,0.0,115.01,0
17607,Male,East,Plus,Credit card,29.0,162,4.0,149.39,1
17608,Female,West,Plus,Crypto,38.0,124,2.0,207.79,1
17609,Male,South,Pro,Paypal,32.0,174,1.0,34.64,1
17610,Male,North,Basic,Credit card,33.0,100,0.0,32.7,1
17611,Male,South,Pro,Crypto,37.0,50,2.0,102.1,1
17612,Male,East,Pro,Credit card,23.0,1,1.0,150.39,1
17613,Unknown,South,Pro,Crypto,48.0,148,3.0,25.0,1
17614,Male,North,Basic,Credit card,31.0,167,2.0,41.35,1
17615,Male,North,Pro,Paypal,35.0,104,0.0,75.49,1
17616,Female,West,Basic,E-wallet,33.0,68,3.0,55.5,1
17617,Male,East,Plus,Paypal,40.0,34,1.0,155.89,1
17618,Female,South,Basic,Crypto,,171,0.0,41.99,0
17619,Unknown,South,Pro,Credit card,,162,2.0,90.33,1
17620,Female,West,Basic,Paypal,48.0,82,1.0,,1
17621,Non-Binary,West,Basic,Credit card,1.0,152,3.0,71.17,1
17622,Female,West,Plus,Paypal,46.0,79,0.0,138.05,0
17623,Male,East,Basic,Crypto,43.0,30,2.0,0.0,1
17624,Female,South,Basic,E-wallet,15.0,179,3.0,45.91,1
17625,Female,West,Basic,Paypal,43.0,162,3.0,14.12,1
17626,Female,East,Pro,Credit card,44.0,150,4.0,63.48,1
17627,Non-Binary,South,Pro,Credit card,39.0,48,2.0,106.93,1
17628,Female,North,Basic,,18.0,143,2.0,151.79,1
17629,Unknown,West,Pro,Crypto,,57,4.0,55.94,1
17630,Female,East,Basic,Crypto,44.0,49,3.0,10.5,1
17631,Female,South,Plus,E-wallet,28.0,77,0.0,120.2,0
17632,Female,South,Plus,Credit card,38.0,63,2.0,142.57,1
17633,Male,West,Plus,E-wallet,,51,1.0,46.98,1
17634,Unknown,West,Plus,Credit card,42.0,39,0.0,170.51,1
17635,Female,South,Basic,Paypal,30.0,104,3.0,0.0,1
17636,Male,East,Basic,Paypal,28.0,53,2.0,15.81,1
17637,Male,North,Pro,Paypal,33.0,113,1.0,92.13,1
17638,Female,South,Basic,Credit card,,96,1.0,0.0,0
17639,Male,East,Basic,Paypal,32.0,144,1.0,81.07,1
17640,Male,West,Basic,Credit card,37.0,131,-1.0,22.92,1
17641,Female,South,Basic,E-wallet,42.0,55,3.0,0.0,0
17642,Male,West,Pro,Crypto,36.0,29,2.0,83.55,1
17643,Female,North,Basic,Paypal,19.0,107,0.0,109.53,1
17644,Male,West,Basic,,47.0,161,1.0,7.86,1
17645,Male,North,Pro,Credit card,48.0,171,1.0,24.82,1
17646,Female,West,Basic,E-wallet,35.0,125,1.0,33.52,1
17647,Female,West,Plus,E-wallet,26.0,103,2.0,168.9,1
17648,Male,North,Basic,Crypto,28.0,126,2.0,52.83,1
17649,Male,West,Pro,E-wallet,31.0,86,2.0,0.0,1
17650,Female,East,Basic,Crypto,36.0,32,1.0,123.98,0
17651,Male,West,Basic,Crypto,,77,3.0,1.14,1
17652,Male,South,Basic,E-wallet,,35,1.0,121.7,1
17653,Male,West,Pro,Crypto,44.0,17,3.0,48.72,1
17654,Non-Binary,East,Plus,Paypal,36.0,118,2.0,97.62,1
17655,Female,South,Pro,Crypto,,50,3.0,108.96,1
17656,Female,East,Basic,Credit card,,171,0.0,1.79,1
17657,Female,South,Basic,Credit card,35.0,9,2.0,54.79,1
17658,Female,West,Basic,Credit card,,38,6.0,62.37,1
17659,Female,East,Basic,E-wallet,45.0,48,2.0,,1
17660,Female,West,Basic,Credit card,35.0,57,2.0,22.39,1
17661,Male,South,Plus,E-wallet,31.0,75,2.0,183.3,0
17662,Female,East,Pro,Credit card,33.0,101,2.0,136.66,0
17663,Female,North,Pro,Crypto,38.0,150,3.0,51.23,1
17664,Female,East,Pro,,33.0,134,1.0,61.8,1
17665,Male,West,Plus,Credit card,33.0,44,2.0,170.98,1
17666,Male,North,Basic,Crypto,44.0,109,1.0,,1
17667,Female,North,Pro,E-wallet,19.0,88,3.0,67.27,1
17668,Female,South,Plus,Crypto,21.0,54,2.0,114.47,0
17669,Non-Binary,North,Basic,Crypto,41.0,123,1.0,7.26,1
17670,Male,North,Basic,Crypto,58.0,165,1.0,64.59,1
17671,Female,South,Plus,E-wallet,42.0,146,3.0,196.4,1
17672,Female,East,Pro,E-wallet,52.0,108,2.0,45.76,1
17673,Non-Binary,West,Basic,Paypal,29.0,149,1.0,138.16,0
17674,Female,East,Pro,Paypal,27.0,10,1.0,120.92,0
17675,Female,North,Basic,,38.0,130,3.0,14.29,1
17676,Female,West,Basic,Paypal,43.0,146,0.0,2.79,1
17677,Female,East,Basic,E-wallet,,90,1.0,42.13,1
17678,Unknown,West,Basic,Paypal,31.0,134,3.0,26.63,1
17679,Male,North,Pro,Credit card,33.0,118,2.0,60.43,0
17680,Male,East,Pro,Paypal,27.0,33,2.0,49.22,0
17681,Unknown,West,Plus,Credit card,28.0,10,3.0,141.76,1
17682,Female,West,Basic,Credit card,42.0,4,3.0,,1
17683,Female,East,Plus,Crypto,38.0,70,1.0,200.94,0
17684,Female,East,Basic,Crypto,,163,3.0,102.19,1
17685,Male,North,Basic,Crypto,37.0,4,2.0,67.49,0
17686,Female,South,Plus,Paypal,25.0,132,2.0,181.6,1
17687,Female,West,Basic,E-wallet,38.0,26,1.0,58.57,1
17688,Male,East,Basic,Credit card,24.0,92,1.0,14.67,1
17689,Male,East,Basic,E-wallet,30.0,154,0.0,,1
17690,Non-Binary,East,Basic,E-wallet,23.0,159,2.0,31.69,1
17691,Male,West,Pro,Paypal,27.0,88,1.0,76.19,1
17692,Non-Binary,North,Plus,E-wallet,34.0,113,1.0,128.82,0
17693,Male,South,Pro,E-wallet,29.0,97,1.0,77.94,1
17694,Female,West,Plus,Crypto,25.0,14,1.0,155.55,0
17695,Unknown,North,Pro,Crypto,45.0,104,1.0,69.81,1
17696,Female,West,Plus,Credit card,32.0,97,1.0,195.28,1
17697,Female,West,Basic,Credit card,28.0,19,4.0,17.13,1
17698,Female,East,Plus,Crypto,23.0,161,6.0,120.2,1
17699,Male,North,Basic,Paypal,15.0,126,2.0,0.0,1
17700,Male,East,Plus,Paypal,,33,3.0,147.96,1
17701,Unknown,East,Basic,,20.0,114,1.0,0.0,0
17702,Female,North,Pro,Crypto,41.0,173,2.0,88.07,1
17703,Female,East,Pro,Paypal,34.0,20,1.0,111.12,1
17704,Male,East,Plus,E-wallet,49.0,166,1.0,125.17,1
17705,Male,South,Pro,Credit card,36.0,39,1.0,125.27,1
17706,Male,North,Basic,Credit card,26.0,171,1.0,0.0,1
17707,Female,North,Pro,E-wallet,15.0,163,2.0,90.91,1
17708,Female,East,Basic,E-wallet,42.0,54,3.0,0.0,1
17709,Female,East,Basic,Credit card,21.0,49,4.0,89.44,0
17710,Non-Binary,North,Basic,E-wallet,29.0,73,4.0,40.7,1
17711,Male,North,Basic,Paypal,50.0,73,1.0,69.74,1
17712,Male,West,Pro,Credit card,40.0,37,1.0,114.65,1
17713,Male,North,Plus,Paypal,,23,0.0,236.95,1
17714,Female,West,Plus,Credit card,43.0,107,1.0,154.0,0
17715,Male,East,Basic,Paypal,43.0,58,0.0,63.31,0
17716,Unknown,South,Basic,Crypto,49.0,172,2.0,15.65,1
17717,Male,South,Basic,Paypal,,153,2.0,0.0,1
17718,Unknown,West,Basic,,,82,1.0,36.92,0
17719,Female,East,Basic,Crypto,,10,2.0,82.51,0
17720,Unknown,East,Basic,Credit card,33.0,177,1.0,16.01,0
17721,Female,East,Pro,Paypal,32.0,127,3.0,57.13,1
17722,Unknown,North,Pro,Credit card,16.0,117,2.0,62.42,1
17723,Male,East,Pro,Crypto,27.0,161,2.0,40.03,1
17724,Female,North,Basic,,48.0,15,1.0,12.76,0
17725,Unknown,West,Pro,E-wallet,36.0,0,0.0,42.81,0
17726,Male,South,Plus,E-wallet,41.0,40,0.0,171.95,0
17727,Male,West,Basic,Credit card,32.0,155,2.0,53.84,1
17728,Female,East,Basic,,15.0,14,3.0,94.35,0
17729,Unknown,East,Basic,E-wallet,32.0,79,0.0,51.12,1
17730,Female,West,Basic,Credit card,44.0,173,1.0,15.74,1
17731,Female,North,Basic,Credit card,22.0,31,3.0,0.0,1
17732,Male,North,Basic,Crypto,41.0,38,0.0,36.72,0
17733,Male,North,Basic,E-wallet,,72,1.0,0.0,0
17734,Non-Binary,South,Basic,Crypto,34.0,92,1.0,75.49,0
17735,Male,South,Pro,Paypal,39.0,88,2.0,65.2,1
17736,Female,East,Basic,Paypal,30.0,138,3.0,85.23,1
17737,Unknown,West,Pro,,58.0,33,1.0,93.09,0
17738,Male,West,Basic,Paypal,29.0,49,2.0,3.63,1
17739,Female,East,Basic,Credit card,28.0,171,0.0,44.51,1
17740,Male,North,Plus,Crypto,36.0,13,0.0,153.77,0
17741,Female,South,Pro,Crypto,26.0,71,0.0,,0
17742,Male,West,Basic,Credit card,19.0,152,3.0,71.78,1
17743,Female,East,Pro,Paypal,23.0,177,4.0,,1
17744,Male,North,Pro,Crypto,41.0,94,3.0,67.14,0
17745,Female,North,Basic,,30.0,84,3.0,,1
17746,Female,South,Basic,Credit card,51.0,159,2.0,73.49,1
17747,Male,South,Plus,Credit card,29.0,54,2.0,123.02,1
17748,Female,East,Basic,E-wallet,41.0,77,4.0,14.45,0
17749,Male,East,Basic,,39.0,152,1.0,6.02,1
17750,Female,North,Basic,Paypal,29.0,179,3.0,143.66,1
17751,Male,North,Pro,Crypto,25.0,114,0.0,85.28,0
17752,Female,West,Plus,,16.0,123,1.0,161.85,1
17753,Male,North,Plus,Crypto,39.0,107,5.0,140.72,1
17754,Female,East,Pro,Paypal,45.0,149,0.0,40.69,1
17755,Male,South,Plus,Crypto,18.0,46,1.0,209.65,1
17756,Female,East,Pro,E-wallet,30.0,50,1.0,89.6,1
17757,Male,West,Pro,E-wallet,27.0,69,4.0,141.87,1
17758,Non-Binary,West,Plus,E-wallet,39.0,118,6.0,156.39,1
17759,Non-Binary,South,Basic,Paypal,30.0,86,3.0,15.38,1
17760,Male,East,Pro,Credit card,47.0,74,2.0,42.35,1
17761,Female,West,Pro,Credit card,,21,1.0,67.55,0
17762,Male,East,Plus,Credit card,21.0,168,3.0,160.7,1
17763,Male,West,Plus,Crypto,29.0,76,2.0,186.08,1
17764,Female,South,Plus,E-wallet,30.0,174,5.0,180.35,1
17765,Female,West,Plus,Paypal,,113,0.0,,1
17766,Female,East,Pro,Credit card,,149,2.0,81.08,0
17767,Male,East,Basic,Credit card,38.0,131,0.0,60.57,0
17768,Male,West,Basic,Crypto,26.0,43,3.0,51.4,1
17769,Male,North,Pro,Crypto,31.0,40,0.0,127.15,1
17770,Female,South,Basic,Credit card,26.0,165,1.0,50.44,1
17771,Female,South,Basic,E-wallet,25.0,144,3.0,118.93,1
17772,Female,West,Basic,E-wallet,46.0,16,1.0,12.8,0
17773,Male,West,Plus,Crypto,26.0,172,0.0,,0
17774,Male,North,Basic,Crypto,30.0,45,1.0,137.66,1
17775,Male,South,Plus,E-wallet,44.0,135,4.0,146.37,1
17776,Male,North,Plus,Crypto,41.0,142,1.0,220.01,0
17777,Male,South,Basic,Crypto,50.0,160,0.0,23.18,1
17778,Non-Binary,West,Basic,E-wallet,38.0,176,1.0,27.16,1
17779,Non-Binary,South,Pro,E-wallet,27.0,9,2.0,81.69,1
17780,Female,South,Pro,Paypal,54.0,57,0.0,80.1,1
17781,Female,South,Basic,Crypto,39.0,100,2.0,71.8,0
17782,Male,North,Basic,Crypto,32.0,138,2.0,61.48,1
17783,Non-Binary,North,Basic,Paypal,34.0,34,3.0,0.0,1
17784,Male,South,Basic,Crypto,35.0,95,3.0,37.68,1
17785,Unknown,East,Basic,Crypto,,85,1.0,74.7,0
17786,Female,North,Basic,Credit card,20.0,131,4.0,0.0,0
17787,Male,West,Pro,Credit card,50.0,116,1.0,89.05,0
17788,Unknown,West,Plus,Credit card,,65,2.0,170.09,1
17789,Male,South,Pro,Paypal,35.0,160,1.0,120.97,1
17790,Female,West,Plus,Crypto,54.0,72,0.0,175.41,0
17791,Female,North,Pro,Paypal,27.0,162,3.0,95.45,1
17792,Male,East,Pro,Paypal,40.0,37,2.0,72.47,0
17793,Female,East,Basic,Crypto,26.0,94,4.0,39.6,0
17794,Female,East,Basic,E-wallet,37.0,32,1.0,41.94,0
17795,Female,West,Plus,E-wallet,36.0,171,4.0,227.28,1
17796,Male,South,Plus,Crypto,41.0,52,1.0,128.46,0
17797,Unknown,West,Basic,E-wallet,46.0,147,-1.0,0.0,1
17798,Male,South,Basic,Credit card,28.0,62,-1.0,5.17,1
17799,Male,East,Pro,Crypto,48.0,178,1.0,70.52,1
17800,Male,North,Basic,Paypal,48.0,113,0.0,39.23,1
17801,Male,West,Basic,Credit card,31.0,141,2.0,74.05,1
17802,Male,North,Plus,Paypal,33.0,34,1.0,167.67,1
17803,Unknown,East,Pro,E-wallet,29.0,109,2.0,63.5,1
17804,Male,South,Pro,Crypto,30.0,44,2.0,31.79,0
17805,Male,North,Plus,Credit card,21.0,160,2.0,160.36,1
17806,Male,West,Pro,Crypto,41.0,60,0.0,137.65,0
17807,Female,North,Pro,Credit card,13.0,92,0.0,69.65,1
17808,Non-Binary,North,Basic,Credit card,27.0,71,1.0,31.84,1
17809,Male,West,Basic,Credit card,33.0,114,0.0,74.47,1
17810,Male,South,Pro,Crypto,46.0,77,1.0,21.47,1
17811,Male,West,Basic,Credit card,28.0,49,3.0,25.9,1
17812,Male,East,Basic,Credit card,38.0,142,2.0,50.96,1
17813,Male,South,Basic,Crypto,33.0,41,0.0,17.06,1
17814,Female,North,Basic,Paypal,43.0,113,3.0,34.61,1
17815,Male,West,Basic,E-wallet,,19,0.0,43.75,1
17816,Female,East,Pro,Crypto,42.0,91,3.0,101.05,1
17817,Male,West,Basic,Crypto,28.0,67,0.0,91.65,1
17818,Unknown,South,Basic,Credit card,23.0,134,1.0,21.5,1
17819,Unknown,East,Pro,Crypto,37.0,65,2.0,98.89,1
17820,Female,North,Plus,Crypto,29.0,72,0.0,159.94,0
17821,Male,South,Basic,E-wallet,,150,3.0,103.68,1
17822,Male,East,Pro,Crypto,37.0,35,0.0,94.3,0
17823,Female,South,Pro,Credit card,46.0,139,1.0,108.62,0
17824,Female,North,Pro,E-wallet,41.0,150,1.0,109.32,1
17825,Female,East,Basic,Crypto,27.0,138,0.0,4.7,1
17826,Non-Binary,West,Plus,Credit card,22.0,128,1.0,176.48,0
17827,Unknown,West,Pro,E-wallet,51.0,38,2.0,127.24,1
17828,Male,North,Plus,,18.0,92,0.0,67.82,1
17829,Female,East,Basic,Credit card,29.0,69,5.0,0.0,1
17830,Male,North,Pro,E-wallet,40.0,158,1.0,147.55,1
17831,Male,North,Pro,,50.0,136,2.0,2.58,1
17832,Female,South,Basic,E-wallet,,17,1.0,91.81,1
17833,Male,West,Basic,Crypto,34.0,126,-1.0,12.82,1
17834,Non-Binary,North,Pro,Paypal,25.0,58,0.0,93.72,0
17835,Male,South,Basic,E-wallet,35.0,66,1.0,61.81,0
17836,Female,North,Pro,Crypto,22.0,108,2.0,105.12,0
17837,Female,North,Basic,E-wallet,26.0,130,0.0,30.86,1
17838,Female,North,Basic,Paypal,41.0,29,2.0,17.86,1
17839,Male,West,Pro,Credit card,29.0,90,3.0,68.01,1
17840,Non-Binary,East,Basic,Paypal,43.0,1,0.0,0.0,0
17841,Female,West,Plus,Paypal,32.0,19,4.0,192.91,1
17842,Female,South,Plus,Credit card,20.0,96,1.0,189.35,1
17843,Male,East,Pro,Paypal,45.0,28,4.0,52.55,1
17844,Female,South,Plus,Crypto,20.0,8,1.0,152.19,0
17845,Non-Binary,North,Plus,E-wallet,27.0,3,7.0,99.73,1
17846,Female,East,Basic,Paypal,32.0,39,1.0,59.88,0
17847,Non-Binary,South,Plus,E-wallet,44.0,140,4.0,146.1,1
17848,Female,North,Basic,E-wallet,28.0,133,1.0,1.19,1
17849,Male,South,Basic,Credit card,24.0,72,0.0,63.6,1
17850,Male,South,Pro,Paypal,35.0,25,2.0,91.61,0
17851,Male,West,Pro,,31.0,102,0.0,112.39,1
17852,Female,North,Basic,Credit card,29.0,40,2.0,0.48,1
17853,Female,West,Basic,E-wallet,36.0,41,0.0,0.0,1
17854,Male,East,Pro,Crypto,21.0,127,1.0,55.65,0
17855,Female,North,Basic,E-wallet,16.0,60,1.0,23.55,0
17856,Female,West,Pro,Credit card,55.0,61,1.0,87.03,0
17857,Female,West,Pro,,35.0,20,0.0,56.2,0
17858,Male,East,Basic,Crypto,35.0,158,2.0,5.79,1
17859,Male,South,Basic,Crypto,26.0,42,3.0,69.59,1
17860,Male,South,Pro,,,148,3.0,75.12,1
17861,Male,South,Basic,Paypal,28.0,106,0.0,112.92,1
17862,Male,East,Basic,Crypto,6.0,156,0.0,16.35,1
17863,Male,West,Basic,Credit card,28.0,57,2.0,34.81,0
17864,Female,North,Basic,Crypto,31.0,151,2.0,55.79,1
17865,Male,East,Basic,Crypto,32.0,44,0.0,13.44,0
17866,Unknown,South,Pro,Crypto,32.0,79,3.0,0.0,1
17867,Male,South,Pro,Credit card,27.0,136,1.0,141.56,1
17868,Male,North,Pro,Paypal,26.0,129,1.0,79.11,1
17869,Male,East,Plus,Paypal,31.0,164,1.0,147.16,1
17870,Male,South,Basic,Paypal,17.0,126,3.0,25.39,1
17871,Non-Binary,East,Basic,Credit card,14.0,164,1.0,64.9,1
17872,Male,West,Pro,Credit card,,45,2.0,102.02,1
17873,Unknown,East,Pro,Paypal,35.0,5,0.0,39.15,0
17874,Non-Binary,West,Pro,E-wallet,42.0,47,5.0,85.16,0
17875,Female,North,Pro,E-wallet,,126,1.0,85.22,0
17876,Female,West,Pro,Paypal,22.0,111,0.0,53.18,1
17877,Female,West,Basic,E-wallet,14.0,135,1.0,0.0,1
17878,Male,North,Pro,E-wallet,25.0,31,3.0,48.51,1
17879,Female,South,Pro,Paypal,38.0,100,1.0,63.59,1
17880,Male,North,Plus,Paypal,48.0,76,2.0,124.95,1
17881,Male,East,Pro,Credit card,34.0,67,3.0,113.51,0
17882,Female,North,Pro,E-wallet,21.0,27,0.0,148.01,0
17883,Female,East,Pro,E-wallet,25.0,167,0.0,91.34,1
17884,Non-Binary,South,Plus,Paypal,,143,2.0,-10.0,0
17885,Male,East,Plus,Crypto,29.0,56,4.0,112.15,1
17886,Non-Binary,North,Pro,Paypal,45.0,54,4.0,60.38,1
17887,Male,North,Pro,Credit card,45.0,82,1.0,104.16,0
17888,Male,South,Basic,Crypto,32.0,105,1.0,74.74,1
17889,Male,North,Pro,Crypto,35.0,85,1.0,46.81,1
17890,Female,South,Pro,Crypto,26.0,166,3.0,128.72,1
17891,Male,South,Pro,Credit card,16.0,75,3.0,51.12,1
17892,Female,North,Basic,E-wallet,51.0,157,0.0,67.55,1
17893,Non-Binary,West,Pro,Paypal,10.0,103,1.0,42.25,0
17894,Female,East,Basic,Credit card,15.0,169,2.0,57.3,1
17895,Female,West,Pro,Credit card,51.0,132,0.0,57.16,0
17896,Non-Binary,South,Basic,Crypto,34.0,100,1.0,115.66,1
17897,Female,East,Pro,Crypto,,172,3.0,,1
17898,Female,West,Basic,Credit card,40.0,31,2.0,0.0,1
17899,Male,North,Basic,E-wallet,41.0,97,5.0,27.88,1
17900,Non-Binary,West,Pro,Crypto,20.0,11,2.0,101.32,0
17901,Female,East,Basic,Credit card,28.0,106,0.0,20.37,1
17902,Male,East,Pro,Crypto,42.0,65,2.0,93.86,0
17903,Male,East,Plus,Paypal,25.0,51,0.0,111.37,1
17904,Non-Binary,East,Plus,Paypal,,31,1.0,151.85,1
17905,Male,West,Basic,Paypal,48.0,162,4.0,,1
17906,Unknown,North,Plus,Crypto,10.0,133,0.0,149.21,1
17907,Male,North,Basic,Crypto,,21,1.0,111.26,1
17908,Female,East,Plus,E-wallet,36.0,174,2.0,169.39,1
17909,Male,North,Pro,Paypal,,140,1.0,39.24,1
17910,Female,West,Basic,E-wallet,28.0,22,1.0,16.17,1
17911,Non-Binary,North,Basic,Credit card,44.0,171,1.0,,1
17912,Female,South,Basic,Credit card,26.0,8,2.0,99.8,1
17913,Female,North,Pro,,19.0,105,2.0,41.31,1
17914,Male,East,Basic,E-wallet,45.0,58,0.0,14.98,0
17915,Male,North,Pro,Crypto,38.0,116,3.0,42.63,1
17916,Male,North,Pro,E-wallet,33.0,100,2.0,135.58,1
17917,Female,North,Plus,Credit card,33.0,29,4.0,87.82,0
17918,Male,North,Plus,E-wallet,44.0,83,1.0,119.85,0
17919,Male,South,Basic,Credit card,36.0,43,0.0,38.88,0
17920,Female,West,Pro,Credit card,40.0,176,1.0,132.6,0
17921,Female,East,Plus,E-wallet,27.0,15,2.0,200.6,1
17922,Female,East,Plus,Crypto,14.0,120,1.0,195.14,0
17923,Male,North,Basic,Credit card,40.0,73,3.0,40.05,1
17924,Male,West,Basic,E-wallet,,83,2.0,34.68,1
17925,Unknown,North,Basic,,31.0,129,1.0,81.66,1
17926,Male,South,Basic,Paypal,42.0,66,1.0,82.84,1
17927,Non-Binary,West,Basic,Crypto,30.0,41,0.0,15.55,1
17928,Non-Binary,West,Basic,Paypal,33.0,135,2.0,16.73,1
17929,Female,West,Pro,Credit card,51.0,72,1.0,30.22,0
17930,Male,West,Basic,Crypto,31.0,91,2.0,39.47,1
17931,Non-Binary,North,Pro,E-wallet,30.0,148,2.0,95.58,1
17932,Female,South,Basic,E-wallet,15.0,114,5.0,0.0,1
17933,Female,West,Plus,Crypto,40.0,96,3.0,181.18,1
17934,Male,East,Plus,Paypal,26.0,33,0.0,119.14,0
17935,Male,East,Pro,Paypal,35.0,131,1.0,77.06,1
17936,Male,South,Plus,Crypto,30.0,116,3.0,204.34,1
17937,Female,East,Basic,E-wallet,29.0,61,4.0,83.45,0
17938,Female,North,Pro,Crypto,32.0,95,1.0,42.67,0
17939,Male,North,Basic,Paypal,33.0,75,5.0,5.54,1
17940,Female,South,Basic,Credit card,45.0,1,2.0,67.92,1
17941,Male,West,Basic,E-wallet,49.0,126,4.0,53.17,1
17942,Female,East,Pro,Crypto,40.0,177,1.0,112.06,1
17943,Unknown,East,Basic,Credit card,46.0,111,2.0,0.0,1
17944,Male,South,Pro,Paypal,42.0,116,2.0,38.22,1
17945,Male,South,Basic,E-wallet,38.0,25,0.0,50.86,1
17946,Male,East,Plus,Crypto,,84,2.0,220.82,0
17947,Female,West,Pro,Paypal,20.0,107,5.0,60.19,1
17948,Female,South,Basic,Crypto,27.0,164,2.0,29.41,1
17949,Unknown,North,Basic,Crypto,,54,2.0,0.0,0
17950,Male,East,Plus,E-wallet,30.0,99,1.0,222.96,0
17951,Unknown,South,Basic,Paypal,40.0,17,0.0,0.0,1
17952,Male,South,Pro,Paypal,22.0,23,2.0,119.76,0
17953,Female,South,Pro,Credit card,39.0,29,4.0,45.4,1
17954,Male,East,Basic,,,16,2.0,0.0,1
17955,Non-Binary,North,Basic,Paypal,30.0,41,1.0,44.88,0
17956,Female,North,Basic,E-wallet,36.0,80,5.0,26.23,1
17957,Female,East,Basic,Credit card,50.0,107,3.0,53.52,1
17958,Non-Binary,South,Basic,E-wallet,26.0,139,0.0,38.1,1
17959,Male,East,Basic,Paypal,33.0,26,2.0,0.0,0
17960,Male,East,Basic,Credit card,23.0,3,3.0,19.36,1
17961,Non-Binary,South,Basic,E-wallet,26.0,162,1.0,75.8,1
17962,Male,East,Plus,Credit card,23.0,75,4.0,189.85,0
17963,Male,West,Pro,Paypal,36.0,156,1.0,107.4,1
17964,Female,North,Pro,Credit card,38.0,71,4.0,168.65,1
17965,Female,West,Basic,Credit card,40.0,75,2.0,52.55,1
17966,Male,West,Basic,Credit card,26.0,163,1.0,68.33,1
17967,Male,West,Plus,Paypal,39.0,33,0.0,98.84,0
17968,Male,East,Pro,Paypal,35.0,35,1.0,124.59,1
17969,Female,South,Basic,Credit card,33.0,3,3.0,44.79,1
17970,Non-Binary,East,Basic,E-wallet,21.0,10,2.0,59.09,1
17971,Unknown,North,Pro,E-wallet,35.0,58,1.0,93.96,1
17972,Female,East,Plus,Paypal,35.0,2,1.0,193.73,0
17973,Male,East,Basic,Crypto,35.0,11,1.0,40.02,1
17974,Unknown,East,Pro,E-wallet,38.0,112,2.0,92.81,1
17975,Female,East,Pro,Credit card,40.0,72,3.0,156.35,1
17976,Male,West,Plus,Crypto,23.0,148,1.0,173.81,0
17977,Unknown,South,Plus,Paypal,31.0,149,3.0,225.96,1
17978,Female,North,Basic,E-wallet,39.0,145,3.0,52.87,1
17979,Female,North,Pro,Crypto,31.0,5,0.0,141.84,0
17980,Female,North,Pro,Paypal,43.0,88,4.0,89.33,1
17981,Male,East,Pro,Paypal,34.0,113,3.0,62.04,1
17982,Male,North,Plus,Credit card,14.0,108,2.0,137.8,1
17983,Female,West,Plus,E-wallet,42.0,78,1.0,149.31,1
17984,Male,South,Basic,Crypto,32.0,64,4.0,0.0,1
17985,Female,East,Basic,Credit card,16.0,54,1.0,0.0,1
17986,Female,East,Pro,E-wallet,31.0,167,2.0,127.42,1
17987,Female,West,Basic,Crypto,21.0,81,0.0,66.48,0
17988,Female,North,Basic,Paypal,41.0,51,2.0,,0
17989,Female,East,Basic,Paypal,33.0,119,4.0,109.72,1
17990,Non-Binary,East,Plus,E-wallet,24.0,43,1.0,,1
17991,Female,West,Basic,Credit card,42.0,94,3.0,,1
17992,Male,West,Pro,Crypto,38.0,61,0.0,114.17,0
17993,Male,North,Basic,Crypto,31.0,83,0.0,20.99,0
17994,Male,South,Basic,Paypal,21.0,96,1.0,12.7,1
17995,Male,South,Basic,E-wallet,25.0,73,3.0,28.1,1
17996,Male,North,Basic,Credit card,25.0,156,2.0,12.45,1
17997,Male,South,Plus,Paypal,41.0,146,3.0,248.78,1
17998,Female,West,Plus,Paypal,17.0,155,2.0,156.14,1
17999,Unknown,West,Pro,Credit card,33.0,121,0.0,106.01,1
18000,Male,West,Basic,Crypto,31.0,122,2.0,15.11,1
18001,Female,South,Pro,Crypto,44.0,146,0.0,163.63,1
18002,Female,South,Basic,E-wallet,36.0,30,3.0,31.75,1
18003,Male,East,Basic,Paypal,39.0,98,1.0,0.0,1
18004,Unknown,East,Pro,E-wallet,28.0,141,1.0,51.35,1
18005,Female,East,Pro,Crypto,21.0,49,0.0,121.11,0
18006,Male,South,Basic,Credit card,30.0,58,1.0,37.68,1
18007,Female,East,Basic,Crypto,41.0,8,1.0,69.3,0
18008,Male,West,Plus,Crypto,41.0,56,1.0,202.94,0
18009,Female,South,Basic,Paypal,29.0,168,5.0,20.58,1
18010,Male,North,Plus,Crypto,25.0,26,1.0,159.88,0
18011,Non-Binary,South,Plus,E-wallet,23.0,57,2.0,146.74,0
18012,Female,East,Pro,Credit card,32.0,80,0.0,104.39,1
18013,Female,South,Basic,Paypal,,67,2.0,0.0,1
18014,Male,East,Pro,Credit card,48.0,23,4.0,80.32,1
18015,Female,East,Basic,E-wallet,35.0,79,1.0,13.86,1
18016,Female,North,Basic,E-wallet,,61,3.0,35.59,1
18017,Female,North,Pro,Crypto,26.0,80,3.0,72.92,1
18018,Female,West,Basic,E-wallet,34.0,100,3.0,48.99,1
18019,Female,East,Basic,Crypto,35.0,116,2.0,80.28,1
18020,Non-Binary,South,Pro,Paypal,32.0,2,2.0,141.25,1
18021,Female,North,Pro,,33.0,50,2.0,73.04,1
18022,Non-Binary,North,Basic,Crypto,35.0,104,2.0,,1
18023,Non-Binary,East,Basic,Crypto,38.0,98,0.0,0.0,0
18024,Female,South,Basic,Paypal,45.0,66,2.0,53.7,1
18025,Male,North,Basic,E-wallet,11.0,79,4.0,0.0,1
18026,Female,North,Pro,Crypto,45.0,147,3.0,127.88,1
18027,Non-Binary,South,Pro,E-wallet,16.0,44,3.0,136.74,0
18028,Male,North,Pro,Crypto,37.0,133,2.0,,1
18029,Female,South,Basic,E-wallet,57.0,160,4.0,17.62,1
18030,Non-Binary,East,Basic,Crypto,33.0,170,2.0,0.0,1
18031,Male,North,Basic,Credit card,35.0,177,1.0,32.72,1
18032,Female,East,Basic,Credit card,30.0,154,3.0,24.02,1
18033,Male,South,Basic,Credit card,40.0,29,1.0,32.2,1
18034,Male,East,Basic,Crypto,37.0,98,2.0,39.47,1
18035,Female,East,Basic,E-wallet,27.0,145,3.0,76.65,1
18036,Male,East,Pro,Paypal,32.0,157,3.0,57.49,1
18037,Male,West,Pro,Paypal,22.0,142,1.0,39.47,0
18038,Non-Binary,South,Pro,Paypal,32.0,95,3.0,86.02,1
18039,Male,South,Basic,Credit card,29.0,98,1.0,28.04,0
18040,Unknown,South,Plus,Credit card,35.0,20,1.0,,1
18041,Unknown,South,Plus,Credit card,26.0,139,2.0,173.74,1
18042,Male,South,Basic,E-wallet,31.0,176,1.0,32.7,1
18043,Male,North,Pro,Credit card,34.0,0,0.0,53.9,0
18044,Female,North,Plus,E-wallet,34.0,24,2.0,171.36,0
18045,Female,North,Pro,E-wallet,36.0,174,1.0,146.43,1
18046,Male,East,Basic,E-wallet,,38,2.0,31.21,0
18047,Female,East,Basic,,26.0,26,1.0,39.78,0
18048,Male,South,Pro,Paypal,34.0,92,4.0,135.28,1
18049,Non-Binary,West,Basic,E-wallet,32.0,49,0.0,0.0,1
18050,Male,South,Plus,Paypal,44.0,155,0.0,156.96,1
18051,Male,North,Pro,E-wallet,45.0,56,3.0,130.45,1
18052,Male,South,Basic,E-wallet,20.0,81,2.0,63.32,1
18053,Unknown,East,Pro,Credit card,40.0,15,1.0,116.71,1
18054,Female,South,Pro,,42.0,34,1.0,0.0,0
18055,Non-Binary,North,Basic,E-wallet,20.0,155,2.0,4.06,1
18056,Male,South,Basic,Paypal,39.0,45,3.0,0.0,1
18057,Male,East,Plus,Credit card,,66,2.0,218.05,1
18058,Male,West,Pro,E-wallet,24.0,15,2.0,106.19,0
18059,Female,North,Basic,Credit card,31.0,78,3.0,29.6,1
18060,Female,South,Basic,E-wallet,35.0,73,1.0,1.47,1
18061,Female,East,Pro,Credit card,39.0,116,1.0,72.4,1
18062,Male,North,Pro,Credit card,24.0,48,1.0,173.8,0
18063,Unknown,North,Basic,Crypto,45.0,149,0.0,31.44,1
18064,Male,East,Pro,E-wallet,13.0,17,0.0,61.64,0
18065,Unknown,South,Basic,E-wallet,47.0,21,2.0,0.0,0
18066,Male,South,Basic,E-wallet,39.0,105,1.0,104.59,1
18067,Female,South,Pro,Paypal,,118,3.0,85.51,1
18068,Male,North,Basic,Crypto,42.0,15,2.0,17.35,1
18069,Female,West,Plus,Paypal,23.0,2,2.0,107.86,1
18070,Female,North,Basic,E-wallet,35.0,122,1.0,,1
18071,Female,South,Pro,Crypto,36.0,34,3.0,133.98,1
18072,Female,North,Basic,Credit card,36.0,104,2.0,0.0,1
18073,Female,West,Basic,Crypto,25.0,102,2.0,0.0,1
18074,Female,North,Pro,Credit card,29.0,148,1.0,71.45,1
18075,Non-Binary,East,Basic,E-wallet,35.0,56,0.0,50.34,1
18076,Male,South,Pro,E-wallet,26.0,46,2.0,90.71,0
18077,Female,South,Pro,Credit card,36.0,161,2.0,65.07,0
18078,Female,South,Pro,Crypto,27.0,47,1.0,63.68,1
18079,Male,North,Pro,Paypal,44.0,166,0.0,61.08,1
18080,Female,North,Pro,Crypto,49.0,86,3.0,82.45,1
18081,Male,North,Pro,Credit card,31.0,119,3.0,52.61,1
18082,Male,South,Pro,,43.0,157,4.0,96.91,1
18083,Male,North,Plus,Paypal,31.0,177,3.0,211.86,1
18084,Male,South,Basic,Paypal,24.0,96,0.0,74.69,1
18085,Female,North,Pro,Paypal,29.0,143,4.0,22.33,1
18086,Female,South,Basic,Credit card,34.0,93,2.0,0.0,1
18087,Unknown,East,Basic,E-wallet,16.0,2,0.0,50.92,1
18088,Female,North,Basic,Crypto,40.0,60,3.0,37.49,1
18089,Male,South,Plus,Paypal,34.0,1,2.0,170.19,1
18090,Non-Binary,East,Pro,Credit card,44.0,25,0.0,146.4,0
18091,Non-Binary,East,Pro,Crypto,40.0,17,2.0,175.67,1
18092,Female,West,Basic,Paypal,35.0,65,5.0,62.37,1
18093,Female,North,Basic,E-wallet,30.0,39,1.0,0.0,0
18094,Unknown,South,Plus,Crypto,49.0,130,1.0,154.16,1
18095,Female,West,Basic,,55.0,16,1.0,86.42,1
18096,Unknown,North,Basic,Credit card,30.0,151,1.0,101.79,1
18097,Male,East,Basic,Credit card,,1,3.0,22.49,0
18098,Male,North,Pro,Credit card,26.0,69,3.0,106.44,1
18099,Female,South,Basic,E-wallet,28.0,167,1.0,59.21,1
18100,Female,East,Basic,Crypto,30.0,153,2.0,66.04,1
18101,Non-Binary,West,Pro,Paypal,40.0,48,4.0,131.42,1
18102,Unknown,North,Basic,E-wallet,23.0,56,2.0,0.0,1
18103,Male,North,Pro,Paypal,49.0,55,3.0,114.27,0
18104,Male,West,Basic,Paypal,43.0,75,2.0,27.41,0
18105,Non-Binary,North,Basic,Credit card,40.0,20,0.0,38.77,1
18106,Female,North,Pro,Paypal,31.0,15,2.0,47.92,0
18107,Male,North,Plus,Paypal,42.0,5,2.0,128.19,1
18108,Female,East,Pro,E-wallet,4.0,33,0.0,75.86,0
18109,Female,East,Pro,Credit card,38.0,58,0.0,109.72,0
18110,Female,South,Basic,Paypal,35.0,66,3.0,0.0,1
18111,Female,North,Basic,Paypal,15.0,40,0.0,33.08,0
18112,Male,South,Basic,Paypal,38.0,146,1.0,96.77,0
18113,Unknown,East,Plus,Crypto,,156,2.0,248.97,1
18114,Female,North,Plus,Crypto,15.0,31,0.0,164.78,0
18115,Female,South,Plus,Credit card,22.0,9,2.0,147.97,0
18116,Male,North,Basic,E-wallet,54.0,118,2.0,16.83,1
18117,Female,North,Pro,Credit card,32.0,92,2.0,112.28,0
18118,Male,West,Pro,Crypto,43.0,76,3.0,110.92,0
18119,Male,South,Pro,Credit card,45.0,19,-1.0,,0
18120,Female,East,Pro,E-wallet,37.0,155,1.0,54.69,1
18121,Male,South,Pro,Credit card,44.0,26,2.0,39.44,1
18122,Female,South,Basic,Paypal,12.0,152,3.0,,1
18123,Male,South,Basic,E-wallet,31.0,123,3.0,78.17,1
18124,Female,West,Basic,E-wallet,3.0,28,1.0,0.09,0
18125,Male,North,Basic,E-wallet,16.0,115,4.0,10.38,1
18126,Male,East,Basic,Credit card,28.0,142,3.0,24.69,1
18127,Male,West,Basic,Credit card,27.0,172,3.0,0.0,1
18128,Unknown,East,Basic,Paypal,34.0,44,1.0,111.72,0
18129,Non-Binary,West,Pro,E-wallet,33.0,29,5.0,107.11,0
18130,Male,North,Plus,Paypal,35.0,37,1.0,192.7,1
18131,Female,East,Plus,E-wallet,35.0,31,0.0,114.94,0
18132,Female,South,Basic,Crypto,37.0,49,0.0,20.68,1
18133,Unknown,West,Basic,Credit card,24.0,70,1.0,60.61,1
18134,Male,East,Basic,Paypal,26.0,162,3.0,42.85,1
18135,Female,North,Plus,Credit card,,75,1.0,271.97,1
18136,Male,East,Pro,Credit card,33.0,86,1.0,115.27,0
18137,Male,West,Basic,Crypto,23.0,4,1.0,5.97,0
18138,Unknown,North,Plus,Crypto,44.0,106,4.0,162.23,1
18139,Female,South,Basic,E-wallet,41.0,118,2.0,47.25,1
18140,Male,West,Plus,,25.0,30,2.0,202.65,1
18141,Male,West,Basic,E-wallet,31.0,96,1.0,0.0,1
18142,Female,North,Basic,Crypto,54.0,0,1.0,0.0,1
18143,Female,West,Pro,Crypto,35.0,85,0.0,98.85,1
18144,Male,East,Plus,Paypal,37.0,64,1.0,67.57,0
18145,Unknown,South,Plus,Crypto,27.0,142,0.0,209.22,1
18146,Male,East,Pro,Paypal,30.0,102,0.0,90.53,1
18147,Male,North,Basic,Crypto,49.0,179,1.0,25.36,1
18148,Unknown,West,Basic,Paypal,35.0,165,1.0,0.0,1
18149,Male,South,Plus,Credit card,33.0,23,1.0,226.63,0
18150,Male,North,Pro,,34.0,150,6.0,34.01,1
18151,Female,East,Pro,Crypto,59.0,46,2.0,131.47,0
18152,Non-Binary,West,Basic,Paypal,34.0,134,0.0,120.6,1
18153,Male,West,Pro,Crypto,25.0,158,2.0,156.42,0
18154,Unknown,North,Basic,Paypal,,6,3.0,41.32,1
18155,Female,East,Pro,Paypal,41.0,3,0.0,,1
18156,Male,West,Plus,Crypto,19.0,103,2.0,198.4,1
18157,Female,East,Pro,E-wallet,38.0,51,1.0,82.2,1
18158,Male,South,Basic,Paypal,26.0,81,2.0,43.69,1
18159,Female,West,Basic,Credit card,15.0,79,3.0,0.0,1
18160,Female,South,Basic,Crypto,24.0,47,3.0,66.02,1
18161,Unknown,West,Plus,Credit card,34.0,94,0.0,134.3,1
18162,Male,North,Basic,Paypal,47.0,65,0.0,86.97,1
18163,Female,West,Plus,Paypal,43.0,109,3.0,110.43,1
18164,Female,West,Pro,Crypto,31.0,124,5.0,65.42,1
18165,Male,East,Pro,,43.0,126,3.0,76.95,1
18166,Male,East,Plus,Credit card,30.0,99,4.0,137.05,1
18167,Male,South,Pro,E-wallet,19.0,172,0.0,63.93,1
18168,Female,South,Plus,,34.0,39,0.0,164.63,1
18169,Female,South,Basic,E-wallet,,34,4.0,6.08,1
18170,Male,West,Pro,Crypto,41.0,23,0.0,55.98,0
18171,Non-Binary,West,Pro,Credit card,42.0,162,1.0,75.78,1
18172,Non-Binary,South,Basic,Crypto,,93,2.0,66.09,1
18173,Female,North,Pro,E-wallet,35.0,164,1.0,135.6,0
18174,Male,North,Pro,E-wallet,,108,2.0,61.15,1
18175,Female,West,Plus,E-wallet,42.0,161,4.0,169.94,1
18176,Male,North,Basic,Crypto,,102,1.0,45.87,1
18177,Male,North,Pro,Paypal,39.0,151,0.0,143.35,0
18178,Female,South,Basic,Paypal,20.0,92,4.0,113.25,1
18179,Male,North,Pro,Credit card,41.0,3,1.0,0.0,1
18180,Male,North,Basic,Crypto,44.0,104,5.0,0.0,1
18181,Male,West,Pro,Crypto,27.0,177,3.0,81.02,1
18182,Male,West,Basic,Crypto,46.0,77,1.0,0.0,1
18183,Male,West,Basic,E-wallet,18.0,151,1.0,0.0,1
18184,Unknown,North,Basic,Crypto,44.0,101,4.0,0.0,1
18185,Male,South,Basic,Paypal,48.0,115,1.0,41.85,1
18186,Male,East,Pro,Credit card,37.0,97,2.0,71.18,1
18187,Male,West,Plus,Paypal,32.0,35,4.0,205.43,1
18188,Unknown,West,Basic,Crypto,,78,4.0,22.59,1
18189,Female,West,Basic,Credit card,27.0,34,3.0,34.62,1
18190,Male,South,Basic,Credit card,60.0,28,2.0,94.45,1
18191,Non-Binary,East,Pro,,28.0,35,2.0,95.54,0
18192,Male,East,Basic,Crypto,,67,2.0,35.3,1
18193,Male,West,Basic,Paypal,26.0,138,2.0,0.0,1
18194,Male,North,Basic,Paypal,49.0,54,1.0,35.13,1
18195,Male,West,Basic,E-wallet,54.0,48,2.0,6.62,1
18196,Male,West,Basic,E-wallet,37.0,56,1.0,33.52,0
18197,Female,North,Basic,E-wallet,36.0,98,1.0,0.0,1
18198,Male,North,Pro,,24.0,86,1.0,75.0,1
18199,Female,West,Pro,Crypto,23.0,54,4.0,38.6,0
18200,Male,South,Basic,E-wallet,36.0,55,5.0,97.05,0
18201,Male,South,Pro,E-wallet,48.0,73,1.0,124.43,1
18202,Female,North,Basic,Paypal,28.0,3,0.0,31.48,0
18203,Unknown,West,Plus,E-wallet,,108,2.0,163.59,1
18204,Male,South,Basic,,27.0,152,5.0,29.71,1
18205,Female,West,Pro,Credit card,,129,2.0,132.59,0
18206,Male,West,Pro,E-wallet,36.0,146,1.0,62.99,1
18207,Male,West,Basic,Credit card,32.0,87,5.0,170.03,1
18208,Male,South,Plus,E-wallet,13.0,135,2.0,152.49,1
18209,Male,East,Basic,Credit card,27.0,63,3.0,0.0,1
18210,Male,West,Pro,E-wallet,35.0,133,2.0,,1
18211,Male,South,Basic,Paypal,33.0,83,1.0,36.21,1
18212,Female,East,Basic,Crypto,40.0,13,1.0,11.91,1
18213,Male,North,Pro,Credit card,41.0,103,2.0,,1
18214,Female,South,Basic,Crypto,31.0,104,2.0,0.0,1
18215,Male,East,Basic,Paypal,24.0,125,1.0,5.05,1
18216,Female,South,Basic,E-wallet,49.0,70,2.0,48.08,1
18217,Female,East,Pro,E-wallet,20.0,108,1.0,121.69,1
18218,Male,East,Basic,Paypal,28.0,29,0.0,105.51,1
18219,Male,South,Basic,Crypto,25.0,7,1.0,103.13,1
18220,Female,North,Pro,Crypto,41.0,141,3.0,-10.0,1
18221,Non-Binary,West,Basic,Crypto,47.0,47,1.0,0.0,1
18222,Male,East,Basic,Crypto,,27,1.0,0.0,1
18223,Male,West,Basic,Credit card,36.0,133,3.0,37.17,1
18224,Non-Binary,North,Basic,Crypto,38.0,157,3.0,0.0,1
18225,Male,West,Basic,Credit card,52.0,131,0.0,24.76,0
18226,Female,West,Plus,Paypal,16.0,99,4.0,152.42,0
18227,Male,South,Basic,E-wallet,41.0,66,0.0,46.76,0
18228,Male,South,Basic,Credit card,37.0,137,2.0,32.23,1
18229,Female,North,Basic,Crypto,30.0,101,1.0,61.18,1
18230,Female,South,Basic,E-wallet,,26,2.0,18.28,1
18231,Male,East,Pro,,41.0,172,1.0,122.92,1
18232,Female,North,Basic,E-wallet,39.0,74,2.0,0.0,1
18233,Female,South,Basic,Paypal,55.0,99,1.0,14.02,1
18234,Female,South,Basic,Crypto,35.0,34,1.0,46.99,1
18235,Male,North,Plus,Paypal,34.0,12,2.0,153.93,0
18236,Female,East,Basic,E-wallet,32.0,119,1.0,0.0,1
18237,Female,North,Basic,Paypal,39.0,54,2.0,0.0,0
18238,Female,South,Pro,Crypto,33.0,42,1.0,51.22,1
18239,Female,South,Basic,,34.0,72,2.0,0.0,0
18240,Male,North,Pro,Paypal,34.0,67,0.0,85.55,1
18241,Female,East,Pro,Crypto,32.0,42,2.0,39.25,0
18242,Female,East,Basic,,27.0,39,0.0,71.11,1
18243,Male,West,Pro,Paypal,38.0,113,2.0,55.15,1
18244,Female,East,Plus,Credit card,31.0,158,4.0,118.73,1
18245,Male,North,Pro,Paypal,40.0,2,1.0,124.71,1
18246,Female,East,Plus,E-wallet,35.0,120,1.0,155.83,1
18247,Male,East,Basic,E-wallet,30.0,144,2.0,0.0,1
18248,Female,West,Basic,,49.0,79,0.0,51.74,1
18249,Unknown,East,Plus,Paypal,32.0,38,6.0,123.83,1
18250,Female,West,Basic,Paypal,40.0,96,0.0,48.0,1
18251,Unknown,West,Plus,Paypal,27.0,76,1.0,144.12,1
18252,Unknown,East,Basic,Credit card,13.0,75,1.0,0.0,0
18253,Male,South,Plus,Crypto,28.0,146,1.0,140.6,1
18254,Female,North,Basic,Paypal,12.0,21,3.0,118.3,1
18255,Female,North,Basic,Credit card,31.0,7,1.0,99.47,0
18256,Non-Binary,East,Plus,E-wallet,48.0,107,2.0,191.75,0
18257,Male,North,Basic,Paypal,24.0,127,2.0,-10.0,0
18258,Unknown,North,Basic,Paypal,12.0,17,1.0,31.83,1
18259,Female,West,Basic,Paypal,49.0,133,1.0,49.71,1
18260,Female,South,Pro,Credit card,29.0,3,3.0,82.41,0
18261,Male,North,Plus,Paypal,33.0,116,1.0,124.85,1
18262,Male,South,Basic,Paypal,41.0,168,2.0,0.0,1
18263,Female,North,Basic,Crypto,,178,1.0,58.17,1
18264,Male,South,Basic,Credit card,41.0,11,2.0,0.0,1
18265,Non-Binary,South,Pro,Crypto,43.0,111,0.0,,1
18266,Male,North,Basic,Crypto,16.0,36,0.0,64.6,1
18267,Female,West,Basic,Crypto,19.0,1,1.0,100.06,0
18268,Male,South,Basic,Crypto,45.0,2,4.0,69.42,1
18269,Female,South,Pro,E-wallet,26.0,172,1.0,,1
18270,Female,North,Plus,Paypal,27.0,84,3.0,165.36,1
18271,Male,South,Pro,Crypto,21.0,38,1.0,55.79,0
18272,Male,South,Basic,Credit card,29.0,76,3.0,28.93,0
18273,Male,West,Pro,Paypal,30.0,111,7.0,126.86,1
18274,Female,South,Pro,Crypto,24.0,17,1.0,39.55,1
18275,Female,West,Basic,,23.0,12,2.0,21.15,1
18276,Female,South,Basic,Credit card,37.0,13,0.0,0.0,0
18277,Female,South,Basic,E-wallet,25.0,40,4.0,12.68,1
18278,Female,West,Pro,Credit card,27.0,39,2.0,88.66,1
18279,Male,West,Pro,E-wallet,12.0,88,0.0,48.87,1
18280,Male,East,Pro,E-wallet,53.0,100,0.0,9.87,1
18281,Male,South,Basic,E-wallet,43.0,47,2.0,0.88,1
18282,Unknown,West,Basic,Crypto,29.0,9,4.0,0.0,1
18283,Non-Binary,South,Plus,Crypto,25.0,120,1.0,264.9,1
18284,Male,South,Basic,E-wallet,,53,2.0,21.92,0
18285,Female,South,Plus,E-wallet,,162,1.0,200.78,0
18286,Non-Binary,North,Pro,Crypto,21.0,151,1.0,41.84,1
18287,Female,East,Basic,E-wallet,8.0,48,4.0,0.0,0
18288,Male,North,Basic,Crypto,28.0,169,1.0,0.0,1
18289,Male,East,Plus,E-wallet,18.0,83,0.0,169.67,1
18290,Female,South,Basic,Crypto,35.0,49,0.0,0.0,1
18291,Unknown,South,Plus,Credit card,,148,2.0,162.41,0
18292,Female,West,Basic,E-wallet,24.0,155,0.0,28.28,1
18293,Male,East,Pro,E-wallet,28.0,154,1.0,101.85,1
18294,Male,East,Plus,Credit card,51.0,96,2.0,133.08,0
18295,Female,North,Plus,Paypal,41.0,67,4.0,143.29,1
18296,Non-Binary,East,Basic,E-wallet,29.0,98,3.0,113.63,1
18297,Female,South,Pro,Paypal,56.0,83,3.0,35.53,1
18298,Female,West,Basic,Credit card,22.0,133,1.0,32.38,1
18299,Male,North,Basic,E-wallet,,133,1.0,33.19,1
18300,Non-Binary,West,Basic,Paypal,32.0,59,0.0,10.47,0
18301,Female,East,Basic,E-wallet,18.0,80,0.0,0.0,0
18302,Male,East,Basic,E-wallet,,146,3.0,0.0,1
18303,Female,North,Basic,,35.0,112,3.0,9.18,1
18304,Male,East,Plus,Paypal,26.0,16,1.0,141.86,0
18305,Male,West,Pro,Crypto,38.0,176,3.0,44.76,1
18306,Male,South,Basic,Crypto,35.0,130,2.0,,1
18307,Male,North,Plus,Paypal,30.0,109,5.0,168.49,1
18308,Male,East,Basic,Paypal,,33,0.0,0.0,1
18309,Female,West,Basic,Crypto,19.0,61,3.0,24.31,1
18310,Female,South,Pro,E-wallet,55.0,86,2.0,81.49,1
18311,Female,East,Basic,E-wallet,20.0,122,1.0,22.15,1
18312,Male,North,Pro,Credit card,50.0,122,3.0,128.0,1
18313,Male,East,Basic,E-wallet,25.0,126,2.0,74.47,1
18314,Female,East,Basic,Paypal,41.0,81,4.0,49.12,1
18315,Male,East,Basic,Paypal,,161,2.0,63.65,1
18316,Male,South,Plus,,40.0,156,0.0,179.26,0
18317,Non-Binary,South,Pro,Paypal,41.0,59,2.0,101.39,1
18318,Female,East,Pro,Crypto,17.0,171,0.0,,1
18319,Non-Binary,East,Pro,Credit card,27.0,142,0.0,81.46,1
18320,Female,North,Basic,Credit card,20.0,44,2.0,84.71,1
18321,Male,East,Pro,E-wallet,35.0,74,2.0,69.95,0
18322,Female,West,Basic,E-wallet,20.0,102,0.0,23.84,1
18323,Male,West,Basic,Crypto,14.0,8,3.0,73.0,0
18324,Female,North,Pro,Crypto,31.0,34,6.0,82.58,1
18325,Male,South,Basic,E-wallet,11.0,9,0.0,25.97,1
18326,Non-Binary,East,Basic,E-wallet,36.0,103,2.0,29.85,1
18327,Male,North,Plus,Crypto,21.0,165,4.0,,1
18328,Unknown,South,Pro,E-wallet,25.0,126,4.0,96.46,1
18329,Non-Binary,North,Pro,Credit card,11.0,156,2.0,65.43,1
18330,Female,South,Basic,Crypto,50.0,173,2.0,,1
18331,Female,East,Basic,E-wallet,19.0,115,2.0,54.85,1
18332,Female,North,Pro,Paypal,30.0,44,1.0,49.94,0
18333,Non-Binary,East,Pro,Paypal,16.0,76,2.0,144.57,1
18334,Female,North,Pro,Crypto,25.0,117,3.0,20.4,1
18335,Female,South,Plus,Paypal,51.0,52,3.0,74.42,1
18336,Female,North,Plus,Paypal,36.0,83,3.0,144.48,1
18337,Unknown,West,Basic,Credit card,,1,0.0,41.39,0
18338,Female,West,Plus,Crypto,,131,2.0,100.43,1
18339,Female,North,Pro,Paypal,28.0,18,3.0,95.48,1
18340,Female,West,Pro,E-wallet,33.0,98,1.0,85.18,1
18341,Non-Binary,East,Basic,Crypto,41.0,138,2.0,,1
18342,Female,West,Pro,Crypto,30.0,82,1.0,81.18,1
18343,Male,West,Plus,Paypal,36.0,159,1.0,153.64,1
18344,Female,East,Pro,Paypal,36.0,141,3.0,101.45,1
18345,Unknown,East,Pro,Credit card,30.0,176,1.0,97.43,1
18346,Female,South,Basic,E-wallet,26.0,68,1.0,24.35,1
18347,Non-Binary,East,Basic,,28.0,152,1.0,0.0,1
18348,Male,North,Basic,Credit card,40.0,141,2.0,43.19,0
18349,Female,West,Basic,E-wallet,41.0,166,2.0,71.31,1
18350,Female,South,Pro,Paypal,22.0,139,0.0,24.26,1
18351,Non-Binary,East,Basic,Credit card,31.0,123,2.0,0.0,1
18352,Male,West,Pro,Crypto,26.0,176,2.0,55.65,1
18353,Non-Binary,North,Basic,Credit card,41.0,83,0.0,58.23,0
18354,Female,North,Basic,E-wallet,29.0,117,4.0,40.18,1
18355,Male,South,Basic,Credit card,56.0,116,1.0,0.0,1
18356,Male,North,Plus,Credit card,,17,2.0,162.87,0
18357,Male,West,Basic,Crypto,45.0,0,6.0,5.15,0
18358,Female,East,Basic,E-wallet,23.0,106,3.0,12.64,1
18359,Male,North,Plus,Crypto,34.0,3,1.0,130.24,0
18360,Male,East,Plus,Paypal,40.0,11,-1.0,125.69,1
18361,Non-Binary,West,Pro,E-wallet,,153,1.0,22.6,0
18362,Male,West,Basic,Credit card,34.0,159,2.0,51.75,1
18363,Male,East,Basic,Crypto,,100,1.0,119.51,1
18364,Female,West,Plus,Crypto,30.0,78,2.0,154.6,1
18365,Female,South,Plus,E-wallet,25.0,51,1.0,175.1,0
18366,Female,North,Pro,Crypto,52.0,98,1.0,95.98,0
18367,Female,South,Basic,E-wallet,,89,1.0,47.07,1
18368,Female,South,Basic,Paypal,35.0,14,4.0,0.0,1
18369,Female,South,Basic,E-wallet,26.0,135,1.0,18.59,1
18370,Male,East,Pro,E-wallet,24.0,29,0.0,68.37,1
18371,Male,East,Basic,Paypal,41.0,126,2.0,54.89,1
18372,Female,West,Plus,Paypal,31.0,125,3.0,163.9,1
18373,Male,East,Basic,Credit card,38.0,94,2.0,68.05,1
18374,Female,West,Pro,Crypto,11.0,7,4.0,96.0,1
18375,Female,East,Basic,Paypal,39.0,92,2.0,76.66,1
18376,Male,West,Pro,Paypal,26.0,144,0.0,117.15,1
18377,Male,North,Basic,Crypto,15.0,15,3.0,26.97,0
18378,Male,West,Pro,Crypto,52.0,112,2.0,23.95,1
18379,Female,North,Pro,Credit card,40.0,44,2.0,107.81,0
18380,Female,West,Basic,Credit card,36.0,137,2.0,73.25,0
18381,Female,East,Plus,E-wallet,46.0,146,1.0,161.67,1
18382,Male,East,Pro,Credit card,36.0,166,2.0,80.33,1
18383,Female,North,Plus,Paypal,26.0,49,2.0,151.86,0
18384,Non-Binary,South,Plus,Paypal,32.0,59,0.0,153.57,0
18385,Male,South,Plus,Crypto,27.0,67,2.0,158.24,1
18386,Female,West,Basic,Credit card,28.0,126,1.0,69.59,1
18387,Unknown,East,Basic,E-wallet,21.0,159,2.0,14.25,1
18388,Male,South,Plus,E-wallet,24.0,79,2.0,181.08,1
18389,Female,East,Basic,E-wallet,42.0,88,4.0,49.74,1
18390,Male,East,Basic,E-wallet,37.0,85,3.0,37.14,1
18391,Female,East,Pro,Crypto,28.0,151,1.0,134.11,1
18392,Male,West,Basic,Credit card,23.0,27,1.0,0.0,1
18393,Unknown,North,Pro,Credit card,29.0,150,2.0,30.55,1
18394,Female,West,Plus,Credit card,17.0,62,1.0,129.1,1
18395,Female,South,Pro,,35.0,117,0.0,65.28,1
18396,Female,North,Basic,E-wallet,43.0,126,5.0,49.95,1
18397,Female,South,Basic,E-wallet,57.0,72,1.0,17.28,1
18398,Female,North,Basic,Crypto,,65,1.0,7.91,1
18399,Non-Binary,North,Basic,Crypto,43.0,165,0.0,,1
18400,Unknown,West,Basic,E-wallet,,27,3.0,20.22,1
18401,Female,East,Basic,Paypal,22.0,153,3.0,40.95,1
18402,Unknown,East,Pro,Credit card,22.0,59,0.0,77.82,1
18403,Female,North,Pro,Crypto,35.0,127,3.0,155.77,1
18404,Female,West,Plus,E-wallet,24.0,24,3.0,176.54,1
18405,Female,South,Pro,Credit card,27.0,148,1.0,111.34,1
18406,Male,South,Basic,Credit card,,24,1.0,10.89,1
18407,Male,East,Pro,E-wallet,26.0,57,2.0,147.96,1
18408,Male,East,Pro,Paypal,,37,3.0,,1
18409,Female,South,Basic,Paypal,9.0,45,0.0,0.0,0
18410,Male,South,Pro,,34.0,112,4.0,91.6,1
18411,Female,West,Basic,E-wallet,34.0,99,2.0,96.03,1
18412,Unknown,South,Basic,Crypto,26.0,131,1.0,,0
18413,Male,West,Plus,Paypal,,146,2.0,69.34,1
18414,Female,East,Plus,,47.0,23,2.0,150.1,1
18415,Male,South,Pro,Crypto,34.0,54,0.0,78.07,1
18416,Male,East,Pro,,47.0,152,2.0,80.8,1
18417,Female,North,Plus,Credit card,56.0,71,1.0,112.96,1
18418,Female,North,Plus,Credit card,59.0,126,2.0,163.41,1
18419,Female,North,Basic,,22.0,64,3.0,4.04,1
18420,Male,South,Pro,Credit card,22.0,67,1.0,-10.0,1
18421,Female,East,Basic,E-wallet,29.0,139,0.0,16.75,1
18422,Male,South,Basic,Credit card,,152,4.0,0.0,1
18423,Male,East,Basic,Paypal,49.0,148,1.0,74.86,1
18424,Male,West,Pro,E-wallet,40.0,146,3.0,41.96,1
18425,Male,South,Plus,Crypto,21.0,69,1.0,195.53,1
18426,Male,North,Plus,Paypal,27.0,179,1.0,,1
18427,Male,West,Basic,Paypal,33.0,53,0.0,0.0,1
18428,Unknown,East,Pro,Credit card,,162,0.0,14.84,1
18429,Male,South,Basic,,34.0,2,1.0,33.96,1
18430,Male,East,Basic,Paypal,22.0,32,2.0,90.1,1
18431,Male,East,Plus,E-wallet,17.0,6,1.0,92.19,0
18432,Female,South,Basic,E-wallet,24.0,104,1.0,0.0,1
18433,Male,South,Pro,Credit card,,154,2.0,133.27,1
18434,Non-Binary,East,Basic,Paypal,38.0,0,1.0,89.28,0
18435,Unknown,East,Basic,E-wallet,34.0,167,1.0,39.85,1
18436,Male,West,Pro,E-wallet,43.0,145,5.0,61.51,1
18437,Female,North,Basic,Crypto,42.0,162,1.0,47.51,1
18438,Male,East,Basic,Credit card,36.0,80,2.0,28.23,1
18439,Female,North,Basic,Paypal,,38,1.0,57.38,1
18440,Female,West,Pro,E-wallet,35.0,123,1.0,83.05,1
18441,Male,North,Plus,Credit card,32.0,10,1.0,135.26,0
18442,Male,North,Plus,Paypal,12.0,100,3.0,116.6,1
18443,Female,West,Plus,E-wallet,45.0,44,0.0,125.67,1
18444,Female,East,Plus,Paypal,37.0,130,1.0,167.53,1
18445,Male,North,Plus,Paypal,21.0,179,1.0,119.63,1
18446,Female,East,Pro,Credit card,48.0,59,4.0,121.97,1
18447,Female,East,Pro,Credit card,28.0,91,3.0,44.59,1
18448,Non-Binary,South,Basic,Crypto,32.0,57,1.0,20.79,1
18449,Male,East,Plus,Crypto,44.0,110,1.0,55.57,1
18450,Female,East,Basic,Crypto,36.0,33,1.0,28.89,0
18451,Female,North,Basic,E-wallet,47.0,155,1.0,47.24,1
18452,Male,East,Plus,Crypto,,60,0.0,188.85,1
18453,Female,East,Basic,Paypal,50.0,120,1.0,35.74,1
18454,Female,South,Plus,Credit card,26.0,109,1.0,161.76,0
18455,Unknown,South,Pro,Paypal,47.0,164,2.0,84.46,1
18456,Male,North,Basic,Credit card,11.0,143,0.0,,1
18457,Female,North,Pro,Credit card,22.0,124,3.0,95.42,0
18458,Male,South,Plus,Paypal,36.0,172,2.0,229.36,1
18459,Unknown,South,Basic,Paypal,29.0,14,2.0,65.69,0
18460,Male,West,Pro,E-wallet,33.0,3,0.0,99.85,0
18461,Unknown,East,Plus,Credit card,34.0,22,2.0,157.12,0
18462,Unknown,North,Basic,Crypto,22.0,79,4.0,31.4,1
18463,Male,North,Basic,E-wallet,22.0,15,1.0,72.06,1
18464,Non-Binary,East,Basic,Crypto,36.0,87,2.0,65.59,1
18465,Unknown,East,Basic,E-wallet,27.0,52,6.0,68.06,0
18466,Male,North,Basic,Credit card,47.0,9,1.0,99.86,1
18467,Female,South,Pro,Paypal,32.0,161,4.0,110.96,1
18468,Female,South,Basic,Paypal,41.0,145,1.0,98.68,1
18469,Male,East,Plus,Credit card,,52,2.0,269.21,0
18470,Male,North,Basic,Paypal,27.0,15,2.0,0.0,0
18471,Male,East,Basic,Credit card,14.0,127,1.0,31.87,1
18472,Male,South,Pro,Credit card,45.0,179,4.0,53.67,1
18473,Female,West,Plus,Credit card,,114,5.0,157.66,1
18474,Male,West,Pro,E-wallet,29.0,56,1.0,160.77,1
18475,Non-Binary,South,Basic,Paypal,32.0,22,0.0,91.36,1
18476,Female,East,Plus,E-wallet,33.0,39,0.0,173.24,0
18477,Male,West,Basic,Crypto,,141,1.0,46.77,1
18478,Female,South,Basic,Credit card,34.0,79,1.0,5.93,1
18479,Female,North,Basic,Paypal,32.0,17,1.0,,1
18480,Unknown,East,Pro,Crypto,44.0,163,3.0,62.78,1
18481,Male,East,Basic,,40.0,166,3.0,56.38,1
18482,Male,West,Pro,Crypto,26.0,103,0.0,59.86,1
18483,Unknown,East,Pro,E-wallet,22.0,168,1.0,59.22,1
18484,Unknown,West,Plus,E-wallet,25.0,0,3.0,202.04,0
18485,Female,West,Basic,Paypal,33.0,80,0.0,16.86,0
18486,Female,South,Basic,Crypto,21.0,91,0.0,40.34,1
18487,Male,West,Basic,Crypto,,169,2.0,14.98,1
18488,Female,North,Basic,E-wallet,32.0,151,1.0,43.14,1
18489,Male,East,Pro,E-wallet,8.0,116,0.0,86.64,1
18490,Male,West,Pro,Paypal,19.0,64,2.0,94.1,1
18491,Non-Binary,East,Pro,Credit card,5.0,17,1.0,98.02,0
18492,Male,West,Plus,,30.0,89,0.0,217.83,1
18493,Female,South,Plus,E-wallet,44.0,13,0.0,137.04,0
18494,Unknown,North,Basic,Paypal,15.0,18,1.0,135.59,0
18495,Male,East,Plus,Credit card,20.0,81,2.0,143.13,1
18496,Unknown,South,Basic,E-wallet,32.0,108,4.0,3.24,1
18497,Unknown,East,Pro,Credit card,23.0,6,4.0,78.04,0
18498,Female,South,Pro,Paypal,23.0,63,3.0,108.84,1
18499,Male,North,Plus,Credit card,39.0,1,1.0,120.1,0
18500,Male,West,Basic,E-wallet,29.0,6,3.0,74.21,1
18501,Female,South,Pro,E-wallet,,27,1.0,78.69,1
18502,Male,East,Plus,Credit card,13.0,91,0.0,67.14,0
18503,Male,East,Pro,Paypal,,80,3.0,125.04,1
18504,Unknown,South,Pro,,45.0,29,1.0,71.35,1
18505,Male,North,Basic,Paypal,29.0,84,1.0,8.47,1
18506,Female,North,Basic,Paypal,34.0,35,0.0,60.1,1
18507,Male,West,Plus,Crypto,29.0,115,2.0,156.0,0
18508,Female,West,Pro,Crypto,39.0,21,3.0,52.77,0
18509,Unknown,East,Pro,Credit card,25.0,78,3.0,62.87,1
18510,Male,East,Basic,Crypto,28.0,77,4.0,0.0,0
18511,Male,West,Basic,Crypto,38.0,154,2.0,36.31,1
18512,Female,West,Basic,Crypto,48.0,125,2.0,61.07,1
18513,Female,West,Basic,Credit card,,9,1.0,103.21,0
18514,Female,South,Basic,Crypto,46.0,21,2.0,0.0,1
18515,Male,West,Basic,Paypal,30.0,150,1.0,40.26,1
18516,Male,South,Pro,Paypal,27.0,51,2.0,69.41,1
18517,Unknown,South,Pro,Credit card,14.0,169,3.0,103.07,1
18518,Unknown,West,Basic,Credit card,34.0,168,3.0,32.55,1
18519,Female,North,Pro,Credit card,37.0,47,3.0,36.21,1
18520,Non-Binary,North,Plus,E-wallet,30.0,68,2.0,143.52,0
18521,Female,East,Basic,Crypto,26.0,178,3.0,42.01,1
18522,Female,West,Plus,Credit card,46.0,0,1.0,149.23,1
18523,Male,East,Plus,Credit card,40.0,96,4.0,87.15,1
18524,Female,West,Basic,Credit card,47.0,70,1.0,16.28,1
18525,Female,East,Basic,Paypal,,151,2.0,57.44,1
18526,Male,South,Basic,Credit card,26.0,142,3.0,63.38,1
18527,Female,West,Pro,Paypal,,171,1.0,123.3,1
18528,Female,North,Basic,Paypal,33.0,80,5.0,26.19,1
18529,Female,West,Basic,E-wallet,28.0,48,2.0,7.11,1
18530,Female,East,Pro,,,176,2.0,100.24,1
18531,Unknown,East,Basic,E-wallet,33.0,94,0.0,23.7,1
18532,Male,East,Plus,Credit card,44.0,117,0.0,105.49,1
18533,Female,East,Basic,Crypto,32.0,97,0.0,,1
18534,Female,East,Plus,Credit card,41.0,73,3.0,184.31,0
18535,Female,East,Basic,Credit card,38.0,36,0.0,20.08,0
18536,Male,North,Basic,Credit card,25.0,73,1.0,0.0,1
18537,Male,East,Basic,Credit card,25.0,169,4.0,0.0,1
18538,Non-Binary,North,Plus,Credit card,29.0,127,1.0,175.92,1
18539,Female,West,Basic,Credit card,20.0,9,2.0,0.0,1
18540,Non-Binary,South,Pro,E-wallet,28.0,101,3.0,82.08,1
18541,Female,North,Plus,Crypto,,52,1.0,178.62,0
18542,Female,West,Pro,E-wallet,33.0,169,1.0,123.38,1
18543,Non-Binary,South,Basic,Crypto,26.0,135,0.0,31.21,1
18544,Female,North,Plus,E-wallet,53.0,74,1.0,84.09,1
18545,Male,North,Plus,E-wallet,24.0,83,1.0,181.76,1
18546,Female,West,Basic,Credit card,24.0,151,0.0,45.22,1
18547,Non-Binary,East,Pro,E-wallet,,50,3.0,143.18,1
18548,Male,North,Plus,Crypto,40.0,70,1.0,220.72,0
18549,Male,North,Plus,Paypal,32.0,148,4.0,162.05,1
18550,Male,West,Basic,Crypto,42.0,107,2.0,0.0,1
18551,Unknown,East,Plus,E-wallet,37.0,5,2.0,182.55,0
18552,Male,South,Basic,Paypal,22.0,30,2.0,68.97,1
18553,Female,East,Basic,Credit card,10.0,139,2.0,33.4,1
18554,Female,East,Basic,Paypal,28.0,100,2.0,22.3,1
18555,Female,West,Basic,Credit card,44.0,140,4.0,96.19,1
18556,Female,East,Pro,,29.0,48,0.0,49.97,0
18557,Male,West,Pro,Paypal,38.0,30,1.0,66.31,0
18558,Female,South,Basic,Paypal,35.0,8,0.0,47.87,0
18559,Female,North,Basic,Paypal,17.0,154,0.0,19.79,1
18560,Non-Binary,North,Basic,Credit card,29.0,115,2.0,42.39,1
18561,Male,West,Plus,Credit card,37.0,114,2.0,199.53,1
18562,Non-Binary,West,Plus,Crypto,26.0,50,3.0,113.41,1
18563,Female,East,Basic,,,71,3.0,8.68,1
18564,Non-Binary,East,Plus,E-wallet,37.0,154,3.0,225.32,0
18565,Female,North,Basic,Credit card,34.0,127,2.0,39.8,1
18566,Female,North,Pro,Crypto,44.0,167,2.0,81.78,1
18567,Unknown,North,Plus,Paypal,37.0,61,1.0,141.4,1
18568,Non-Binary,West,Basic,Paypal,24.0,57,2.0,61.74,0
18569,Female,South,Pro,Paypal,29.0,142,0.0,50.97,1
18570,Male,South,Basic,Crypto,34.0,166,1.0,67.23,1
18571,Male,West,Basic,Paypal,,69,1.0,10.42,1
18572,Male,East,Pro,Paypal,29.0,7,5.0,50.36,1
18573,Male,South,Plus,Credit card,16.0,162,4.0,112.35,1
18574,Male,East,Basic,Credit card,38.0,62,2.0,26.98,0
18575,Non-Binary,North,Plus,Crypto,26.0,30,1.0,,1
18576,Male,North,Plus,Credit card,21.0,169,0.0,122.92,1
18577,Female,East,Basic,E-wallet,34.0,87,0.0,1.96,0
18578,Male,North,Basic,Crypto,43.0,114,2.0,0.0,1
18579,Male,West,Pro,E-wallet,28.0,40,4.0,69.59,1
18580,Male,East,Pro,E-wallet,38.0,0,4.0,183.85,0
18581,Male,East,Basic,Crypto,40.0,73,3.0,0.0,1
18582,Female,East,Plus,Credit card,41.0,32,2.0,173.52,0
18583,Non-Binary,South,Pro,Credit card,26.0,107,1.0,100.72,1
18584,Male,East,Basic,Crypto,22.0,36,3.0,13.02,1
18585,Female,East,Pro,E-wallet,24.0,123,2.0,90.64,1
18586,Female,East,Basic,Crypto,41.0,56,3.0,0.48,1
18587,Non-Binary,South,Basic,Crypto,40.0,10,3.0,2.22,1
18588,Female,North,Plus,Paypal,24.0,83,1.0,183.79,0
18589,Female,South,Plus,Paypal,55.0,46,1.0,61.71,1
18590,Female,West,Basic,E-wallet,23.0,88,0.0,11.64,1
18591,Non-Binary,East,Pro,Credit card,43.0,122,4.0,98.08,1
18592,Male,West,Pro,Paypal,,131,3.0,75.08,1
18593,Female,South,Basic,Paypal,,82,3.0,76.1,1
18594,Unknown,North,Basic,E-wallet,26.0,76,2.0,34.18,0
18595,Female,North,Pro,,26.0,139,0.0,92.9,0
18596,Female,East,Pro,,31.0,127,3.0,99.25,1
18597,Female,North,Basic,Credit card,44.0,65,2.0,0.0,0
18598,Male,South,Basic,E-wallet,22.0,164,3.0,49.49,1
18599,Female,South,Basic,,,150,3.0,98.99,1
18600,Female,North,Basic,E-wallet,37.0,54,-1.0,0.0,0
18601,Female,East,Pro,Paypal,,146,0.0,46.07,1
18602,Female,East,Basic,Paypal,53.0,66,2.0,45.53,1
18603,Non-Binary,South,Basic,E-wallet,20.0,150,5.0,19.33,1
18604,Male,North,Plus,Credit card,32.0,3,0.0,156.27,0
18605,Female,South,Basic,Credit card,45.0,17,2.0,38.25,0
18606,Female,South,Basic,Crypto,35.0,11,1.0,0.0,1
18607,Female,West,Plus,Paypal,32.0,34,3.0,128.91,0
18608,Male,South,Pro,Crypto,41.0,154,2.0,96.12,1
18609,Female,East,Pro,E-wallet,28.0,42,-1.0,62.12,1
18610,Non-Binary,North,Basic,Crypto,42.0,77,3.0,0.0,1
18611,Female,North,Basic,E-wallet,21.0,94,1.0,9.47,1
18612,Unknown,West,Pro,,18.0,66,2.0,,1
18613,Unknown,West,Pro,E-wallet,31.0,63,1.0,151.57,0
18614,Male,East,Basic,,8.0,92,2.0,15.63,1
18615,Male,West,Basic,Crypto,34.0,102,2.0,35.72,1
18616,Unknown,South,Plus,Paypal,16.0,51,0.0,114.97,0
18617,Unknown,South,Basic,Crypto,,16,0.0,0.0,1
18618,Male,East,Basic,Credit card,35.0,32,0.0,0.0,1
18619,Male,North,Basic,Credit card,33.0,71,3.0,23.69,1
18620,Male,East,Plus,Credit card,38.0,179,2.0,186.22,1
18621,Unknown,West,Plus,Paypal,36.0,162,2.0,,1
18622,Male,North,Pro,,31.0,147,4.0,81.58,1
18623,Female,North,Basic,,52.0,80,1.0,45.74,1
18624,Non-Binary,North,Basic,E-wallet,37.0,44,0.0,0.0,0
18625,Male,West,Basic,Paypal,41.0,76,1.0,61.71,0
18626,Female,South,Pro,Credit card,44.0,67,1.0,50.85,1
18627,Male,South,Pro,Paypal,,49,4.0,110.36,0
18628,Non-Binary,West,Plus,E-wallet,,157,0.0,183.83,1
18629,Male,West,Basic,Credit card,35.0,1,2.0,77.9,0
18630,Female,East,Pro,,33.0,120,4.0,95.46,1
18631,Female,East,Pro,E-wallet,27.0,33,3.0,101.4,0
18632,Male,South,Basic,E-wallet,31.0,179,1.0,80.46,0
18633,Male,West,Basic,Paypal,26.0,15,2.0,,1
18634,Female,East,Pro,E-wallet,40.0,123,3.0,92.85,1
18635,Male,West,Plus,Crypto,24.0,170,1.0,159.67,1
18636,Non-Binary,West,Basic,,34.0,63,1.0,86.99,0
18637,Non-Binary,South,Plus,Credit card,39.0,154,3.0,,1
18638,Female,South,Pro,Crypto,35.0,64,1.0,122.97,0
18639,Female,West,Basic,Crypto,25.0,12,3.0,30.32,1
18640,Female,North,Basic,,40.0,39,1.0,3.78,1
18641,Non-Binary,North,Basic,Credit card,33.0,159,1.0,77.01,1
18642,Female,West,Basic,Paypal,5.0,66,4.0,17.57,1
18643,Male,South,Basic,,24.0,13,1.0,0.0,1
18644,Male,North,Basic,Crypto,48.0,119,1.0,0.0,1
18645,Female,South,Plus,Crypto,48.0,119,4.0,198.94,0
18646,Female,North,Pro,E-wallet,39.0,57,1.0,97.96,0
18647,Female,West,Pro,E-wallet,41.0,91,3.0,49.05,1
18648,Male,East,Basic,Credit card,26.0,45,1.0,36.96,0
18649,Female,East,Basic,Crypto,31.0,89,2.0,32.53,1
18650,Male,South,Basic,E-wallet,46.0,125,3.0,60.77,1
18651,Male,South,Plus,Paypal,38.0,109,0.0,208.84,1
18652,Female,North,Basic,Crypto,34.0,114,4.0,0.0,1
18653,Male,West,Basic,Credit card,32.0,120,1.0,0.0,1
18654,Female,North,Pro,Credit card,45.0,32,3.0,128.84,1
18655,Male,West,Pro,Paypal,45.0,45,2.0,88.1,1
18656,Female,West,Plus,E-wallet,40.0,81,1.0,179.75,0
18657,Female,South,Basic,Paypal,34.0,124,1.0,16.55,1
18658,Male,East,Basic,E-wallet,30.0,53,0.0,16.85,0
18659,Male,East,Pro,Crypto,40.0,65,1.0,39.47,1
18660,Non-Binary,South,Pro,Credit card,22.0,131,5.0,124.96,1
18661,Female,East,Basic,E-wallet,25.0,53,2.0,33.89,1
18662,Female,South,Basic,Paypal,19.0,113,4.0,60.81,1
18663,Male,North,Pro,Crypto,46.0,3,4.0,106.5,1
18664,Female,West,Plus,E-wallet,26.0,144,1.0,142.78,1
18665,Female,East,Pro,Crypto,38.0,79,1.0,-10.0,1
18666,Female,East,Plus,Crypto,32.0,72,2.0,,1
18667,Female,North,Pro,Paypal,62.0,175,1.0,106.61,1
18668,Male,North,Basic,Paypal,38.0,176,0.0,0.0,1
18669,Male,East,Basic,Crypto,15.0,150,5.0,0.0,1
18670,Non-Binary,East,Pro,Crypto,45.0,26,2.0,18.83,1
18671,Unknown,South,Basic,E-wallet,30.0,24,1.0,105.9,0
18672,Male,South,Pro,Paypal,31.0,92,0.0,64.5,1
18673,Female,East,Pro,E-wallet,27.0,151,3.0,42.69,1
18674,Male,South,Plus,Credit card,35.0,79,2.0,220.0,1
18675,Male,North,Pro,E-wallet,35.0,91,4.0,104.08,1
18676,Male,West,Basic,Crypto,27.0,19,1.0,0.0,1
18677,Male,South,Basic,Credit card,28.0,52,1.0,0.0,1
18678,Female,West,Basic,E-wallet,35.0,82,1.0,33.63,1
18679,Female,South,Plus,Credit card,,73,4.0,136.76,0
18680,Male,East,Basic,Paypal,19.0,153,3.0,56.01,1
18681,Male,South,Plus,E-wallet,50.0,129,4.0,207.72,1
18682,Non-Binary,West,Plus,E-wallet,,2,2.0,194.45,1
18683,Male,West,Pro,Paypal,28.0,102,4.0,66.32,1
18684,Female,East,Basic,,,65,1.0,-10.0,1
18685,Male,West,Basic,Credit card,33.0,152,2.0,70.01,1
18686,Female,East,Basic,Paypal,43.0,108,0.0,,1
18687,Male,East,Basic,Credit card,60.0,14,2.0,22.94,1
18688,Male,West,Basic,E-wallet,52.0,134,0.0,111.98,1
18689,Male,North,Basic,E-wallet,25.0,127,2.0,0.0,1
18690,Male,West,Pro,E-wallet,29.0,81,3.0,113.07,1
18691,Female,West,Basic,E-wallet,19.0,70,0.0,31.94,0
18692,Female,South,Basic,Credit card,25.0,40,0.0,24.65,1
18693,Male,West,Pro,E-wallet,31.0,125,2.0,83.62,1
18694,Male,South,Plus,Paypal,30.0,171,3.0,88.05,1
18695,Female,South,Pro,Paypal,54.0,122,2.0,110.29,1
18696,Female,West,Basic,Crypto,20.0,32,1.0,0.0,0
18697,Unknown,East,Pro,Paypal,33.0,150,1.0,87.76,1
18698,Female,North,Pro,Crypto,13.0,63,3.0,61.54,1
18699,Female,West,Plus,Paypal,37.0,133,1.0,146.76,1
18700,Female,West,Basic,Paypal,20.0,62,2.0,3.21,1
18701,Unknown,East,Plus,E-wallet,45.0,125,1.0,148.46,0
18702,Non-Binary,South,Basic,Paypal,31.0,170,0.0,0.0,1
18703,Male,East,Plus,E-wallet,,152,1.0,244.77,1
18704,Male,East,Basic,E-wallet,12.0,7,3.0,20.06,1
18705,Male,South,Plus,Paypal,24.0,164,2.0,228.75,1
18706,Female,West,Plus,Credit card,36.0,92,3.0,144.61,1
18707,Female,East,Basic,E-wallet,38.0,27,2.0,20.49,0
18708,Female,East,Plus,Paypal,29.0,52,0.0,120.68,0
18709,Male,West,Basic,Credit card,43.0,119,2.0,64.41,1
18710,Female,West,Basic,Paypal,22.0,123,4.0,0.0,1
18711,Non-Binary,North,Basic,Paypal,4.0,54,1.0,0.0,0
18712,Male,East,Plus,Credit card,36.0,163,2.0,161.62,1
18713,Female,North,Basic,Paypal,46.0,142,0.0,30.05,1
18714,Female,South,Pro,E-wallet,46.0,53,2.0,55.69,1
18715,Non-Binary,West,Pro,Crypto,,60,2.0,100.42,1
18716,Non-Binary,West,Plus,Crypto,28.0,96,3.0,,0
18717,Female,North,Pro,Paypal,41.0,53,2.0,59.77,1
18718,Female,East,Basic,Crypto,27.0,28,2.0,0.0,0
18719,Non-Binary,South,Basic,Crypto,35.0,80,1.0,21.71,1
18720,Female,East,Basic,Crypto,26.0,108,3.0,85.28,1
18721,Male,East,Pro,E-wallet,23.0,26,1.0,2.99,1
18722,Female,North,Basic,E-wallet,,114,0.0,46.18,1
18723,Male,East,Basic,Crypto,43.0,139,1.0,12.51,0
18724,Male,North,Plus,Credit card,34.0,125,0.0,133.09,0
18725,Non-Binary,West,Basic,Credit card,46.0,22,2.0,61.71,1
18726,Female,West,Pro,Credit card,,49,3.0,3.81,0
18727,Female,West,Basic,E-wallet,50.0,74,2.0,,1
18728,Male,South,Basic,E-wallet,42.0,87,1.0,0.0,1
18729,Male,South,Basic,E-wallet,41.0,154,4.0,0.0,1
18730,Male,East,Basic,E-wallet,32.0,58,4.0,45.53,1
18731,Male,North,Plus,Crypto,64.0,8,2.0,157.95,0
18732,Female,East,Basic,E-wallet,35.0,32,2.0,48.01,1
18733,Male,West,Basic,Crypto,14.0,69,1.0,53.49,0
18734,Female,East,Pro,Credit card,36.0,178,2.0,125.06,1
18735,Male,East,Pro,Crypto,,167,0.0,98.95,1
18736,Unknown,East,Pro,Credit card,44.0,5,2.0,66.95,1
18737,Male,West,Plus,E-wallet,41.0,131,6.0,178.03,1
18738,Male,North,Pro,Credit card,32.0,2,2.0,73.38,0
18739,Male,East,Basic,Credit card,25.0,140,1.0,68.63,1
18740,Female,West,Plus,,35.0,25,4.0,199.46,1
18741,Female,South,Pro,Credit card,27.0,33,0.0,50.14,1
18742,Female,North,Basic,Paypal,41.0,46,1.0,0.0,1
18743,Female,West,Basic,Credit card,39.0,135,1.0,0.0,0
18744,Male,East,Basic,E-wallet,63.0,75,1.0,84.29,0
18745,Female,West,Basic,Credit card,29.0,135,2.0,115.94,1
18746,Female,North,Basic,Paypal,30.0,146,0.0,0.0,1
18747,Male,East,Basic,Crypto,32.0,31,4.0,70.69,1
18748,Male,South,Plus,Credit card,32.0,20,2.0,128.83,1
18749,Male,South,Plus,Paypal,44.0,150,2.0,137.68,1
18750,Male,South,Pro,E-wallet,,90,1.0,134.72,1
18751,Female,West,Plus,E-wallet,53.0,88,1.0,174.96,1
18752,Male,North,Basic,Crypto,39.0,70,2.0,71.83,0
18753,Male,South,Plus,E-wallet,29.0,41,3.0,144.0,0
18754,Male,East,Pro,Paypal,26.0,34,0.0,129.7,0
18755,Unknown,East,Basic,Credit card,44.0,129,0.0,19.27,1
18756,Non-Binary,East,Basic,Paypal,34.0,105,5.0,31.31,1
18757,Male,West,Basic,,34.0,75,0.0,52.6,1
18758,Male,North,Basic,Credit card,28.0,51,0.0,15.34,0
18759,Male,North,Basic,Paypal,33.0,16,2.0,110.88,1
18760,Female,South,Basic,Crypto,,85,0.0,0.0,1
18761,Male,North,Basic,Crypto,47.0,8,3.0,59.17,0
18762,Female,East,Basic,Credit card,41.0,179,0.0,11.79,1
18763,Female,East,Plus,Credit card,32.0,2,3.0,192.88,0
18764,Non-Binary,West,Basic,E-wallet,32.0,21,3.0,37.54,1
18765,Male,East,Basic,,,35,2.0,62.62,1
18766,Non-Binary,North,Pro,,33.0,166,3.0,48.21,1
18767,Female,East,Plus,E-wallet,24.0,17,1.0,162.34,0
18768,Male,South,Basic,,14.0,80,2.0,18.51,1
18769,Male,West,Plus,E-wallet,26.0,26,1.0,131.66,0
18770,Male,West,Basic,Paypal,32.0,117,1.0,15.07,1
18771,Male,North,Basic,Crypto,26.0,95,3.0,17.78,1
18772,Male,East,Basic,Credit card,42.0,140,3.0,33.29,1
18773,Female,East,Pro,Credit card,,16,1.0,69.36,1
18774,Female,North,Basic,Credit card,52.0,60,1.0,0.0,1
18775,Unknown,North,Pro,,28.0,145,2.0,119.97,1
18776,Male,South,Basic,Crypto,35.0,16,2.0,25.45,1
18777,Unknown,North,Pro,E-wallet,31.0,47,2.0,69.14,1
18778,Male,East,Basic,E-wallet,38.0,15,3.0,24.17,1
18779,Female,South,Basic,Crypto,44.0,152,2.0,33.52,1
18780,Male,West,Pro,E-wallet,40.0,26,4.0,22.87,1
18781,Male,East,Pro,Credit card,13.0,13,3.0,0.0,0
18782,Non-Binary,West,Basic,Crypto,38.0,91,1.0,95.72,1
18783,Male,West,Plus,Paypal,23.0,110,1.0,154.49,0
18784,Female,West,Pro,Crypto,30.0,115,1.0,89.88,1
18785,Female,East,Basic,Credit card,,116,1.0,66.08,1
18786,Female,West,Plus,Crypto,22.0,49,1.0,123.46,1
18787,Female,East,Pro,Paypal,,28,3.0,41.42,1
18788,Female,West,Basic,Paypal,30.0,27,2.0,44.56,1
18789,Male,North,Basic,Crypto,55.0,148,1.0,43.66,1
18790,Female,North,Pro,Crypto,,151,2.0,74.6,1
18791,Non-Binary,East,Basic,,51.0,45,4.0,34.17,1
18792,Male,West,Basic,E-wallet,45.0,59,3.0,53.08,1
18793,Male,West,Basic,Credit card,,98,2.0,0.0,1
18794,Female,West,Pro,E-wallet,20.0,147,0.0,67.72,1
18795,Female,North,Basic,Credit card,35.0,51,4.0,25.89,1
18796,Female,West,Plus,Credit card,28.0,149,1.0,65.71,1
18797,Male,West,Basic,Crypto,49.0,67,1.0,13.97,1
18798,Female,East,Basic,E-wallet,31.0,143,5.0,,1
18799,Male,West,Pro,Paypal,,148,1.0,18.35,1
18800,Female,North,Pro,Paypal,20.0,171,1.0,171.82,1
18801,Female,West,Basic,Crypto,38.0,61,2.0,26.63,1
18802,Male,North,Basic,Paypal,22.0,148,2.0,111.42,1
18803,Female,North,Basic,Paypal,38.0,103,0.0,0.0,1
18804,Unknown,South,Pro,,39.0,138,2.0,40.4,1
18805,Female,North,Basic,Paypal,26.0,119,1.0,0.0,0
18806,Non-Binary,South,Pro,Crypto,,36,0.0,107.98,0
18807,Female,South,Pro,Credit card,31.0,171,1.0,105.66,1
18808,Female,West,Basic,E-wallet,19.0,123,3.0,52.36,1
18809,Male,South,Basic,Paypal,49.0,21,0.0,0.0,1
18810,Male,East,Basic,Crypto,24.0,170,0.0,92.68,1
18811,Male,North,Basic,Paypal,39.0,20,0.0,95.61,1
18812,Female,East,Pro,E-wallet,38.0,160,2.0,140.01,1
18813,Non-Binary,South,Pro,Paypal,37.0,144,4.0,,1
18814,Male,West,Pro,Credit card,37.0,35,3.0,146.39,0
18815,Female,North,Basic,Crypto,24.0,141,3.0,63.0,1
18816,Female,East,Plus,E-wallet,50.0,164,1.0,153.39,1
18817,Female,West,Basic,Credit card,43.0,158,3.0,0.0,1
18818,Male,South,Basic,Paypal,38.0,131,4.0,25.52,1
18819,Female,West,Pro,Paypal,20.0,133,3.0,133.88,1
18820,Male,East,Plus,Paypal,24.0,177,0.0,185.52,1
18821,Male,West,Basic,E-wallet,40.0,84,2.0,4.59,1
18822,Unknown,East,Pro,Crypto,13.0,37,0.0,86.76,1
18823,Male,West,Plus,E-wallet,37.0,78,0.0,111.77,0
18824,Male,North,Pro,Credit card,20.0,132,1.0,86.48,1
18825,Non-Binary,West,Basic,Crypto,25.0,165,0.0,0.0,1
18826,Male,North,Plus,E-wallet,19.0,23,2.0,137.43,0
18827,Female,East,Pro,Paypal,36.0,17,4.0,141.2,1
18828,Male,North,Pro,Credit card,45.0,92,4.0,161.36,1
18829,Male,West,Pro,Paypal,,159,2.0,69.98,1
18830,Male,North,Plus,E-wallet,38.0,70,5.0,184.36,1
18831,Male,East,Basic,,35.0,101,1.0,167.83,0
18832,Female,West,Basic,Crypto,40.0,89,2.0,117.39,1
18833,Female,North,Basic,Crypto,,71,1.0,14.38,1
18834,Female,North,Basic,E-wallet,6.0,88,2.0,0.0,1
18835,Unknown,South,Basic,E-wallet,43.0,157,3.0,30.35,1
18836,Male,North,Pro,Crypto,42.0,87,3.0,175.84,1
18837,Female,South,Basic,Crypto,30.0,157,3.0,0.0,1
18838,Female,East,Pro,E-wallet,14.0,132,0.0,3.3,1
18839,Unknown,South,Plus,Crypto,36.0,3,2.0,185.97,1
18840,Male,East,Basic,Credit card,37.0,178,1.0,38.83,1
18841,Female,North,Plus,E-wallet,29.0,136,3.0,169.07,1
18842,Non-Binary,North,Basic,Credit card,35.0,54,2.0,29.06,1
18843,Male,South,Plus,Paypal,44.0,32,3.0,154.56,1
18844,Non-Binary,East,Plus,Credit card,,114,2.0,111.24,1
18845,Male,North,Basic,E-wallet,35.0,92,0.0,47.99,1
18846,Female,South,Basic,Paypal,37.0,30,1.0,31.53,1
18847,Unknown,South,Basic,Crypto,25.0,107,2.0,116.19,1
18848,Female,South,Plus,,,82,0.0,149.31,1
18849,Female,North,Plus,Credit card,32.0,65,2.0,165.53,1
18850,Male,East,Basic,,45.0,147,1.0,0.0,0
18851,Unknown,North,Pro,Crypto,42.0,113,1.0,37.8,0
18852,Female,West,Basic,E-wallet,53.0,84,4.0,57.33,1
18853,Male,West,Basic,Crypto,19.0,35,1.0,114.71,1
18854,Female,North,Plus,E-wallet,20.0,83,2.0,171.73,1
18855,Female,East,Basic,Crypto,45.0,107,2.0,19.11,1
18856,Male,South,Plus,Paypal,48.0,19,2.0,89.45,0
18857,Male,West,Plus,E-wallet,34.0,172,0.0,166.52,1
18858,Male,West,Plus,Paypal,-10.0,99,1.0,,1
18859,Female,North,Basic,E-wallet,26.0,45,0.0,3.74,0
18860,Female,West,Basic,E-wallet,37.0,116,4.0,3.84,1
18861,Female,West,Basic,E-wallet,25.0,17,1.0,0.0,1
18862,Non-Binary,South,Pro,Credit card,35.0,96,3.0,124.36,1
18863,Non-Binary,South,Pro,E-wallet,52.0,145,0.0,86.47,1
18864,Female,East,Basic,Crypto,48.0,33,2.0,15.56,1
18865,Male,West,Pro,Credit card,42.0,78,1.0,112.9,0
18866,Female,East,Basic,Crypto,33.0,130,0.0,2.08,1
18867,Female,East,Basic,Crypto,29.0,71,1.0,0.0,0
18868,Female,South,Basic,Crypto,41.0,138,1.0,40.44,1
18869,Female,South,Basic,Crypto,34.0,173,3.0,21.34,1
18870,Male,North,Basic,,34.0,169,3.0,32.73,1
18871,Unknown,South,Basic,Paypal,18.0,16,1.0,89.06,1
18872,Male,East,Plus,Credit card,26.0,46,1.0,184.22,0
18873,Female,West,Pro,Crypto,41.0,29,0.0,37.6,0
18874,Male,East,Basic,,22.0,170,3.0,27.28,1
18875,Unknown,East,Pro,Paypal,36.0,135,3.0,68.74,1
18876,Male,East,Pro,Crypto,38.0,39,0.0,71.09,0
18877,Male,South,Basic,E-wallet,38.0,147,4.0,0.0,1
18878,Male,East,Pro,Crypto,39.0,75,3.0,70.68,1
18879,Male,North,Pro,Paypal,40.0,84,3.0,54.7,1
18880,Male,West,Pro,Crypto,27.0,155,0.0,68.28,1
18881,Female,South,Pro,Paypal,19.0,27,2.0,85.63,0
18882,Female,East,Pro,Crypto,25.0,58,0.0,71.64,1
18883,Male,North,Basic,Paypal,41.0,79,4.0,0.0,1
18884,Male,West,Plus,Crypto,21.0,73,1.0,138.74,1
18885,Non-Binary,East,Basic,E-wallet,23.0,6,3.0,5.48,0
18886,Female,West,Plus,E-wallet,23.0,67,2.0,186.02,0
18887,Female,South,Basic,Paypal,15.0,23,1.0,42.89,1
18888,Female,South,Basic,E-wallet,22.0,97,2.0,57.65,1
18889,Male,North,Pro,E-wallet,44.0,40,0.0,95.27,0
18890,Male,South,Basic,Credit card,26.0,53,2.0,33.64,1
18891,Male,North,Plus,Crypto,,13,2.0,158.46,1
18892,Non-Binary,East,Basic,Crypto,28.0,171,1.0,74.71,1
18893,Unknown,West,Pro,E-wallet,39.0,48,1.0,142.51,1
18894,Female,South,Basic,E-wallet,15.0,62,1.0,46.08,0
18895,Male,West,Basic,Paypal,43.0,44,1.0,52.99,0
18896,Male,West,Basic,Crypto,19.0,71,4.0,0.0,1
18897,Male,East,Pro,Credit card,30.0,105,2.0,73.41,1
18898,Female,East,Pro,Credit card,29.0,6,0.0,78.88,1
18899,Male,South,Pro,E-wallet,,2,2.0,64.26,1
18900,Unknown,East,Plus,Paypal,33.0,87,2.0,230.82,1
18901,Male,West,Pro,Paypal,41.0,174,1.0,94.08,1
18902,Unknown,North,Plus,Crypto,33.0,29,1.0,152.86,0
18903,Female,North,Basic,E-wallet,27.0,4,5.0,0.0,1
18904,Female,North,Basic,E-wallet,38.0,103,2.0,57.86,1
18905,Female,South,Basic,Paypal,36.0,112,2.0,50.29,1
18906,Female,East,Basic,Credit card,27.0,6,3.0,1.82,1
18907,Female,East,Pro,Credit card,34.0,166,3.0,64.38,1
18908,Female,East,Pro,Crypto,26.0,129,2.0,61.43,1
18909,Female,East,Pro,E-wallet,25.0,170,2.0,95.39,1
18910,Unknown,West,Pro,E-wallet,42.0,139,3.0,68.57,1
18911,Female,North,Plus,Credit card,38.0,27,1.0,116.32,1
18912,Female,West,Plus,E-wallet,,107,2.0,235.67,0
18913,Non-Binary,South,Basic,E-wallet,40.0,146,2.0,38.65,1
18914,Male,North,Basic,Paypal,25.0,27,0.0,0.0,1
18915,Male,North,Basic,Crypto,44.0,98,0.0,0.0,1
18916,Female,West,Basic,Crypto,31.0,75,1.0,59.39,0
18917,Female,South,Pro,Crypto,43.0,91,1.0,42.8,0
18918,Non-Binary,South,Pro,Paypal,32.0,146,3.0,58.3,1
18919,Female,North,Basic,,37.0,63,0.0,0.0,1
18920,Female,East,Pro,Crypto,37.0,90,2.0,56.32,1
18921,Female,South,Pro,Credit card,42.0,116,1.0,114.12,1
18922,Male,West,Basic,Credit card,17.0,136,5.0,29.09,1
18923,Female,South,Basic,Crypto,,168,3.0,,1
18924,Non-Binary,North,Plus,Paypal,40.0,49,1.0,95.21,0
18925,Male,East,Pro,Paypal,37.0,9,3.0,37.09,1
18926,Female,South,Basic,Paypal,26.0,81,3.0,9.73,1
18927,Female,North,Basic,E-wallet,37.0,9,1.0,30.72,1
18928,Male,South,Basic,E-wallet,19.0,134,0.0,48.61,1
18929,Male,East,Basic,Paypal,66.0,103,1.0,0.0,1
18930,Unknown,West,Plus,Credit card,47.0,159,4.0,175.44,1
18931,Male,North,Basic,,40.0,53,3.0,41.08,1
18932,Male,North,Basic,Paypal,34.0,69,2.0,39.09,1
18933,Male,East,Basic,E-wallet,27.0,33,2.0,,1
18934,Female,North,Pro,E-wallet,20.0,42,1.0,89.1,1
18935,Female,East,Basic,E-wallet,32.0,125,2.0,15.35,1
18936,Female,North,Basic,E-wallet,,132,1.0,21.31,1
18937,Male,East,Pro,Paypal,25.0,146,1.0,155.01,1
18938,Non-Binary,South,Basic,E-wallet,19.0,112,0.0,,1
18939,Male,South,Basic,Crypto,36.0,113,1.0,108.95,0
18940,Male,South,Basic,Paypal,30.0,53,3.0,0.0,1
18941,Female,North,Pro,Paypal,39.0,141,1.0,72.35,1
18942,Male,East,Plus,Paypal,38.0,137,0.0,181.53,1
18943,Non-Binary,East,Basic,E-wallet,36.0,48,0.0,0.0,1
18944,Unknown,West,Basic,Paypal,60.0,10,2.0,41.01,0
18945,Male,South,Basic,Credit card,42.0,158,2.0,0.13,1
18946,Non-Binary,West,Pro,Crypto,21.0,137,5.0,94.37,1
18947,Female,South,Pro,Credit card,38.0,20,2.0,78.44,1
18948,Unknown,West,Pro,Crypto,33.0,128,1.0,78.15,1
18949,Male,South,Pro,Crypto,20.0,45,2.0,144.52,0
18950,Female,East,Plus,E-wallet,19.0,106,0.0,200.44,0
18951,Male,South,Plus,Crypto,38.0,73,1.0,135.88,1
18952,Non-Binary,North,Pro,Crypto,40.0,19,0.0,110.56,1
18953,Male,South,Basic,Credit card,23.0,20,0.0,36.62,1
18954,Female,South,Basic,Crypto,43.0,164,0.0,0.0,1
18955,Male,East,Pro,Paypal,36.0,141,1.0,70.67,0
18956,Male,North,Pro,Paypal,45.0,56,2.0,120.46,1
18957,Female,East,Pro,Crypto,44.0,56,1.0,48.0,0
18958,Non-Binary,West,Basic,Paypal,32.0,68,2.0,14.67,1
18959,Female,West,Pro,E-wallet,50.0,151,4.0,120.26,1
18960,Non-Binary,North,Basic,Paypal,22.0,150,2.0,69.32,0
18961,Male,West,Pro,E-wallet,57.0,46,0.0,91.54,0
18962,Female,North,Basic,Crypto,25.0,165,2.0,0.56,1
18963,Female,South,Basic,E-wallet,33.0,179,1.0,50.03,1
18964,Male,West,Basic,E-wallet,28.0,140,0.0,0.0,1
18965,Female,South,Plus,Crypto,30.0,7,1.0,,0
18966,Female,East,Basic,Crypto,63.0,101,2.0,83.35,1
18967,Female,West,Basic,E-wallet,29.0,159,3.0,80.25,1
18968,Female,East,Basic,Credit card,42.0,144,2.0,,1
18969,Female,East,Pro,Crypto,31.0,4,3.0,31.63,1
18970,Male,North,Basic,Crypto,43.0,71,1.0,0.0,1
18971,Male,East,Plus,Credit card,28.0,122,1.0,132.62,1
18972,Female,North,Pro,Paypal,36.0,124,4.0,91.5,1
18973,Male,North,Basic,Credit card,,177,2.0,0.0,1
18974,Male,North,Pro,Paypal,26.0,93,0.0,70.23,0
18975,Female,North,Basic,Credit card,61.0,139,1.0,16.12,1
18976,Female,North,Plus,E-wallet,,171,2.0,191.11,1
18977,Male,South,Basic,Crypto,31.0,67,3.0,0.0,1
18978,Female,North,Plus,Credit card,27.0,137,0.0,157.3,1
18979,Female,West,Pro,Crypto,34.0,47,2.0,170.79,1
18980,Male,North,Plus,Paypal,21.0,155,5.0,157.11,1
18981,Female,South,Basic,E-wallet,51.0,4,5.0,25.22,0
18982,Female,West,Basic,Crypto,38.0,43,5.0,17.02,1
18983,Female,West,Pro,Credit card,33.0,158,0.0,87.38,1
18984,Female,South,Pro,Credit card,44.0,15,1.0,85.27,1
18985,Male,West,Basic,E-wallet,26.0,122,2.0,45.1,1
18986,Female,South,Basic,Paypal,22.0,22,2.0,90.08,0
18987,Male,East,Basic,,32.0,92,2.0,11.7,1
18988,Unknown,East,Pro,E-wallet,,110,1.0,69.18,1
18989,Non-Binary,North,Basic,Crypto,39.0,20,0.0,93.39,1
18990,Female,North,Basic,Paypal,19.0,129,3.0,10.39,1
18991,Male,North,Basic,E-wallet,29.0,22,2.0,20.14,1
18992,Male,North,Basic,Crypto,3.0,138,1.0,32.58,1
18993,Male,South,Basic,Crypto,22.0,117,1.0,9.5,1
18994,Female,East,Plus,Paypal,41.0,122,2.0,167.54,1
18995,Male,South,Basic,Paypal,43.0,129,2.0,0.0,1
18996,Female,West,Plus,Crypto,,81,2.0,87.51,1
18997,Male,West,Basic,Paypal,30.0,140,2.0,0.0,1
18998,Unknown,West,Basic,Crypto,34.0,44,1.0,76.47,0
18999,Male,West,Basic,Paypal,44.0,71,1.0,110.91,0
19000,Unknown,West,Pro,Paypal,49.0,137,3.0,20.12,1
19001,Unknown,East,Pro,Paypal,35.0,90,2.0,88.59,0
19002,Female,South,Basic,Credit card,31.0,80,4.0,58.55,1
19003,Female,West,Basic,Paypal,,20,5.0,0.0,1
19004,Female,North,Plus,Credit card,35.0,0,0.0,183.93,0
19005,Female,East,Plus,Crypto,54.0,143,2.0,185.38,1
19006,Male,North,Basic,E-wallet,,170,2.0,33.58,1
19007,Male,East,Pro,E-wallet,35.0,133,2.0,121.72,1
19008,Female,East,Basic,E-wallet,37.0,75,1.0,26.98,1
19009,Female,North,Basic,Crypto,27.0,111,3.0,74.0,1
19010,Female,North,Basic,Paypal,30.0,10,0.0,40.92,0
19011,Male,West,Basic,Credit card,35.0,95,1.0,-10.0,0
19012,Male,North,Plus,Crypto,35.0,176,0.0,225.03,0
19013,Male,South,Basic,E-wallet,,19,2.0,16.02,1
19014,Male,East,Pro,E-wallet,43.0,20,2.0,59.29,1
19015,Male,East,Plus,E-wallet,39.0,35,0.0,165.22,0
19016,Male,West,Basic,,24.0,37,4.0,0.0,1
19017,Male,East,Basic,Credit card,24.0,55,2.0,0.0,1
19018,Non-Binary,North,Pro,E-wallet,25.0,90,0.0,16.11,1
19019,Male,East,Basic,Credit card,36.0,10,2.0,63.82,1
19020,Female,East,Basic,E-wallet,,17,3.0,6.86,1
19021,Male,North,Basic,Crypto,33.0,80,0.0,0.0,1
19022,Non-Binary,North,Basic,Credit card,48.0,97,3.0,7.33,1
19023,Female,East,Plus,Credit card,,44,1.0,124.39,1
19024,Male,South,Pro,Crypto,30.0,153,3.0,41.32,1
19025,Female,North,Basic,E-wallet,27.0,125,1.0,12.41,0
19026,Male,South,Pro,E-wallet,42.0,58,0.0,128.38,1
19027,Female,South,Plus,Paypal,37.0,133,0.0,177.74,1
19028,Male,West,Basic,Paypal,,42,2.0,18.32,1
19029,Unknown,South,Basic,Credit card,28.0,93,2.0,42.45,1
19030,Female,West,Plus,Paypal,34.0,179,3.0,,1
19031,Male,South,Plus,Crypto,30.0,102,1.0,175.37,1
19032,Female,West,Basic,,41.0,16,2.0,45.11,1
19033,Male,North,Basic,Crypto,46.0,76,4.0,16.69,1
19034,Non-Binary,East,Basic,,20.0,116,0.0,105.44,0
19035,Female,East,Basic,Crypto,21.0,45,1.0,23.82,0
19036,Female,West,Pro,Credit card,47.0,168,3.0,101.04,1
19037,Male,North,Basic,Credit card,35.0,140,1.0,4.08,1
19038,Non-Binary,West,Basic,Crypto,22.0,133,2.0,57.72,1
19039,Female,West,Basic,,43.0,160,1.0,71.13,1
19040,Male,North,Plus,Credit card,37.0,131,3.0,178.89,0
19041,Male,South,Basic,Crypto,56.0,177,1.0,68.29,1
19042,Male,South,Basic,Paypal,31.0,47,2.0,71.13,1
19043,Unknown,North,Plus,Credit card,,98,4.0,,1
19044,Male,West,Pro,,19.0,26,2.0,81.8,1
19045,Female,East,Basic,Credit card,47.0,5,2.0,54.28,1
19046,Male,West,Basic,Crypto,43.0,57,2.0,18.84,1
19047,Male,South,Basic,Crypto,50.0,0,2.0,33.93,1
19048,Female,North,Pro,Credit card,45.0,27,1.0,66.83,0
19049,Unknown,North,Basic,Credit card,33.0,28,4.0,,1
19050,Female,North,Basic,E-wallet,22.0,95,2.0,59.09,0
19051,Non-Binary,South,Basic,E-wallet,27.0,155,2.0,0.75,1
19052,Female,West,Basic,Credit card,16.0,90,0.0,54.15,1
19053,Male,North,Pro,Crypto,,67,4.0,120.11,0
19054,Male,East,Basic,Credit card,38.0,40,0.0,22.36,0
19055,Female,North,Basic,Paypal,33.0,105,2.0,76.72,1
19056,Unknown,West,Plus,Paypal,31.0,115,3.0,144.86,1
19057,Non-Binary,South,Pro,Crypto,26.0,159,0.0,69.37,1
19058,Male,East,Basic,Credit card,16.0,122,3.0,14.99,1
19059,Male,East,Pro,Credit card,35.0,149,4.0,74.24,1
19060,Male,North,Basic,Paypal,37.0,120,2.0,18.55,1
19061,Unknown,West,Pro,Credit card,,56,6.0,77.33,1
19062,Non-Binary,North,Pro,Crypto,28.0,21,1.0,186.6,0
19063,Female,East,Pro,Crypto,,65,1.0,49.2,1
19064,Male,North,Pro,E-wallet,45.0,168,4.0,135.91,1
19065,Female,West,Basic,Crypto,,42,0.0,25.46,1
19066,Female,South,Pro,Credit card,33.0,33,1.0,71.44,0
19067,Male,East,Basic,Credit card,,113,3.0,55.69,1
19068,Female,West,Basic,Paypal,31.0,1,2.0,52.38,1
19069,Male,North,Plus,Paypal,,58,2.0,131.43,1
19070,Male,East,Pro,Crypto,44.0,35,2.0,148.55,1
19071,Non-Binary,North,Plus,E-wallet,43.0,7,0.0,118.68,1
19072,Female,North,Basic,Credit card,,160,1.0,42.78,1
19073,Female,South,Basic,E-wallet,31.0,32,1.0,0.0,1
19074,Female,North,Basic,Credit card,40.0,17,1.0,,1
19075,Male,North,Pro,Crypto,48.0,63,1.0,126.18,1
19076,Female,West,Basic,Crypto,33.0,60,2.0,22.47,1
19077,Female,North,Basic,Paypal,29.0,82,1.0,58.2,1
19078,Female,South,Basic,E-wallet,46.0,9,2.0,0.71,1
19079,Female,North,Pro,Paypal,54.0,177,3.0,17.13,1
19080,Male,North,Basic,Crypto,55.0,105,3.0,51.68,0
19081,Male,North,Plus,E-wallet,30.0,21,6.0,179.09,1
19082,Female,East,Basic,Credit card,,38,2.0,11.14,1
19083,Male,South,Basic,Paypal,23.0,101,0.0,47.13,0
19084,Female,East,Basic,Crypto,35.0,64,1.0,14.73,1
19085,Male,South,Plus,Credit card,23.0,29,3.0,220.61,0
19086,Male,South,Basic,Crypto,28.0,132,1.0,76.27,1
19087,Male,West,Basic,Credit card,41.0,110,1.0,9.65,1
19088,Unknown,East,Pro,Paypal,37.0,25,1.0,82.26,1
19089,Male,South,Basic,Credit card,15.0,119,0.0,100.09,1
19090,Female,South,Pro,E-wallet,49.0,62,1.0,102.94,0
19091,Female,West,Basic,Credit card,23.0,173,2.0,41.04,1
19092,Male,East,Basic,Crypto,24.0,30,1.0,54.91,0
19093,Female,North,Basic,Credit card,,168,4.0,88.91,1
19094,Female,West,Basic,Paypal,27.0,139,3.0,6.33,0
19095,Female,South,Pro,,25.0,16,3.0,124.15,0
19096,Non-Binary,East,Pro,Crypto,25.0,145,1.0,85.88,1
19097,Male,South,Pro,Crypto,9.0,112,1.0,123.95,1
19098,Male,West,Plus,Crypto,35.0,91,4.0,,1
19099,Unknown,West,Basic,E-wallet,,38,4.0,70.89,1
19100,Male,East,Basic,Crypto,56.0,73,1.0,,1
19101,Female,West,Pro,Crypto,38.0,110,4.0,21.62,1
19102,Female,West,Pro,Crypto,29.0,160,3.0,106.33,1
19103,Male,North,Basic,Paypal,21.0,135,2.0,67.36,1
19104,Female,South,Pro,Paypal,33.0,90,0.0,92.81,1
19105,Male,North,Basic,Crypto,38.0,25,2.0,,0
19106,Male,North,Pro,E-wallet,28.0,75,1.0,73.14,1
19107,Male,East,Plus,Credit card,34.0,34,0.0,211.9,0
19108,Non-Binary,West,Pro,E-wallet,52.0,56,2.0,47.29,1
19109,Male,South,Basic,Crypto,30.0,20,0.0,37.74,0
19110,Female,South,Pro,Crypto,15.0,164,1.0,127.6,1
19111,Unknown,South,Pro,,42.0,123,1.0,140.84,1
19112,Female,West,Basic,Crypto,37.0,132,2.0,5.0,1
19113,Female,South,Basic,Credit card,16.0,16,1.0,0.0,0
19114,Female,South,Plus,Paypal,,125,2.0,162.77,1
19115,Male,West,Basic,Credit card,24.0,97,1.0,63.01,1
19116,Female,East,Basic,Credit card,38.0,96,1.0,0.0,1
19117,Female,South,Basic,Credit card,53.0,81,0.0,62.25,1
19118,Unknown,West,Pro,E-wallet,32.0,24,0.0,179.61,0
19119,Unknown,North,Plus,E-wallet,44.0,104,4.0,94.86,0
19120,Non-Binary,West,Pro,,21.0,60,3.0,0.0,1
19121,Non-Binary,North,Basic,E-wallet,18.0,93,2.0,0.0,1
19122,Female,West,Pro,Crypto,54.0,36,2.0,145.4,0
19123,Female,South,Pro,Paypal,37.0,108,3.0,63.62,1
19124,Non-Binary,East,Pro,E-wallet,40.0,140,1.0,55.82,1
19125,Male,East,Basic,E-wallet,,120,0.0,4.23,1
19126,Unknown,South,Pro,Credit card,28.0,39,3.0,104.65,1
19127,Female,North,Basic,Paypal,42.0,169,2.0,76.3,1
19128,Female,West,Basic,Crypto,40.0,83,0.0,76.56,1
19129,Female,South,Pro,Crypto,21.0,69,4.0,124.51,0
19130,Unknown,West,Plus,Paypal,49.0,152,0.0,152.69,1
19131,Male,South,Basic,,,169,1.0,27.41,1
19132,Female,South,Plus,Paypal,21.0,137,1.0,118.11,1
19133,Female,West,Basic,Credit card,36.0,94,3.0,87.0,1
19134,Male,East,Pro,,,42,0.0,107.39,1
19135,Female,East,Basic,Crypto,,127,2.0,34.48,1
19136,Female,North,Basic,Paypal,19.0,88,2.0,0.0,1
19137,Female,West,Pro,Crypto,70.0,155,1.0,0.0,1
19138,Male,North,Pro,,32.0,151,1.0,36.09,1
19139,Female,South,Pro,Credit card,41.0,98,0.0,105.91,0
19140,Female,North,Pro,,47.0,40,2.0,57.73,1
19141,Female,South,Pro,,32.0,60,0.0,145.13,1
19142,Male,West,Plus,Crypto,32.0,123,3.0,,1
19143,Unknown,West,Basic,Paypal,28.0,132,0.0,29.45,1
19144,Female,West,Basic,Credit card,25.0,96,2.0,42.03,1
19145,Female,West,Basic,Credit card,36.0,138,1.0,0.0,1
19146,Female,North,Basic,Crypto,32.0,7,1.0,69.05,0
19147,Male,South,Pro,Crypto,28.0,148,2.0,72.58,1
19148,Female,East,Basic,Paypal,29.0,4,2.0,0.0,1
19149,Female,West,Basic,Credit card,39.0,33,0.0,15.67,1
19150,Female,West,Basic,E-wallet,26.0,8,0.0,72.84,0
19151,Female,South,Pro,Crypto,,37,4.0,45.91,0
19152,Female,East,Basic,E-wallet,42.0,42,4.0,0.0,1
19153,Male,West,Basic,E-wallet,36.0,95,2.0,0.0,1
19154,Female,East,Pro,Credit card,23.0,137,2.0,68.79,0
19155,Male,West,Pro,E-wallet,33.0,11,3.0,116.56,1
19156,Male,North,Basic,Crypto,38.0,98,5.0,43.41,1
19157,Unknown,North,Pro,Crypto,43.0,145,1.0,,1
19158,Female,East,Basic,Paypal,26.0,139,0.0,3.2,1
19159,Female,South,Plus,Credit card,28.0,30,0.0,186.38,0
19160,Female,South,Basic,Credit card,27.0,10,2.0,0.0,1
19161,Unknown,North,Plus,E-wallet,27.0,97,0.0,142.11,0
19162,Female,South,Plus,Crypto,38.0,26,1.0,96.7,1
19163,Female,South,Pro,Crypto,39.0,20,1.0,80.03,1
19164,Male,South,Basic,Paypal,44.0,127,2.0,39.16,1
19165,Unknown,East,Pro,E-wallet,33.0,12,1.0,154.07,1
19166,Non-Binary,East,Basic,Crypto,19.0,44,0.0,33.12,1
19167,Non-Binary,South,Plus,Credit card,40.0,174,3.0,171.32,1
19168,Male,North,Pro,Paypal,35.0,24,2.0,91.63,1
19169,Male,South,Plus,Credit card,34.0,76,0.0,140.78,1
19170,Male,West,Pro,Paypal,21.0,63,3.0,88.82,1
19171,Male,North,Pro,Credit card,32.0,98,1.0,154.71,0
19172,Non-Binary,East,Pro,E-wallet,22.0,155,2.0,69.77,1
19173,Male,West,Basic,Crypto,38.0,147,1.0,0.0,1
19174,Male,South,Basic,Credit card,29.0,168,1.0,50.69,1
19175,Male,South,Pro,E-wallet,28.0,3,2.0,36.56,1
19176,Male,North,Plus,Credit card,18.0,83,2.0,195.43,0
19177,Male,North,Pro,E-wallet,44.0,23,4.0,32.75,1
19178,Female,South,Plus,Paypal,31.0,144,1.0,229.02,0
19179,Female,South,Plus,E-wallet,34.0,132,4.0,170.53,1
19180,Male,North,Pro,Credit card,26.0,56,1.0,64.26,1
19181,Female,West,Basic,Crypto,,153,0.0,51.93,1
19182,Female,East,Pro,Paypal,28.0,99,3.0,104.51,1
19183,Male,North,Basic,Paypal,30.0,144,0.0,47.74,1
19184,Female,West,Basic,E-wallet,36.0,7,3.0,29.63,1
19185,Female,South,Basic,Credit card,30.0,9,2.0,19.01,1
19186,Female,East,Plus,E-wallet,26.0,177,3.0,215.03,1
19187,Female,West,Basic,Paypal,18.0,123,4.0,19.57,1
19188,Male,East,Pro,Crypto,,13,4.0,67.99,1
19189,Unknown,East,Plus,,26.0,90,2.0,176.96,1
19190,Non-Binary,East,Pro,Credit card,47.0,26,2.0,97.16,0
19191,Unknown,West,Pro,E-wallet,35.0,4,5.0,41.19,0
19192,Male,West,Pro,E-wallet,39.0,78,2.0,148.49,1
19193,Unknown,South,Basic,E-wallet,31.0,155,2.0,0.0,1
19194,Non-Binary,East,Basic,Crypto,36.0,132,3.0,0.0,1
19195,Non-Binary,North,Plus,Credit card,25.0,85,3.0,231.24,0
19196,Male,North,Basic,Credit card,22.0,139,1.0,27.31,1
19197,Female,North,Pro,Paypal,,7,3.0,93.97,1
19198,Unknown,West,Pro,Paypal,39.0,58,1.0,62.09,1
19199,Female,South,Basic,E-wallet,,59,4.0,18.18,1
19200,Female,West,Plus,Paypal,29.0,79,1.0,204.1,0
19201,Unknown,East,Pro,Credit card,52.0,54,2.0,109.12,1
19202,Female,North,Basic,E-wallet,38.0,93,2.0,51.22,0
19203,Female,West,Plus,Paypal,49.0,170,1.0,112.38,1
19204,Female,North,Pro,Crypto,27.0,40,2.0,77.14,1
19205,Unknown,West,Basic,,29.0,9,1.0,57.63,1
19206,Male,North,Pro,Crypto,43.0,115,3.0,7.06,1
19207,Female,East,Basic,Paypal,,83,1.0,0.0,1
19208,Female,North,Pro,,33.0,106,1.0,115.74,1
19209,Female,East,Basic,Paypal,21.0,6,0.0,0.0,0
19210,Female,East,Pro,Crypto,45.0,20,1.0,59.83,1
19211,Unknown,West,Pro,,59.0,74,1.0,126.56,1
19212,Unknown,West,Plus,Paypal,18.0,100,2.0,179.67,1
19213,Male,West,Pro,E-wallet,,43,4.0,114.88,1
19214,Female,East,Basic,Crypto,29.0,87,0.0,48.76,0
19215,Male,South,Plus,,30.0,36,1.0,179.44,1
19216,Male,South,Pro,Paypal,36.0,171,3.0,88.12,1
19217,Female,East,Pro,Crypto,21.0,64,3.0,33.86,1
19218,Unknown,East,Basic,Paypal,33.0,113,1.0,14.58,1
19219,Non-Binary,West,Plus,,17.0,5,5.0,150.47,1
19220,Male,West,Plus,E-wallet,38.0,37,3.0,98.25,0
19221,Male,West,Pro,Paypal,56.0,170,2.0,62.72,1
19222,Female,South,Plus,Paypal,27.0,56,4.0,145.25,1
19223,Female,South,Basic,Paypal,32.0,69,1.0,87.19,1
19224,Male,East,Plus,Credit card,32.0,64,0.0,87.31,1
19225,Non-Binary,South,Basic,Paypal,43.0,111,2.0,33.68,1
19226,Unknown,West,Basic,Credit card,38.0,34,1.0,44.29,1
19227,Female,West,Pro,Paypal,43.0,23,2.0,113.67,0
19228,Non-Binary,West,Pro,E-wallet,28.0,37,1.0,128.1,1
19229,Male,West,Basic,E-wallet,38.0,2,2.0,0.0,1
19230,Female,West,Basic,Crypto,0.0,178,1.0,12.17,1
19231,Female,North,Basic,Paypal,40.0,167,4.0,55.85,1
19232,Male,East,Basic,E-wallet,21.0,53,2.0,15.05,0
19233,Unknown,East,Basic,E-wallet,30.0,65,1.0,36.29,1
19234,Female,South,Basic,Paypal,41.0,114,1.0,76.1,1
19235,Female,West,Basic,Crypto,18.0,59,2.0,67.7,1
19236,Male,North,Plus,,44.0,14,2.0,181.12,0
19237,Male,West,Pro,E-wallet,32.0,173,1.0,133.66,1
19238,Male,West,Basic,E-wallet,48.0,109,3.0,0.0,1
19239,Female,South,Plus,Credit card,24.0,3,3.0,150.78,0
19240,Female,North,Pro,E-wallet,15.0,23,2.0,87.54,1
19241,Male,North,Basic,Credit card,33.0,82,2.0,0.0,1
19242,Female,East,Basic,Credit card,39.0,93,2.0,81.31,1
19243,Female,West,Basic,Crypto,40.0,102,1.0,53.74,1
19244,Female,North,Basic,Credit card,,39,1.0,47.61,1
19245,Female,East,Basic,Credit card,17.0,26,2.0,0.0,1
19246,Unknown,North,Pro,Credit card,30.0,179,0.0,39.45,1
19247,Female,West,Pro,Credit card,39.0,36,1.0,41.68,1
19248,Female,East,Pro,,38.0,0,0.0,0.0,0
19249,Male,North,Basic,Credit card,49.0,136,2.0,34.95,1
19250,Male,South,Pro,E-wallet,30.0,145,1.0,0.0,1
19251,Male,North,Pro,Paypal,15.0,122,2.0,75.62,1
19252,Female,West,Plus,Paypal,,38,1.0,216.12,1
19253,Male,South,Basic,Credit card,35.0,29,3.0,37.62,1
19254,Male,North,Plus,Crypto,36.0,19,0.0,132.75,0
19255,Female,North,Plus,Crypto,41.0,142,1.0,152.99,1
19256,Male,East,Pro,E-wallet,46.0,63,2.0,121.85,0
19257,Male,West,Pro,E-wallet,33.0,118,1.0,95.41,1
19258,Male,North,Basic,Paypal,45.0,152,3.0,0.0,1
19259,Female,North,Plus,E-wallet,,176,0.0,162.5,1
19260,Male,North,Basic,Crypto,27.0,66,3.0,27.63,1
19261,Female,West,Pro,Paypal,31.0,121,-1.0,33.94,1
19262,Female,South,Basic,,40.0,25,1.0,71.24,0
19263,Female,West,Basic,E-wallet,26.0,172,1.0,0.0,1
19264,Female,East,Pro,Credit card,42.0,125,3.0,86.77,1
19265,Non-Binary,East,Plus,E-wallet,35.0,5,5.0,151.72,1
19266,Male,West,Basic,Crypto,37.0,31,1.0,1.17,1
19267,Male,North,Plus,E-wallet,48.0,16,3.0,124.22,1
19268,Male,North,Pro,Crypto,37.0,173,2.0,179.09,1
19269,Male,South,Basic,Crypto,34.0,52,2.0,3.38,1
19270,Male,West,Basic,Credit card,33.0,99,3.0,12.15,1
19271,Male,West,Pro,E-wallet,32.0,131,0.0,94.66,1
19272,Female,North,Basic,Credit card,37.0,109,0.0,10.76,1
19273,Female,East,Basic,Crypto,47.0,155,1.0,0.0,1
19274,Male,East,Basic,,27.0,70,2.0,0.0,1
19275,Female,South,Basic,,,143,1.0,15.74,1
19276,Male,South,Pro,,46.0,100,4.0,126.75,1
19277,Male,East,Basic,Paypal,28.0,166,1.0,32.2,1
19278,Female,West,Basic,Crypto,36.0,90,3.0,92.83,1
19279,Male,South,Basic,E-wallet,28.0,157,2.0,76.91,0
19280,Male,North,Basic,Crypto,17.0,56,2.0,74.42,1
19281,Female,West,Basic,Paypal,35.0,55,2.0,41.53,0
19282,Unknown,North,Pro,E-wallet,45.0,166,0.0,92.95,1
19283,Female,South,Pro,Paypal,33.0,126,2.0,112.18,1
19284,Male,East,Basic,Paypal,19.0,169,1.0,68.05,1
19285,Non-Binary,South,Basic,E-wallet,35.0,17,3.0,0.0,1
19286,Female,East,Basic,Paypal,26.0,74,2.0,51.0,0
19287,Female,West,Basic,Crypto,7.0,21,2.0,14.47,1
19288,Non-Binary,South,Pro,Credit card,33.0,131,1.0,77.07,1
19289,Female,South,Basic,Credit card,,2,0.0,42.02,1
19290,Male,South,Basic,Credit card,45.0,23,2.0,0.0,1
19291,Female,West,Pro,E-wallet,51.0,51,2.0,148.58,0
19292,Female,North,Basic,E-wallet,40.0,66,0.0,15.5,1
19293,Female,North,Pro,E-wallet,43.0,122,0.0,61.83,1
19294,Female,East,Pro,Credit card,21.0,30,3.0,107.02,1
19295,Unknown,South,Basic,Credit card,50.0,52,3.0,46.15,1
19296,Unknown,North,Pro,E-wallet,,120,5.0,38.06,1
19297,Non-Binary,West,Pro,Credit card,30.0,162,2.0,147.52,1
19298,Non-Binary,South,Basic,Paypal,40.0,30,3.0,0.0,1
19299,Unknown,East,Pro,Paypal,39.0,75,4.0,77.3,0
19300,Male,North,Plus,,48.0,137,2.0,93.22,1
19301,Male,West,Plus,E-wallet,32.0,83,1.0,246.86,1
19302,Female,West,Pro,Crypto,26.0,145,3.0,107.37,1
19303,Non-Binary,East,Plus,Crypto,29.0,107,1.0,,1
19304,Female,North,Basic,Credit card,42.0,55,2.0,26.51,1
19305,Female,South,Pro,Crypto,14.0,35,1.0,40.25,1
19306,Male,West,Basic,E-wallet,4.0,50,1.0,65.82,1
19307,Male,East,Basic,,42.0,146,2.0,0.0,1
19308,Female,West,Pro,Paypal,36.0,80,3.0,111.47,0
19309,Male,West,Pro,E-wallet,34.0,103,0.0,45.93,0
19310,Male,North,Basic,Crypto,20.0,124,4.0,85.6,1
19311,Male,North,Pro,Credit card,16.0,138,0.0,57.86,1
19312,Male,South,Basic,Paypal,27.0,4,0.0,33.53,0
19313,Female,West,Basic,,,100,1.0,95.48,1
19314,Male,East,Basic,Crypto,28.0,172,1.0,47.14,1
19315,Female,West,Basic,Paypal,43.0,99,1.0,52.95,1
19316,Male,East,Basic,,24.0,172,2.0,28.47,1
19317,Non-Binary,West,Pro,Credit card,28.0,175,1.0,68.29,1
19318,Male,East,Basic,E-wallet,41.0,107,3.0,42.1,1
19319,Female,West,Basic,Crypto,30.0,13,4.0,33.98,1
19320,Female,West,Pro,Credit card,30.0,116,0.0,108.66,0
19321,Male,South,Pro,Paypal,27.0,27,2.0,142.04,0
19322,Non-Binary,North,Basic,E-wallet,25.0,8,0.0,20.33,1
19323,Female,North,Basic,E-wallet,37.0,58,4.0,9.31,1
19324,Female,East,Basic,Crypto,38.0,37,2.0,0.0,0
19325,Male,West,Pro,E-wallet,36.0,92,3.0,94.92,1
19326,Unknown,West,Plus,Paypal,27.0,152,2.0,195.62,1
19327,Female,North,Pro,Paypal,31.0,71,1.0,71.03,1
19328,Male,East,Basic,Paypal,49.0,47,3.0,46.47,1
19329,Male,South,Pro,Credit card,19.0,146,4.0,64.65,1
19330,Non-Binary,South,Basic,Paypal,52.0,129,3.0,49.22,1
19331,Female,South,Basic,Credit card,34.0,5,1.0,3.15,1
19332,Female,West,Basic,Paypal,,157,2.0,48.9,1
19333,Female,East,Pro,Paypal,43.0,60,1.0,72.17,1
19334,Female,North,Pro,E-wallet,13.0,1,1.0,0.29,0
19335,Male,West,Pro,Crypto,47.0,178,1.0,93.09,1
19336,Male,West,Pro,,52.0,82,0.0,99.62,0
19337,Female,South,Basic,E-wallet,44.0,12,0.0,12.95,1
19338,Unknown,East,Basic,E-wallet,12.0,48,1.0,0.0,1
19339,Male,East,Pro,Crypto,41.0,7,1.0,105.48,0
19340,Female,South,Pro,E-wallet,50.0,8,1.0,78.02,0
19341,Female,South,Pro,E-wallet,49.0,150,1.0,79.2,1
19342,Female,South,Basic,Crypto,19.0,72,0.0,35.12,1
19343,Non-Binary,West,Pro,Credit card,44.0,143,1.0,122.69,1
19344,Female,West,Basic,Crypto,51.0,143,1.0,0.0,1
19345,Male,West,Pro,Crypto,34.0,11,0.0,,0
19346,Unknown,North,Basic,Paypal,,120,0.0,,1
19347,Female,North,Plus,Paypal,42.0,138,6.0,217.38,1
19348,Non-Binary,East,Basic,Credit card,44.0,81,1.0,70.89,0
19349,Female,South,Pro,Crypto,32.0,140,1.0,77.63,1
19350,Non-Binary,South,Pro,Crypto,22.0,162,1.0,58.49,1
19351,Male,West,Basic,Credit card,43.0,106,1.0,79.4,1
19352,Male,North,Basic,Paypal,26.0,170,4.0,82.36,1
19353,Non-Binary,South,Pro,,37.0,100,0.0,68.72,1
19354,Male,East,Basic,Credit card,49.0,157,0.0,66.65,1
19355,Male,South,Basic,Paypal,17.0,59,1.0,74.42,0
19356,Female,West,Plus,E-wallet,43.0,66,2.0,111.71,0
19357,Non-Binary,West,Pro,Credit card,31.0,28,2.0,38.29,1
19358,Male,North,Basic,Credit card,,152,0.0,28.44,1
19359,Non-Binary,East,Pro,Crypto,39.0,65,0.0,22.21,0
19360,Female,East,Pro,,26.0,4,2.0,63.43,1
19361,Female,South,Plus,Paypal,22.0,123,3.0,160.48,1
19362,Non-Binary,East,Pro,E-wallet,16.0,94,2.0,75.06,1
19363,Female,South,Plus,Crypto,46.0,4,2.0,88.14,1
19364,Male,South,Basic,Crypto,30.0,84,1.0,53.72,1
19365,Male,North,Pro,Paypal,39.0,48,3.0,66.54,0
19366,Female,East,Basic,Paypal,29.0,25,0.0,0.0,1
19367,Female,West,Basic,Paypal,22.0,70,3.0,44.39,1
19368,Non-Binary,South,Pro,Crypto,40.0,157,1.0,88.61,1
19369,Female,South,Basic,Paypal,37.0,97,3.0,60.02,1
19370,Female,South,Pro,Paypal,31.0,155,3.0,83.46,1
19371,Female,East,Plus,Paypal,37.0,125,2.0,162.87,1
19372,Male,East,Basic,Credit card,,13,2.0,42.59,1
19373,Male,East,Basic,Paypal,44.0,17,3.0,,0
19374,Non-Binary,South,Pro,Crypto,46.0,56,1.0,88.77,1
19375,Male,West,Plus,Credit card,41.0,24,2.0,192.45,1
19376,Male,West,Pro,Crypto,30.0,69,0.0,132.54,1
19377,Female,East,Pro,E-wallet,34.0,132,3.0,,1
19378,Female,West,Basic,Credit card,,84,2.0,56.62,1
19379,Non-Binary,South,Basic,Paypal,46.0,38,1.0,0.0,1
19380,Male,East,Pro,Credit card,53.0,113,1.0,112.87,0
19381,Male,East,Basic,,26.0,10,2.0,22.78,1
19382,Male,South,Plus,Credit card,25.0,101,1.0,219.19,0
19383,Female,East,Basic,E-wallet,35.0,24,0.0,0.0,0
19384,Male,South,Pro,Paypal,38.0,157,0.0,137.7,1
19385,Female,East,Pro,,32.0,1,2.0,148.71,0
19386,Non-Binary,West,Pro,E-wallet,30.0,35,1.0,105.98,0
19387,Unknown,East,Pro,Crypto,46.0,36,2.0,147.99,0
19388,Male,East,Plus,Credit card,33.0,1,3.0,212.8,1
19389,Female,East,Plus,Crypto,21.0,107,0.0,161.02,1
19390,Female,North,Plus,,23.0,174,4.0,105.6,1
19391,Unknown,West,Plus,Crypto,36.0,90,3.0,127.78,1
19392,Unknown,South,Pro,Paypal,64.0,95,1.0,28.98,1
19393,Male,North,Pro,Credit card,24.0,3,1.0,117.51,0
19394,Female,West,Basic,,30.0,93,2.0,2.74,0
19395,Male,East,Basic,Paypal,,45,5.0,13.4,1
19396,Male,East,Basic,Paypal,29.0,108,0.0,,1
19397,Male,South,Basic,Credit card,38.0,101,0.0,47.49,1
19398,Female,South,Basic,E-wallet,52.0,163,3.0,10.44,1
19399,Female,West,Basic,Paypal,24.0,64,1.0,49.88,0
19400,Male,West,Plus,Paypal,30.0,55,2.0,228.39,1
19401,Female,South,Plus,Paypal,29.0,34,4.0,202.12,1
19402,Male,West,Basic,Credit card,18.0,118,0.0,25.29,1
19403,Female,South,Basic,Credit card,49.0,100,3.0,65.38,1
19404,Male,East,Plus,Crypto,28.0,22,3.0,107.08,0
19405,Male,South,Plus,,25.0,77,1.0,150.86,1
19406,Female,North,Plus,Paypal,29.0,43,3.0,,1
19407,Male,South,Plus,Credit card,43.0,0,5.0,179.26,0
19408,Female,South,Plus,Credit card,35.0,139,3.0,94.82,1
19409,Male,North,Basic,,26.0,140,3.0,56.51,1
19410,Female,North,Basic,E-wallet,38.0,154,2.0,0.0,1
19411,Male,North,Pro,Crypto,,19,2.0,199.17,0
19412,Female,North,Basic,Crypto,33.0,110,1.0,,1
19413,Female,South,Plus,Paypal,31.0,111,1.0,147.98,1
19414,Male,West,Pro,Crypto,44.0,97,2.0,166.65,1
19415,Female,North,Pro,Crypto,32.0,5,2.0,121.27,0
19416,Male,East,Basic,Paypal,50.0,135,1.0,96.35,1
19417,Female,South,Pro,Crypto,26.0,20,3.0,93.48,1
19418,Male,West,Pro,Credit card,,102,3.0,149.42,1
19419,Female,East,Plus,Paypal,,148,1.0,201.99,0
19420,Female,South,Basic,Credit card,31.0,44,1.0,66.01,0
19421,Unknown,South,Plus,Paypal,,69,3.0,140.23,1
19422,Female,East,Plus,Credit card,20.0,104,2.0,171.01,1
19423,Female,North,Pro,Crypto,34.0,171,2.0,73.27,1
19424,Female,North,Pro,E-wallet,39.0,157,1.0,98.69,1
19425,Unknown,East,Pro,Credit card,19.0,137,3.0,16.59,0
19426,Female,West,Basic,Credit card,28.0,74,1.0,61.62,0
19427,Male,North,Basic,E-wallet,39.0,0,1.0,68.03,0
19428,Non-Binary,South,Plus,E-wallet,23.0,137,2.0,167.42,1
19429,Female,South,Pro,Credit card,30.0,152,0.0,93.47,1
19430,Non-Binary,West,Basic,Credit card,44.0,82,1.0,,1
19431,Non-Binary,South,Pro,Credit card,51.0,73,1.0,86.33,0
19432,Male,North,Basic,Paypal,38.0,110,3.0,84.4,1
19433,Female,West,Basic,Credit card,32.0,13,1.0,26.09,1
19434,Male,North,Pro,Credit card,28.0,130,0.0,128.75,1
19435,Male,West,Basic,E-wallet,43.0,167,2.0,37.44,1
19436,Male,East,Basic,E-wallet,45.0,160,1.0,24.54,1
19437,Female,South,Basic,Paypal,22.0,134,1.0,121.74,1
19438,Male,West,Pro,,43.0,107,2.0,48.18,1
19439,Male,East,Basic,Crypto,,2,3.0,1.77,1
19440,Female,North,Basic,Credit card,25.0,118,3.0,38.55,1
19441,Male,East,Basic,Credit card,32.0,164,1.0,0.0,0
19442,Male,North,Basic,E-wallet,43.0,92,1.0,0.0,1
19443,Male,West,Basic,Crypto,37.0,153,1.0,68.57,1
19444,Male,West,Basic,Credit card,36.0,90,2.0,77.16,1
19445,Female,South,Basic,Crypto,37.0,24,4.0,3.77,1
19446,Male,South,Plus,Paypal,,167,0.0,112.86,1
19447,Unknown,West,Basic,Credit card,32.0,42,3.0,37.56,1
19448,Female,North,Basic,Credit card,40.0,114,4.0,23.05,1
19449,Male,North,Basic,Paypal,27.0,93,2.0,0.0,1
19450,Male,West,Basic,Credit card,40.0,43,0.0,64.53,1
19451,Female,North,Pro,Paypal,42.0,28,1.0,,1
19452,Female,West,Basic,Paypal,40.0,90,1.0,50.77,0
19453,Male,South,Basic,Crypto,41.0,56,3.0,20.11,1
19454,Male,North,Basic,E-wallet,38.0,107,1.0,27.6,1
19455,Non-Binary,South,Pro,E-wallet,45.0,136,1.0,20.6,1
19456,Male,East,Basic,Paypal,11.0,21,0.0,107.97,0
19457,Male,South,Pro,Crypto,,69,1.0,95.42,1
19458,Non-Binary,East,Basic,Paypal,53.0,5,4.0,33.29,1
19459,Female,South,Basic,Crypto,27.0,154,1.0,42.45,1
19460,Male,South,Pro,Crypto,26.0,121,1.0,12.59,1
19461,Female,North,Pro,E-wallet,46.0,117,3.0,90.75,1
19462,Male,South,Pro,E-wallet,24.0,51,3.0,27.7,0
19463,Female,West,Basic,Crypto,27.0,69,0.0,11.9,1
19464,Female,North,Pro,E-wallet,35.0,176,0.0,67.25,1
19465,Non-Binary,North,Basic,Crypto,,92,2.0,49.23,1
19466,Unknown,North,Pro,Credit card,,150,2.0,,1
19467,Unknown,South,Pro,Paypal,26.0,80,4.0,37.59,1
19468,Unknown,North,Basic,E-wallet,37.0,148,1.0,88.9,1
19469,Female,East,Pro,Paypal,36.0,73,0.0,,0
19470,Male,East,Pro,E-wallet,50.0,106,1.0,106.53,0
19471,Female,South,Basic,Paypal,45.0,135,0.0,56.66,1
19472,Female,North,Plus,Paypal,28.0,13,0.0,168.72,0
19473,Non-Binary,West,Plus,E-wallet,21.0,30,2.0,165.28,1
19474,Male,West,Basic,E-wallet,42.0,178,1.0,56.68,1
19475,Unknown,East,Plus,E-wallet,27.0,145,3.0,149.0,1
19476,Non-Binary,South,Basic,E-wallet,30.0,174,1.0,67.04,1
19477,Unknown,South,Pro,Crypto,23.0,93,3.0,71.78,1
19478,Non-Binary,South,Plus,E-wallet,40.0,81,1.0,190.74,0
19479,Male,South,Pro,,27.0,179,0.0,104.23,0
19480,Male,South,Basic,E-wallet,,164,1.0,39.32,1
19481,Male,North,Plus,Credit card,33.0,29,1.0,93.13,0
19482,Male,North,Basic,Paypal,35.0,29,1.0,49.28,1
19483,Female,North,Basic,E-wallet,40.0,99,0.0,3.39,1
19484,Non-Binary,West,Basic,E-wallet,31.0,47,2.0,43.6,1
19485,Non-Binary,North,Plus,Paypal,26.0,166,1.0,190.08,1
19486,Female,South,Plus,Paypal,15.0,26,2.0,148.28,0
19487,Male,South,Basic,Crypto,35.0,143,1.0,0.0,1
19488,Male,West,Plus,Paypal,32.0,159,2.0,178.07,0
19489,Male,West,Basic,Paypal,26.0,156,0.0,10.24,1
19490,Male,East,Plus,Credit card,34.0,179,0.0,215.47,1
19491,Female,West,Pro,Crypto,42.0,93,1.0,27.82,1
19492,Male,East,Basic,Credit card,45.0,14,0.0,45.83,0
19493,Male,North,Basic,Paypal,18.0,43,2.0,23.99,1
19494,Male,South,Basic,,30.0,150,0.0,25.5,1
19495,Female,East,Basic,Crypto,43.0,47,1.0,67.18,0
19496,Female,East,Pro,Paypal,49.0,150,1.0,95.95,1
19497,Female,East,Basic,Paypal,25.0,113,5.0,32.02,1
19498,Female,West,Plus,E-wallet,47.0,124,0.0,144.31,0
19499,Unknown,West,Pro,E-wallet,20.0,13,3.0,85.6,1
19500,Male,West,Pro,E-wallet,,53,3.0,14.31,1
19501,Female,East,Basic,Crypto,31.0,91,2.0,19.16,1
19502,Female,North,Plus,Credit card,49.0,170,1.0,140.6,1
19503,Female,South,Pro,Crypto,29.0,172,2.0,85.51,1
19504,Unknown,West,Plus,E-wallet,30.0,149,0.0,162.98,1
19505,Male,North,Plus,Crypto,,123,4.0,157.29,1
19506,Female,West,Basic,E-wallet,18.0,60,0.0,38.76,1
19507,Male,West,Basic,Credit card,16.0,17,1.0,,0
19508,Female,East,Plus,Crypto,39.0,171,2.0,75.4,0
19509,Male,East,Plus,Credit card,43.0,85,2.0,69.15,1
19510,Male,West,Pro,Credit card,40.0,145,2.0,75.58,1
19511,Female,South,Basic,E-wallet,21.0,56,5.0,0.0,1
19512,Female,West,Pro,Crypto,,84,2.0,204.95,1
19513,Male,South,Basic,,24.0,14,1.0,24.41,1
19514,Female,North,Basic,Credit card,38.0,105,2.0,110.88,1
19515,Female,West,Basic,E-wallet,45.0,57,1.0,0.0,0
19516,Male,South,Basic,Credit card,37.0,129,0.0,62.39,1
19517,Female,North,Basic,Credit card,,13,1.0,19.75,1
19518,Female,North,Plus,Credit card,32.0,20,5.0,97.03,0
19519,Female,East,Plus,Credit card,31.0,170,1.0,,1
19520,Male,North,Plus,Crypto,34.0,44,1.0,123.85,1
19521,Male,East,Plus,Paypal,20.0,33,2.0,198.55,0
19522,Female,North,Basic,,29.0,116,2.0,9.88,1
19523,Unknown,North,Plus,E-wallet,,70,3.0,117.09,1
19524,Female,South,Plus,Paypal,31.0,78,4.0,194.38,1
19525,Male,South,Plus,Credit card,36.0,11,3.0,232.55,1
19526,Female,East,Pro,Crypto,19.0,122,5.0,77.81,1
19527,Non-Binary,West,Basic,Paypal,22.0,6,2.0,29.5,1
19528,Male,South,Basic,Credit card,45.0,68,1.0,15.4,1
19529,Unknown,North,Basic,Crypto,13.0,110,0.0,0.0,1
19530,Unknown,East,Plus,Paypal,40.0,102,2.0,159.18,1
19531,Male,East,Basic,Crypto,,116,1.0,37.97,1
19532,Unknown,East,Plus,,35.0,155,2.0,94.79,1
19533,Male,North,Basic,E-wallet,49.0,97,4.0,0.0,1
19534,Non-Binary,South,Pro,Crypto,32.0,24,4.0,44.09,1
19535,Female,West,Basic,,,65,1.0,0.0,0
19536,Female,East,Basic,Paypal,34.0,50,4.0,0.0,1
19537,Female,North,Basic,E-wallet,32.0,161,2.0,106.72,1
19538,Female,South,Pro,Crypto,31.0,173,2.0,100.46,1
19539,Male,South,Basic,E-wallet,41.0,174,1.0,21.76,1
19540,Female,West,Pro,E-wallet,26.0,119,1.0,88.46,0
19541,Male,East,Basic,Crypto,22.0,159,2.0,28.34,1
19542,Male,North,Plus,Credit card,34.0,124,1.0,146.58,1
19543,Male,South,Basic,Paypal,35.0,139,5.0,26.33,1
19544,Female,North,Pro,Crypto,15.0,124,0.0,59.56,1
19545,Male,South,Basic,E-wallet,,146,2.0,11.51,1
19546,Male,East,Pro,Paypal,21.0,46,-1.0,78.17,0
19547,Male,East,Basic,Crypto,,165,1.0,33.69,1
19548,Male,West,Pro,Paypal,15.0,137,4.0,79.36,1
19549,Female,South,Plus,,53.0,9,3.0,121.85,1
19550,Unknown,North,Basic,E-wallet,30.0,98,0.0,70.04,1
19551,Male,South,Basic,Credit card,25.0,40,2.0,16.1,1
19552,Unknown,North,Pro,Credit card,31.0,54,2.0,49.19,0
19553,Female,West,Pro,Paypal,,117,2.0,187.9,1
19554,Female,South,Basic,E-wallet,42.0,114,0.0,0.0,1
19555,Female,East,Basic,E-wallet,31.0,42,2.0,32.8,1
19556,Non-Binary,North,Basic,Crypto,19.0,165,0.0,16.83,1
19557,Male,East,Basic,Paypal,,154,2.0,87.67,1
19558,Female,West,Basic,Crypto,36.0,31,2.0,82.5,0
19559,Female,West,Plus,E-wallet,43.0,114,1.0,177.82,1
19560,Female,North,Basic,Paypal,45.0,70,2.0,34.93,1
19561,Non-Binary,South,Pro,Credit card,35.0,175,1.0,44.75,1
19562,Male,East,Plus,Credit card,43.0,25,2.0,206.12,0
19563,Female,East,Basic,Crypto,53.0,57,2.0,18.56,1
19564,Female,North,Pro,Paypal,,75,3.0,137.3,1
19565,Male,North,Plus,E-wallet,43.0,151,2.0,167.0,1
19566,Male,North,Basic,Crypto,25.0,113,1.0,9.32,1
19567,Female,West,Basic,Credit card,43.0,173,1.0,56.05,1
19568,Non-Binary,West,Plus,E-wallet,38.0,159,0.0,152.87,1
19569,Female,East,Plus,Paypal,40.0,143,2.0,145.41,0
19570,Non-Binary,South,Basic,Credit card,46.0,89,2.0,24.93,1
19571,Female,North,Basic,E-wallet,37.0,140,0.0,,1
19572,Male,West,Basic,Credit card,32.0,101,3.0,47.25,1
19573,Male,South,Basic,Paypal,23.0,5,1.0,0.0,1
19574,Male,North,Basic,Crypto,31.0,139,0.0,81.53,0
19575,Male,South,Pro,E-wallet,36.0,136,2.0,40.84,1
19576,Male,North,Plus,E-wallet,36.0,83,2.0,156.8,0
19577,Female,South,Basic,,36.0,58,3.0,8.58,1
19578,Female,East,Plus,Credit card,,66,2.0,185.58,0
19579,Male,North,Basic,Credit card,42.0,151,3.0,,1
19580,Male,North,Basic,Credit card,33.0,14,4.0,74.83,1
19581,Male,East,Pro,E-wallet,25.0,62,1.0,122.1,1
19582,Female,North,Basic,E-wallet,37.0,49,4.0,3.2,1
19583,Male,North,Basic,Credit card,56.0,95,1.0,66.77,1
19584,Male,West,Plus,E-wallet,37.0,20,0.0,216.24,0
19585,Unknown,East,Basic,Crypto,31.0,0,1.0,45.9,0
19586,Non-Binary,West,Pro,Paypal,39.0,125,2.0,97.94,1
19587,Male,East,Basic,Paypal,39.0,10,1.0,35.69,0
19588,Female,South,Basic,E-wallet,39.0,149,5.0,50.68,1
19589,Male,East,Pro,Crypto,47.0,107,0.0,,0
19590,Female,East,Plus,Crypto,37.0,101,2.0,131.74,0
19591,Female,West,Basic,Credit card,47.0,87,1.0,63.72,1
19592,Male,North,Pro,Paypal,36.0,134,0.0,113.47,1
19593,Female,East,Plus,Paypal,49.0,112,1.0,152.36,1
19594,Male,North,Pro,Paypal,46.0,176,2.0,84.87,1
19595,Male,East,Basic,E-wallet,43.0,99,2.0,36.59,1
19596,Male,West,Pro,Crypto,41.0,128,1.0,,1
19597,Female,East,Pro,Credit card,57.0,64,1.0,39.2,0
19598,Male,South,Pro,E-wallet,44.0,63,2.0,96.74,1
19599,Male,East,Basic,Credit card,25.0,153,1.0,39.5,1
19600,Male,East,Basic,E-wallet,36.0,16,2.0,67.54,1
19601,Male,North,Pro,Paypal,31.0,138,3.0,68.84,1
19602,Female,North,Basic,Credit card,54.0,124,3.0,19.82,1
19603,Male,South,Pro,Crypto,46.0,9,1.0,120.51,0
19604,Male,East,Plus,Crypto,54.0,65,2.0,,1
19605,Female,North,Plus,E-wallet,26.0,31,2.0,198.93,1
19606,Female,East,Basic,Paypal,45.0,15,3.0,5.75,1
19607,Non-Binary,West,Basic,,20.0,111,2.0,,0
19608,Female,West,Pro,Credit card,18.0,25,2.0,99.79,0
19609,Male,South,Pro,Crypto,30.0,103,3.0,78.55,1
19610,Female,West,Plus,Crypto,,73,4.0,169.95,1
19611,Female,North,Pro,,24.0,99,2.0,112.38,1
19612,Male,North,Basic,Crypto,33.0,93,3.0,78.55,1
19613,Unknown,South,Pro,Credit card,,136,3.0,50.31,1
19614,Male,East,Pro,Crypto,42.0,4,2.0,82.33,0
19615,Unknown,North,Pro,E-wallet,56.0,6,2.0,88.02,0
19616,Non-Binary,West,Pro,Crypto,34.0,64,5.0,123.99,0
19617,Female,North,Basic,Credit card,29.0,11,1.0,27.58,0
19618,Unknown,South,Basic,Paypal,23.0,175,2.0,0.0,1
19619,Female,West,Basic,Paypal,30.0,24,3.0,19.57,1
19620,Male,West,Basic,Crypto,22.0,140,0.0,0.0,1
19621,Female,West,Basic,Paypal,16.0,168,2.0,16.23,1
19622,Male,South,Plus,Credit card,53.0,9,1.0,137.9,1
19623,Male,South,Basic,,34.0,167,3.0,6.84,1
19624,Female,East,Plus,Credit card,59.0,32,2.0,186.96,1
19625,Male,East,Basic,Paypal,25.0,162,1.0,0.0,1
19626,Male,East,Basic,Paypal,29.0,164,3.0,55.8,1
19627,Female,South,Basic,Crypto,26.0,102,2.0,86.64,1
19628,Non-Binary,West,Basic,Paypal,27.0,15,2.0,56.94,1
19629,Male,West,Plus,Crypto,42.0,71,2.0,,1
19630,Male,North,Basic,Crypto,39.0,32,2.0,59.02,1
19631,Male,East,Basic,E-wallet,42.0,34,1.0,0.0,0
19632,Female,West,Plus,E-wallet,47.0,101,1.0,149.61,1
19633,Male,West,Basic,E-wallet,45.0,75,0.0,3.78,0
19634,Female,West,Basic,Credit card,23.0,78,3.0,37.34,1
19635,Male,West,Basic,Paypal,28.0,16,0.0,11.77,1
19636,Male,South,Basic,Paypal,,26,2.0,0.0,1
19637,Unknown,East,Basic,E-wallet,,113,1.0,0.75,1
19638,Male,West,Basic,Crypto,41.0,20,2.0,0.0,1
19639,Female,West,Plus,Crypto,35.0,148,2.0,,1
19640,Male,West,Plus,Crypto,40.0,16,1.0,161.83,0
19641,Female,West,Basic,Crypto,27.0,154,1.0,61.43,1
19642,Female,North,Basic,,36.0,75,2.0,51.79,0
19643,Male,West,Basic,Paypal,43.0,175,4.0,0.0,1
19644,Male,West,Pro,E-wallet,33.0,43,3.0,53.3,1
19645,Male,West,Basic,,26.0,163,3.0,0.0,1
19646,Female,North,Plus,Paypal,33.0,27,1.0,,0
19647,Female,South,Pro,Credit card,30.0,24,1.0,0.0,1
19648,Female,North,Basic,Crypto,20.0,46,1.0,0.0,1
19649,Female,West,Pro,Credit card,28.0,100,1.0,95.85,1
19650,Male,South,Basic,Credit card,20.0,22,0.0,20.06,1
19651,Male,West,Basic,Crypto,,74,1.0,36.52,0
19652,Male,South,Basic,Crypto,22.0,49,2.0,,1
19653,Male,West,Basic,E-wallet,43.0,64,5.0,111.33,1
19654,Male,West,Pro,,48.0,15,3.0,97.07,1
19655,Female,South,Pro,Paypal,18.0,123,0.0,106.8,1
19656,Female,South,Basic,E-wallet,49.0,49,2.0,88.71,1
19657,Unknown,West,Plus,E-wallet,22.0,12,0.0,172.36,0
19658,Male,North,Basic,Paypal,41.0,79,4.0,104.11,1
19659,Female,North,Basic,,36.0,34,1.0,39.13,0
19660,Non-Binary,North,Basic,,40.0,113,3.0,28.1,1
19661,Female,North,Pro,Credit card,22.0,31,3.0,134.83,1
19662,Male,South,Plus,Crypto,15.0,86,1.0,156.69,0
19663,Male,South,Pro,Paypal,25.0,152,3.0,23.45,1
19664,Male,North,Plus,Credit card,38.0,170,0.0,,1
19665,Male,East,Basic,E-wallet,53.0,155,1.0,0.0,1
19666,Female,East,Basic,E-wallet,23.0,108,1.0,0.0,1
19667,Male,East,Pro,,,65,2.0,115.3,0
19668,Male,West,Pro,Paypal,26.0,94,2.0,136.31,1
19669,Female,North,Basic,Paypal,33.0,96,0.0,0.0,1
19670,Female,West,Plus,E-wallet,14.0,160,4.0,174.96,1
19671,Female,South,Basic,Crypto,48.0,46,3.0,28.9,1
19672,Female,South,Basic,Crypto,34.0,117,1.0,0.0,1
19673,Male,East,Pro,Credit card,43.0,34,1.0,76.54,0
19674,Male,East,Pro,Credit card,31.0,99,3.0,126.81,1
19675,Male,South,Basic,Credit card,35.0,63,3.0,18.33,1
19676,Female,East,Basic,Credit card,45.0,11,5.0,0.0,1
19677,Unknown,East,Basic,,35.0,119,0.0,86.68,0
19678,Male,South,Pro,Paypal,35.0,43,2.0,24.12,1
19679,Female,West,Pro,Paypal,26.0,173,1.0,,1
19680,Male,East,Pro,Crypto,28.0,10,1.0,96.05,0
19681,Female,West,Basic,Crypto,23.0,88,1.0,46.77,1
19682,Male,East,Plus,Paypal,26.0,45,0.0,133.17,1
19683,Male,North,Plus,Crypto,46.0,58,1.0,103.81,1
19684,Non-Binary,West,Basic,E-wallet,52.0,161,1.0,64.51,1
19685,Female,West,Basic,,,98,2.0,0.0,1
19686,Female,East,Basic,E-wallet,37.0,148,0.0,0.0,1
19687,Male,West,Basic,E-wallet,30.0,51,1.0,0.0,1
19688,Male,North,Plus,Credit card,47.0,47,1.0,158.09,1
19689,Male,South,Pro,Crypto,35.0,77,4.0,76.06,0
19690,Non-Binary,North,Plus,E-wallet,33.0,146,1.0,133.71,1
19691,Unknown,South,Basic,Crypto,26.0,131,0.0,22.98,1
19692,Female,North,Pro,Crypto,18.0,101,2.0,114.67,0
19693,Male,North,Basic,Paypal,41.0,31,1.0,52.08,1
19694,Non-Binary,West,Basic,Paypal,37.0,89,0.0,87.82,1
19695,Female,North,Pro,Credit card,37.0,155,1.0,71.96,1
19696,Female,East,Basic,Crypto,28.0,75,1.0,60.33,0
19697,Male,East,Pro,Paypal,32.0,168,3.0,105.35,1
19698,Female,East,Pro,E-wallet,41.0,32,1.0,64.45,1
19699,Female,East,Plus,E-wallet,43.0,141,4.0,217.56,1
19700,Non-Binary,West,Basic,Credit card,22.0,103,2.0,119.77,1
19701,Female,East,Pro,E-wallet,27.0,52,6.0,80.34,1
19702,Male,North,Plus,Crypto,20.0,107,2.0,154.55,0
19703,Female,East,Plus,E-wallet,36.0,41,3.0,186.19,1
19704,Non-Binary,West,Pro,Credit card,,35,1.0,54.45,1
19705,Male,South,Pro,Credit card,31.0,24,2.0,,0
19706,Male,North,Basic,,27.0,179,3.0,98.02,1
19707,Male,North,Pro,Crypto,30.0,167,2.0,,1
19708,Female,West,Pro,Paypal,,114,3.0,63.97,1
19709,Male,South,Pro,Crypto,,85,1.0,102.35,1
19710,Female,East,Pro,Crypto,41.0,8,1.0,94.3,0
19711,Male,South,Basic,Crypto,,106,1.0,0.0,1
19712,Non-Binary,North,Basic,E-wallet,33.0,68,0.0,63.43,0
19713,Male,North,Pro,Paypal,24.0,148,1.0,65.76,1
19714,Male,North,Basic,Crypto,23.0,69,2.0,91.62,1
19715,Female,South,Basic,Paypal,28.0,128,2.0,85.51,1
19716,Female,East,Basic,Credit card,24.0,30,3.0,86.86,0
19717,Male,North,Basic,Paypal,27.0,172,3.0,43.93,1
19718,Male,West,Plus,E-wallet,32.0,155,1.0,190.51,1
19719,Male,East,Pro,Credit card,33.0,127,3.0,123.09,1
19720,Female,North,Basic,Credit card,27.0,130,3.0,97.4,1
19721,Female,East,Basic,Crypto,38.0,101,1.0,18.02,0
19722,Female,West,Basic,Paypal,32.0,115,1.0,,1
19723,Female,South,Basic,Credit card,36.0,167,3.0,0.0,1
19724,Female,North,Basic,Credit card,26.0,3,2.0,19.4,1
19725,Male,West,Plus,Paypal,40.0,139,0.0,161.77,0
19726,Unknown,North,Basic,Paypal,28.0,121,7.0,0.0,1
19727,Non-Binary,North,Pro,Credit card,50.0,61,2.0,101.96,0
19728,Male,South,Plus,Credit card,31.0,70,1.0,202.39,0
19729,Male,South,Plus,Paypal,33.0,91,4.0,128.3,1
19730,Male,East,Basic,E-wallet,39.0,175,3.0,47.21,1
19731,Male,West,Pro,Paypal,42.0,134,2.0,75.85,0
19732,Female,West,Basic,E-wallet,43.0,55,0.0,37.0,1
19733,Female,South,Basic,Credit card,51.0,66,2.0,55.75,1
19734,Female,North,Basic,Crypto,40.0,140,0.0,15.11,1
19735,Female,East,Plus,Paypal,33.0,179,1.0,142.76,1
19736,Female,South,Basic,Credit card,28.0,62,0.0,0.0,0
19737,Female,East,Pro,,32.0,40,0.0,55.1,0
19738,Male,East,Pro,Crypto,48.0,150,2.0,103.44,1
19739,Male,West,Plus,Paypal,20.0,174,2.0,166.28,1
19740,Female,East,Pro,Credit card,25.0,64,3.0,37.3,1
19741,Male,West,Basic,E-wallet,31.0,158,-1.0,0.0,1
19742,Male,North,Basic,Crypto,25.0,96,1.0,37.05,1
19743,Non-Binary,North,Basic,E-wallet,29.0,35,2.0,91.5,1
19744,Female,South,Pro,Paypal,52.0,13,2.0,59.86,0
19745,Male,North,Pro,E-wallet,31.0,164,1.0,36.7,1
19746,Female,West,Pro,Crypto,38.0,159,4.0,55.32,1
19747,Female,East,Basic,Credit card,17.0,155,2.0,26.31,1
19748,Male,East,Pro,Crypto,22.0,46,5.0,,0
19749,Male,North,Pro,Credit card,43.0,79,2.0,91.19,1
19750,Unknown,West,Plus,Credit card,50.0,159,2.0,183.88,1
19751,Male,East,Pro,E-wallet,36.0,151,3.0,81.61,1
19752,Male,North,Basic,Crypto,30.0,13,1.0,23.92,1
19753,Female,West,Basic,,38.0,174,0.0,64.58,1
19754,Female,West,Basic,Credit card,8.0,78,0.0,62.41,0
19755,Male,East,Pro,Crypto,36.0,115,0.0,60.17,1
19756,Male,South,Pro,Paypal,23.0,0,2.0,77.88,1
19757,Male,South,Basic,,,18,6.0,98.57,1
19758,Unknown,West,Basic,E-wallet,12.0,120,2.0,40.87,1
19759,Male,West,Basic,E-wallet,,57,1.0,73.89,1
19760,Female,North,Plus,Crypto,33.0,134,2.0,134.43,1
19761,Unknown,West,Basic,E-wallet,26.0,76,1.0,0.0,1
19762,Male,North,Basic,Crypto,30.0,114,3.0,-10.0,1
19763,Unknown,North,Basic,E-wallet,43.0,63,0.0,15.34,1
19764,Unknown,North,Basic,Paypal,33.0,17,2.0,41.96,0
19765,Non-Binary,West,Pro,Credit card,24.0,49,3.0,108.94,1
19766,Male,West,Plus,Credit card,,67,3.0,142.67,0
19767,Female,North,Basic,Paypal,,90,3.0,0.0,1
19768,Female,East,Pro,Credit card,36.0,15,1.0,88.2,1
19769,Unknown,West,Basic,Crypto,25.0,141,1.0,83.23,1
19770,Male,South,Plus,Crypto,8.0,77,3.0,231.62,1
19771,Female,East,Basic,Paypal,24.0,134,3.0,0.0,1
19772,Male,South,Basic,Paypal,23.0,55,1.0,55.6,0
19773,Male,West,Pro,Paypal,27.0,13,3.0,142.87,0
19774,Female,East,Basic,,25.0,169,3.0,9.3,1
19775,Female,West,Basic,Credit card,35.0,108,2.0,35.44,1
19776,Female,West,Pro,,42.0,69,2.0,114.77,1
19777,Female,East,Pro,Credit card,44.0,61,0.0,117.74,0
19778,Unknown,West,Basic,Crypto,,42,1.0,9.54,0
19779,Male,East,Pro,E-wallet,25.0,56,0.0,140.11,0
19780,Female,West,Pro,Crypto,34.0,101,2.0,83.48,1
19781,Male,North,Pro,E-wallet,49.0,74,1.0,60.11,1
19782,Male,South,Pro,Paypal,18.0,158,0.0,,1
19783,Female,North,Pro,Paypal,,50,1.0,117.46,1
19784,Unknown,West,Basic,Credit card,24.0,66,2.0,0.0,1
19785,Female,West,Basic,,36.0,128,5.0,78.74,1
19786,Female,West,Basic,E-wallet,38.0,79,1.0,67.8,1
19787,Male,North,Basic,E-wallet,35.0,171,1.0,0.0,1
19788,Male,West,Pro,Credit card,,177,2.0,105.03,1
19789,Female,East,Basic,Paypal,30.0,59,3.0,0.0,1
19790,Male,South,Basic,Credit card,17.0,2,4.0,,1
19791,Male,West,Basic,Paypal,37.0,71,3.0,,0
19792,Female,West,Basic,Paypal,32.0,113,3.0,29.45,1
19793,Male,South,Pro,Crypto,39.0,79,0.0,59.84,0
19794,Male,South,Basic,Crypto,42.0,110,3.0,0.0,1
19795,Female,South,Pro,E-wallet,33.0,53,4.0,136.36,1
19796,Female,North,Basic,Paypal,,1,0.0,77.12,0
19797,Unknown,North,Plus,Credit card,35.0,28,1.0,168.17,0
19798,Female,West,Plus,Paypal,51.0,15,3.0,173.13,0
19799,Female,South,Pro,E-wallet,30.0,94,0.0,98.38,1
19800,Unknown,West,Plus,Paypal,27.0,58,1.0,174.18,0
19801,Female,West,Pro,Paypal,42.0,138,3.0,117.52,1
19802,Male,West,Plus,E-wallet,24.0,23,1.0,136.28,0
19803,Male,North,Plus,Paypal,37.0,82,1.0,98.22,1
19804,Female,South,Plus,Crypto,32.0,159,5.0,212.74,1
19805,Female,West,Pro,E-wallet,32.0,73,2.0,40.32,1
19806,Female,North,Pro,Crypto,58.0,95,3.0,,1
19807,Female,East,Pro,E-wallet,46.0,86,3.0,101.57,1
19808,Female,East,Basic,Paypal,44.0,96,4.0,19.65,1
19809,Unknown,West,Basic,Crypto,39.0,93,4.0,4.07,1
19810,Female,West,Plus,Crypto,27.0,93,1.0,170.4,1
19811,Male,South,Basic,Credit card,36.0,70,2.0,82.49,1
19812,Non-Binary,South,Pro,Crypto,39.0,170,2.0,32.72,1
19813,Male,West,Basic,Crypto,35.0,52,2.0,29.0,0
19814,Female,North,Basic,Paypal,34.0,113,1.0,103.18,1
19815,Unknown,West,Plus,Crypto,30.0,128,1.0,192.19,1
19816,Female,South,Plus,Crypto,36.0,93,1.0,112.79,0
19817,Female,South,Pro,Crypto,28.0,97,0.0,52.36,0
19818,Female,North,Basic,Paypal,41.0,117,3.0,69.33,1
19819,Male,West,Basic,E-wallet,13.0,33,3.0,0.0,1
19820,Male,South,Basic,Paypal,47.0,60,3.0,18.13,1
19821,Female,West,Basic,Crypto,20.0,101,4.0,3.6,1
19822,Female,South,Basic,E-wallet,23.0,60,3.0,,0
19823,Female,East,Pro,Paypal,38.0,7,2.0,120.99,0
19824,Male,East,Basic,Paypal,39.0,53,2.0,24.91,1
19825,Female,East,Pro,E-wallet,54.0,147,3.0,66.68,0
19826,Female,South,Basic,Credit card,36.0,45,0.0,37.51,0
19827,Female,North,Basic,Crypto,33.0,117,4.0,30.64,1
19828,Female,East,Basic,Credit card,,92,1.0,0.0,1
19829,Female,South,Plus,Crypto,49.0,30,3.0,143.73,1
19830,Female,West,Pro,Crypto,58.0,153,3.0,19.11,1
19831,Female,East,Basic,Credit card,32.0,147,1.0,8.06,1
19832,Non-Binary,North,Pro,Credit card,39.0,21,3.0,140.11,0
19833,Male,North,Plus,Crypto,33.0,56,0.0,184.9,0
19834,Unknown,North,Pro,E-wallet,33.0,103,2.0,72.44,1
19835,Male,West,Pro,E-wallet,52.0,153,3.0,120.24,1
19836,Male,West,Basic,Credit card,24.0,16,2.0,85.98,1
19837,Non-Binary,North,Pro,,10.0,88,2.0,85.06,1
19838,Male,North,Pro,Paypal,37.0,100,0.0,53.48,0
19839,Female,North,Pro,E-wallet,46.0,154,4.0,70.81,0
19840,Non-Binary,West,Plus,E-wallet,36.0,66,3.0,180.72,1
19841,Non-Binary,West,Basic,Crypto,39.0,55,2.0,70.6,1
19842,Unknown,South,Basic,Paypal,41.0,23,0.0,,1
19843,Male,East,Plus,Crypto,35.0,24,1.0,151.12,0
19844,Female,West,Pro,Paypal,39.0,113,0.0,123.77,0
19845,Male,North,Basic,E-wallet,39.0,9,3.0,0.0,1
19846,Female,East,Basic,Crypto,14.0,35,3.0,30.71,1
19847,Non-Binary,West,Plus,Paypal,35.0,124,0.0,205.12,0
19848,Male,East,Basic,Crypto,18.0,172,2.0,34.29,1
19849,Female,South,Basic,Paypal,33.0,117,1.0,23.48,1
19850,Female,West,Basic,Credit card,29.0,144,2.0,0.0,1
19851,Female,North,Plus,Crypto,44.0,57,2.0,142.24,0
19852,Unknown,North,Plus,Credit card,36.0,82,1.0,165.63,1
19853,Male,South,Pro,Paypal,38.0,81,4.0,122.65,1
19854,Female,South,Pro,Crypto,32.0,22,0.0,,1
19855,Non-Binary,South,Basic,,44.0,135,0.0,3.55,1
19856,Female,South,Basic,Paypal,18.0,49,2.0,16.86,1
19857,Male,South,Plus,Credit card,25.0,143,4.0,172.1,1
19858,Female,West,Basic,Crypto,46.0,88,0.0,0.0,0
19859,Male,West,Basic,E-wallet,,42,1.0,,0
19860,Male,East,Pro,Paypal,12.0,95,1.0,145.02,0
19861,Non-Binary,South,Basic,Credit card,48.0,112,1.0,36.76,0
19862,Female,North,Pro,E-wallet,44.0,113,0.0,70.24,1
19863,Unknown,North,Pro,Credit card,41.0,81,1.0,107.16,1
19864,Non-Binary,South,Pro,,34.0,95,2.0,26.6,0
19865,Female,South,Basic,Credit card,50.0,45,0.0,14.05,0
19866,Male,South,Basic,Paypal,46.0,176,2.0,1.45,1
19867,Female,South,Pro,E-wallet,49.0,103,0.0,58.68,1
19868,Male,South,Plus,Paypal,40.0,14,4.0,127.06,1
19869,Unknown,North,Basic,Paypal,35.0,48,0.0,23.22,1
19870,Male,East,Plus,Crypto,30.0,148,1.0,152.2,1
19871,Male,South,Pro,E-wallet,21.0,74,5.0,65.06,1
19872,Female,South,Plus,Crypto,39.0,5,6.0,91.79,1
19873,Male,South,Basic,Credit card,39.0,54,2.0,0.0,1
19874,Male,West,Basic,E-wallet,30.0,82,3.0,6.19,1
19875,Female,North,Basic,E-wallet,40.0,75,1.0,0.0,1
19876,Male,North,Basic,Paypal,30.0,14,1.0,84.91,1
19877,Male,East,Plus,Credit card,,10,3.0,97.81,0
19878,Male,West,Basic,Paypal,25.0,126,1.0,93.96,1
19879,Female,West,Pro,Crypto,23.0,166,1.0,13.17,1
19880,Female,West,Basic,Credit card,31.0,119,2.0,0.0,1
19881,Female,East,Pro,Paypal,42.0,73,1.0,71.33,0
19882,Female,East,Basic,Paypal,22.0,50,1.0,71.46,0
19883,Male,East,Basic,Paypal,44.0,164,3.0,,1
19884,Unknown,West,Basic,Credit card,17.0,176,2.0,124.49,1
19885,Male,North,Pro,,,87,1.0,33.49,0
19886,Female,West,Basic,E-wallet,19.0,99,2.0,45.64,0
19887,Non-Binary,East,Basic,Paypal,7.0,64,2.0,39.13,1
19888,Non-Binary,West,Basic,Credit card,37.0,16,2.0,0.0,1
19889,Male,South,Plus,E-wallet,32.0,141,3.0,106.89,1
19890,Male,West,Pro,Paypal,20.0,37,0.0,87.36,0
19891,Female,West,Pro,Credit card,28.0,117,1.0,90.03,1
19892,Male,North,Pro,Crypto,38.0,152,1.0,28.86,1
19893,Non-Binary,North,Basic,Paypal,30.0,123,2.0,52.86,0
19894,Female,North,Pro,Credit card,32.0,36,0.0,106.68,0
19895,Female,South,Basic,Paypal,30.0,85,2.0,61.59,0
19896,Male,North,Basic,Credit card,28.0,110,4.0,0.0,1
19897,Female,South,Pro,Crypto,28.0,134,5.0,178.65,1
19898,Female,East,Pro,Crypto,27.0,10,5.0,69.13,1
19899,Non-Binary,North,Basic,Credit card,26.0,77,3.0,22.55,0
19900,Male,West,Basic,E-wallet,23.0,162,2.0,0.0,1
19901,Male,West,Pro,Crypto,30.0,112,1.0,85.29,1
19902,Male,South,Pro,Paypal,,163,2.0,42.44,1
19903,Male,North,Basic,Crypto,23.0,51,2.0,35.22,1
19904,Female,West,Basic,Paypal,41.0,68,5.0,0.0,1
19905,Unknown,East,Plus,Crypto,46.0,169,1.0,184.77,1
19906,Male,North,Pro,Crypto,33.0,70,2.0,,1
19907,Non-Binary,East,Plus,Paypal,34.0,14,0.0,,1
19908,Male,West,Basic,Crypto,,148,1.0,4.2,1
19909,Male,North,Basic,Paypal,44.0,81,6.0,59.48,1
19910,Male,South,Basic,Paypal,51.0,0,1.0,32.69,1
19911,Male,West,Pro,Crypto,32.0,138,2.0,90.22,1
19912,Unknown,East,Basic,Crypto,28.0,9,2.0,84.34,0
19913,Male,North,Basic,,,172,4.0,2.98,1
19914,Female,East,Basic,,,146,3.0,0.0,0
19915,Female,East,Pro,Crypto,28.0,117,3.0,114.4,0
19916,Unknown,South,Basic,,38.0,41,1.0,21.14,1
19917,Male,South,Pro,Crypto,43.0,93,1.0,,1
19918,Male,West,Plus,Credit card,26.0,113,3.0,121.83,1
19919,Male,South,Pro,Credit card,,40,1.0,36.98,1
19920,Female,South,Basic,Crypto,,125,2.0,42.9,1
19921,Male,West,Plus,Crypto,,147,2.0,,1
19922,Non-Binary,West,Basic,E-wallet,36.0,123,0.0,0.0,0
19923,Female,West,Basic,,56.0,154,1.0,,1
19924,Female,West,Plus,Credit card,28.0,11,1.0,136.54,0
19925,Female,East,Basic,E-wallet,23.0,125,2.0,44.01,1
19926,Male,East,Pro,Crypto,39.0,97,2.0,7.52,1
19927,Female,West,Basic,E-wallet,31.0,105,1.0,0.0,1
19928,Unknown,West,Pro,E-wallet,40.0,113,2.0,91.13,1
19929,Non-Binary,North,Pro,,33.0,165,0.0,66.66,0
19930,Non-Binary,North,Basic,Credit card,25.0,112,2.0,12.48,1
19931,Non-Binary,North,Pro,Paypal,,57,1.0,32.9,1
19932,Male,South,Pro,Credit card,4.0,113,2.0,89.22,0
19933,Male,East,Basic,Paypal,52.0,109,6.0,98.68,1
19934,Male,East,Basic,Credit card,43.0,10,6.0,35.74,0
19935,Male,North,Basic,Credit card,26.0,157,2.0,24.16,1
19936,Male,North,Plus,Paypal,52.0,126,3.0,179.81,1
19937,Female,East,Pro,Paypal,,82,0.0,18.1,1
19938,Female,South,Plus,Paypal,,175,0.0,189.81,1
19939,Non-Binary,North,Basic,E-wallet,13.0,39,3.0,111.06,1
19940,Female,West,Basic,Paypal,22.0,113,0.0,0.0,1
19941,Unknown,North,Basic,E-wallet,22.0,93,3.0,51.92,1
19942,Male,East,Basic,E-wallet,26.0,98,2.0,13.33,1
19943,Male,East,Pro,Paypal,34.0,67,2.0,120.24,1
19944,Female,North,Plus,Paypal,25.0,148,0.0,175.25,0
19945,Male,North,Basic,Paypal,13.0,4,0.0,0.0,1
19946,Male,West,Plus,Credit card,38.0,163,2.0,212.85,1
19947,Male,West,Basic,Credit card,34.0,134,2.0,44.04,1
19948,Male,South,Plus,Paypal,38.0,124,1.0,131.93,1
19949,Female,South,Basic,Crypto,,30,1.0,0.0,1
19950,Female,West,Plus,Paypal,43.0,24,3.0,113.84,0
19951,Female,South,Basic,Crypto,33.0,101,3.0,30.85,0
19952,Female,South,Plus,Credit card,44.0,80,4.0,166.57,1
19953,Male,North,Basic,Credit card,26.0,78,1.0,0.0,1
19954,Male,West,Basic,Crypto,26.0,118,0.0,28.12,1
19955,Male,North,Basic,Credit card,47.0,161,3.0,1.34,1
19956,Male,North,Basic,Paypal,47.0,171,3.0,,1
19957,Female,South,Pro,Crypto,39.0,106,1.0,73.23,0
19958,Female,North,Plus,Crypto,25.0,6,0.0,201.05,0
19959,Female,East,Pro,E-wallet,24.0,102,2.0,171.45,1
19960,Male,South,Pro,Credit card,47.0,50,1.0,48.96,1
19961,Female,East,Basic,Crypto,46.0,152,3.0,28.44,1
19962,Female,South,Pro,Crypto,33.0,155,1.0,57.65,1
19963,Female,North,Basic,Crypto,,169,0.0,51.98,1
19964,Female,South,Plus,Credit card,38.0,154,1.0,138.96,1
19965,Female,East,Basic,Crypto,,164,2.0,55.06,1
19966,Female,South,Pro,Crypto,,54,2.0,73.63,1
19967,Female,East,Basic,Paypal,34.0,37,1.0,0.0,1
19968,Male,West,Basic,Paypal,34.0,55,1.0,57.19,1
19969,Female,North,Basic,E-wallet,46.0,91,4.0,,1
19970,Male,East,Basic,Crypto,24.0,161,3.0,45.17,1
19971,Male,West,Basic,Credit card,20.0,156,0.0,16.6,1
19972,Unknown,North,Basic,E-wallet,40.0,175,2.0,55.59,1
19973,Unknown,West,Plus,E-wallet,28.0,71,2.0,198.39,1
19974,Male,East,Basic,E-wallet,58.0,76,4.0,48.79,0
19975,Female,North,Plus,Crypto,43.0,45,1.0,,0
19976,Male,West,Basic,E-wallet,28.0,36,2.0,0.0,0
19977,Female,East,Basic,Credit card,46.0,2,4.0,15.85,0
19978,Non-Binary,West,Pro,Paypal,41.0,77,1.0,92.59,0
19979,Unknown,North,Pro,Paypal,40.0,76,2.0,105.69,1
19980,Female,North,Basic,Crypto,32.0,49,4.0,43.5,1
19981,Male,North,Pro,Credit card,38.0,148,0.0,59.08,1
19982,Female,East,Basic,Credit card,12.0,106,3.0,59.29,1
19983,Male,West,Pro,Credit card,47.0,175,2.0,104.69,1
19984,Unknown,West,Pro,Crypto,0.0,30,1.0,120.07,0
19985,Non-Binary,East,Basic,Credit card,29.0,6,1.0,63.83,0
19986,Female,North,Plus,Paypal,18.0,56,0.0,193.78,0
19987,Male,South,Pro,Credit card,28.0,35,1.0,121.61,0
19988,Male,North,Basic,Credit card,33.0,85,1.0,25.43,1
19989,Male,South,Plus,Crypto,,23,3.0,311.39,1
19990,Non-Binary,North,Plus,,6.0,23,4.0,152.13,1
19991,Female,East,Pro,E-wallet,36.0,55,0.0,123.12,1
19992,Male,South,Basic,Crypto,54.0,76,2.0,98.02,1
19993,Female,East,Plus,Crypto,30.0,123,1.0,168.93,0
19994,Non-Binary,South,Basic,Crypto,,27,3.0,34.36,1
19995,Male,West,Basic,Crypto,49.0,159,5.0,69.05,1
19996,Non-Binary,South,Basic,,14.0,76,0.0,0.0,0
19997,Non-Binary,South,Pro,Credit card,29.0,77,2.0,-10.0,1
19998,Unknown,South,Plus,E-wallet,,95,2.0,176.35,1
19999,Male,West,Pro,Crypto,25.0,44,1.0,126.13,1
20000,Male,East,Plus,,,68,2.0,,0
10001,Male,East,Basic,Paypal,27.0,27,1.0,61.08,0
10002,Unknown,West,Pro,Paypal,55.0,146,2.0,73.09,0
10003,Female,West,Pro,E-wallet,,147,2.0,116.3,1
10004,Female,South,Basic,Credit card,,34,1.0,0.58,1
10005,Male,North,Basic,Crypto,30.0,146,3.0,46.35,1
10006,Male,West,Basic,Crypto,46.0,103,1.0,36.64,1
10007,Male,South,Basic,E-wallet,22.0,62,2.0,0.0,1
10008,Non-Binary,East,Pro,E-wallet,44.0,81,2.0,66.51,1
10009,Female,East,Pro,Crypto,43.0,6,1.0,99.03,1
10010,Female,East,Basic,,32.0,154,3.0,29.86,1
10011,Male,East,Basic,,-5.0,38,2.0,47.18,1
10012,Unknown,South,Basic,E-wallet,-5.0,29,0.0,62.96,0
10013,Non-Binary,North,Plus,Credit card,-5.0,22,1.0,150.74,1
10014,Male,South,Basic,E-wallet,-5.0,83,2.0,0.0,1
10015,Male,North,Plus,E-wallet,-5.0,150,1.0,113.16,1
10016,Male,East,Plus,Credit card,-5.0,46,2.0,98.8,0
10017,Male,West,Pro,Paypal,-5.0,175,1.0,25.93,1
10018,Female,West,Pro,,-5.0,94,2.0,78.62,1
10019,Female,West,Basic,,-5.0,62,2.0,46.83,1
10020,Male,North,Pro,E-wallet,-5.0,119,2.0,34.23,1
10021,Female,East,Basic,,-5.0,136,2.0,59.3,0
10022,Male,South,Plus,Paypal,150.0,150,2.0,191.92,1
10023,Male,West,Basic,Crypto,150.0,116,0.0,108.58,0
10024,Male,North,Pro,Paypal,150.0,174,2.0,122.11,1
10025,Female,West,Basic,Credit card,150.0,86,4.0,71.26,0
10026,Female,South,Plus,E-wallet,150.0,73,1.0,167.01,1
10027,Male,East,Basic,Credit card,150.0,65,0.0,0.0,1
10028,Female,South,Pro,E-wallet,150.0,36,1.0,73.77,0
10029,Female,East,Basic,Credit card,150.0,124,2.0,72.01,1
10030,Male,East,Basic,Credit card,150.0,165,4.0,22.69,1
10031,Female,East,Pro,Crypto,150.0,0,3.0,92.74,1
10032,Male,West,Plus,Paypal,35.0,175,0.0,194.64,1
10033,Male,South,Basic,Paypal,,81,1.0,34.88,1
10034,Unknown,West,Plus,Credit card,19.0,34,1.0,150.38,0
10035,Unknown,South,Pro,Paypal,38.0,70,1.0,59.33,0
10036,Non-Binary,North,Plus,Crypto,27.0,107,5.0,241.32,1
10037,Male,North,Basic,Credit card,,85,1.0,44.2,1
10038,Male,South,Basic,Paypal,,24,4.0,0.0,1
10039,Female,South,Plus,Paypal,38.0,41,2.0,131.4,1
10040,Female,South,Basic,E-wallet,34.0,150,2.0,,1
10041,Male,South,Pro,Paypal,47.0,8,3.0,110.17,0
10042,Female,East,Basic,Paypal,37.0,154,3.0,24.14,1
10043,Male,West,Basic,E-wallet,26.0,50,0.0,0.0,0
10044,Unknown,East,Pro,Credit card,34.0,56,4.0,8.77,1
10045,Male,West,Pro,Credit card,30.0,81,4.0,13.47,1
10046,Female,West,Pro,,35.0,163,4.0,105.25,1
10047,Male,West,Basic,E-wallet,29.0,161,2.0,36.71,1
10048,Female,East,Basic,Credit card,27.0,12,3.0,1.76,1
10049,Female,South,Basic,Paypal,35.0,173,1.0,110.11,1
10050,Male,East,Basic,Paypal,34.0,179,1.0,27.85,1
10051,Unknown,East,Plus,,44.0,27,2.0,94.4,0
10052,Female,West,Pro,,29.0,85,1.0,78.88,1
10053,Unknown,North,Basic,Credit card,14.0,110,2.0,46.92,1
10054,Non-Binary,North,Plus,E-wallet,30.0,157,1.0,139.6,1
10055,Female,East,Basic,Credit card,17.0,44,2.0,22.44,0
10056,Unknown,West,Pro,E-wallet,38.0,37,1.0,109.19,1
10057,Male,East,Basic,E-wallet,17.0,19,2.0,37.98,1
10058,Male,East,Pro,Credit card,24.0,96,1.0,110.17,0
10059,Male,South,Basic,,30.0,174,1.0,58.26,1
10060,Male,West,Basic,Paypal,49.0,101,2.0,,1
10061,Male,North,Basic,E-wallet,23.0,58,1.0,52.67,1
10062,Male,North,Basic,,34.0,141,0.0,54.44,1
10063,Non-Binary,North,Basic,Crypto,39.0,41,0.0,39.57,0
10064,Male,East,Basic,Crypto,,58,5.0,42.83,1
10065,Male,West,Basic,E-wallet,41.0,7,2.0,0.0,1
10066,Female,South,Pro,Paypal,44.0,56,3.0,146.01,1
10067,Male,North,Basic,E-wallet,42.0,149,2.0,52.99,1
10068,Non-Binary,West,Pro,Crypto,21.0,101,0.0,111.95,0
10069,Male,North,Basic,Crypto,37.0,83,2.0,85.35,1
10070,Unknown,South,Plus,Crypto,42.0,20,0.0,193.97,0
10071,Female,West,Plus,Credit card,24.0,127,1.0,195.1,1
10072,Male,East,Basic,Crypto,28.0,155,0.0,0.0,1
10073,Male,East,Pro,Paypal,25.0,48,1.0,0.0,1
10074,Non-Binary,North,Basic,Credit card,,150,2.0,23.96,0
10075,Female,North,Plus,Crypto,33.0,53,0.0,170.01,0
10076,Female,West,Pro,Paypal,30.0,150,0.0,98.39,1
10077,Female,South,Basic,Crypto,21.0,67,4.0,41.27,0
10078,Male,North,Basic,Paypal,33.0,45,3.0,41.42,1
10079,Male,West,Basic,Paypal,28.0,155,2.0,35.31,1
10080,Male,South,Basic,Crypto,36.0,94,1.0,0.0,1
10081,Non-Binary,North,Pro,Crypto,22.0,96,4.0,28.59,1
10082,Female,North,Basic,Credit card,35.0,49,5.0,24.51,1
10083,Male,West,Basic,Crypto,29.0,82,3.0,4.32,1
10084,Male,North,Basic,Paypal,21.0,62,0.0,12.9,1
10085,Male,East,Basic,E-wallet,,9,1.0,0.0,1
10086,Male,South,Basic,Credit card,22.0,88,0.0,22.64,1
10087,Female,South,Plus,Paypal,31.0,164,-1.0,169.82,1
10088,Female,East,Basic,Paypal,35.0,140,3.0,0.0,0
10089,Non-Binary,West,Pro,E-wallet,36.0,69,1.0,101.97,1
10090,Female,East,Basic,Crypto,37.0,29,2.0,0.0,1
10091,Male,East,Basic,Paypal,26.0,79,1.0,49.24,1
10092,Female,South,Pro,E-wallet,44.0,71,2.0,52.76,1
10093,Female,West,Basic,E-wallet,29.0,138,0.0,71.49,1
10094,Female,North,Basic,Crypto,38.0,122,3.0,0.0,1
10095,Female,East,Pro,,,128,1.0,42.68,1
10096,Female,East,Basic,E-wallet,37.0,145,2.0,27.97,1
10097,Female,West,Basic,E-wallet,31.0,99,3.0,43.45,1
10098,Female,East,Pro,E-wallet,37.0,10,3.0,122.37,0
10099,Male,West,Pro,E-wallet,33.0,83,4.0,108.03,1
10100,Male,North,Basic,,42.0,137,0.0,,1
10101,Male,West,Basic,Paypal,25.0,175,1.0,99999.99,1
10102,Female,North,Basic,Credit card,16.0,60,1.0,99999.99,1
10103,Male,West,Basic,Crypto,24.0,137,1.0,99999.99,1
10104,Female,East,Pro,Credit card,44.0,100,1.0,99999.99,0
10105,Unknown,North,Plus,Crypto,32.0,121,2.0,99999.99,1
10106,Male,East,Plus,Credit card,34.0,59,2.0,99999.99,1
10107,Female,North,Basic,,23.0,113,3.0,99999.99,1
10108,Female,West,Basic,E-wallet,34.0,149,2.0,99999.99,1
10109,Male,West,Pro,Credit card,23.0,74,4.0,99999.99,1
10110,Male,West,Basic,Credit card,25.0,98,0.0,99999.99,1
10111,Male,South,Pro,Crypto,29.0,8,0.0,99999.99,0
10112,Male,South,Pro,Crypto,38.0,142,1.0,22.92,1
10113,Unknown,North,Plus,Paypal,39.0,82,3.0,,0
10114,Non-Binary,South,Basic,E-wallet,39.0,36,4.0,0.0,1
10115,Female,West,Basic,E-wallet,18.0,69,1.0,64.35,1
10116,Non-Binary,South,Plus,Paypal,33.0,171,3.0,133.0,1
10117,Non-Binary,South,Pro,Crypto,32.0,130,0.0,33.26,1
10118,Male,East,Plus,E-wallet,18.0,9,3.0,,0
10119,Non-Binary,North,Basic,Crypto,34.0,131,1.0,0.0,1
10120,Female,North,Pro,E-wallet,31.0,55,2.0,165.35,0
10121,Non-Binary,North,Pro,Credit card,39.0,167,2.0,109.11,1
10122,Non-Binary,South,Basic,Credit card,34.0,32,4.0,4.18,1
10123,Male,West,Pro,E-wallet,,160,0.0,77.74,1
10124,Male,East,Pro,E-wallet,,148,0.0,45.48,0
10125,Male,North,Basic,E-wallet,11.0,102,1.0,39.91,0
10126,Female,South,Basic,Paypal,33.0,118,1.0,0.0,1
10127,Non-Binary,West,Pro,E-wallet,16.0,44,2.0,20.79,1
10128,Non-Binary,East,Basic,Paypal,24.0,56,0.0,,1
10129,Male,East,Plus,Paypal,39.0,167,1.0,221.37,0
10130,Female,North,Basic,Credit card,21.0,125,1.0,,1
10131,Female,North,Basic,E-wallet,19.0,126,1.0,0.0,1
10132,Male,West,Plus,Credit card,,9,2.0,140.97,1
10133,Male,South,Plus,Credit card,20.0,73,2.0,135.03,0
10134,Male,West,Basic,Paypal,50.0,65,2.0,15.37,1
10135,Unknown,North,Pro,,32.0,101,4.0,99.31,1
10136,Male,West,Basic,Paypal,28.0,84,1.0,16.61,1
10137,Female,South,Basic,Credit card,39.0,157,2.0,0.0,1
10138,Female,East,Basic,Paypal,47.0,81,1.0,12.83,0
10139,Male,East,Basic,Paypal,22.0,34,0.0,42.45,0
10140,Unknown,East,Plus,Paypal,28.0,52,1.0,125.37,0
10141,Unknown,East,Pro,E-wallet,42.0,166,0.0,102.71,0
10142,Male,North,Plus,Paypal,36.0,111,1.0,,0
10143,Female,North,Pro,Credit card,45.0,21,2.0,94.68,1
10144,Male,South,Basic,Paypal,39.0,66,2.0,0.0,0
10145,Male,South,Pro,E-wallet,52.0,99,2.0,140.98,1
10146,Male,South,Plus,Credit card,35.0,79,5.0,201.09,1
10147,Female,South,Pro,Paypal,,99,2.0,92.74,1
10148,Female,West,Pro,Credit card,37.0,74,0.0,68.18,1
10149,Male,South,Plus,E-wallet,32.0,119,2.0,199.79,1
10150,Male,East,Basic,Crypto,,16,3.0,41.31,0
10151,Unknown,East,Pro,E-wallet,,146,0.0,123.33,0
10152,Male,East,Plus,,41.0,71,0.0,147.55,0
10153,Male,West,Plus,Credit card,43.0,123,0.0,142.03,0
10154,Female,South,Basic,Credit card,38.0,89,2.0,0.0,1
10155,Unknown,East,Pro,Crypto,39.0,50,0.0,147.51,0
10156,Male,East,Pro,Crypto,23.0,175,0.0,136.3,0
10157,Female,East,Basic,Crypto,28.0,56,3.0,4.43,1
10158,Female,East,Pro,E-wallet,42.0,137,3.0,,1
10159,Male,North,Basic,E-wallet,48.0,31,2.0,56.61,0
10160,Female,South,Basic,,,78,4.0,55.12,1
10161,Male,South,Basic,Crypto,,122,0.0,41.56,1
10162,Female,West,Pro,Crypto,34.0,121,1.0,65.92,1
10163,Female,North,Basic,Paypal,,67,0.0,17.23,0
10164,Female,West,Basic,Paypal,25.0,27,4.0,,1
10165,Male,East,Basic,Crypto,38.0,131,4.0,14.77,1
10166,Non-Binary,West,Basic,,49.0,76,3.0,105.46,1
10167,Male,East,Basic,Credit card,,139,2.0,24.45,1
10168,Male,East,Basic,,32.0,14,2.0,23.6,1
10169,Male,South,Pro,Credit card,38.0,28,2.0,71.66,1
10170,Female,South,Pro,Crypto,41.0,86,2.0,39.1,1
10171,Female,South,Basic,Paypal,37.0,12,2.0,63.2,1
10172,Male,South,Basic,Paypal,51.0,37,1.0,0.0,1
10173,Female,South,Pro,Credit card,34.0,109,1.0,98.66,0
10174,Male,North,Basic,Crypto,47.0,34,0.0,0.0,1
10175,Female,South,Plus,Paypal,27.0,167,3.0,177.97,1
10176,Male,West,Pro,Crypto,34.0,75,0.0,127.18,1
10177,Female,East,Basic,Crypto,21.0,109,0.0,54.62,0
10178,Male,South,Basic,Credit card,43.0,4,2.0,0.0,0
10179,Unknown,North,Pro,Crypto,32.0,1,0.0,45.15,1
10180,Male,West,Basic,Crypto,37.0,29,2.0,25.9,0
10181,Male,West,Basic,Credit card,30.0,98,2.0,0.0,1
10182,Male,East,Basic,Paypal,39.0,118,0.0,0.0,1
10183,Unknown,West,Pro,E-wallet,37.0,9,1.0,67.0,0
10184,Non-Binary,West,Pro,Crypto,24.0,72,2.0,107.63,1
10185,Male,West,Basic,Credit card,24.0,123,0.0,116.85,1
10186,Female,West,Pro,Paypal,33.0,37,0.0,91.79,0
10187,Non-Binary,North,Basic,Crypto,40.0,93,1.0,5.08,1
10188,Female,East,Pro,E-wallet,,118,2.0,130.83,1
10189,Female,South,Basic,Paypal,37.0,162,2.0,70.87,1
10190,Male,West,Pro,Credit card,44.0,70,0.0,116.85,0
10191,Male,North,Plus,,17.0,139,1.0,201.93,1
10192,Non-Binary,East,Basic,Credit card,,169,2.0,103.21,0
10193,Unknown,South,Basic,E-wallet,40.0,97,1.0,0.0,0
10194,Female,East,Basic,E-wallet,,176,2.0,25.38,0
10195,Male,North,Basic,Credit card,32.0,126,2.0,0.0,0
10196,Male,North,Basic,Crypto,22.0,66,0.0,51.15,1
10197,Female,North,Plus,Credit card,25.0,32,1.0,174.68,0
10198,Non-Binary,West,Plus,Paypal,53.0,103,3.0,175.32,1
10199,Non-Binary,North,Basic,Credit card,,140,0.0,10.73,1
10200,Female,South,Pro,E-wallet,23.0,147,5.0,97.68,1
10201,Female,West,Pro,Crypto,26.0,160,0.0,104.41,1
10202,Male,East,Pro,,22.0,33,0.0,68.17,0
10203,Male,South,Basic,E-wallet,34.0,49,4.0,0.0,1
10204,Non-Binary,West,Basic,E-wallet,,177,0.0,89.68,0
10205,Female,North,Basic,Paypal,27.0,136,2.0,62.8,1
10206,Male,East,Basic,E-wallet,,6,3.0,0.0,1
10207,Male,North,Pro,E-wallet,36.0,136,1.0,39.01,1
10208,Female,South,Pro,E-wallet,33.0,105,1.0,67.63,1
10209,Male,South,Basic,Crypto,,153,1.0,57.82,1
10210,Male,West,Basic,,29.0,129,2.0,0.0,1
10211,Female,South,Plus,Credit card,,4,0.0,108.73,1
10212,Female,East,Pro,Credit card,32.0,112,0.0,75.46,1
10213,Female,West,Plus,,34.0,65,2.0,166.44,1
10214,Male,East,Basic,Paypal,30.0,115,1.0,2.67,1
10215,Female,North,Pro,Paypal,28.0,137,0.0,97.17,0
10216,Male,East,Pro,Crypto,15.0,158,0.0,,1
10217,Male,East,Plus,Credit card,28.0,160,1.0,98.94,1
10218,Female,South,Basic,Crypto,41.0,107,2.0,42.22,1
10219,Female,North,Basic,E-wallet,42.0,110,0.0,56.19,1
10220,Non-Binary,South,Basic,Crypto,29.0,133,1.0,68.63,1
10221,Female,North,Plus,Paypal,46.0,13,-1.0,109.87,1
10222,Female,North,Plus,Credit card,33.0,77,0.0,182.12,1
10223,Male,East,Plus,Paypal,20.0,14,3.0,174.36,1
10224,Male,South,Plus,Paypal,17.0,120,2.0,233.01,1
10225,Male,East,Basic,Credit card,46.0,170,1.0,0.0,1
10226,Male,East,Basic,E-wallet,30.0,147,1.0,33.73,1
10227,Unknown,East,Basic,Credit card,21.0,20,3.0,28.3,0
10228,Male,North,Basic,Credit card,11.0,28,2.0,,1
10229,Non-Binary,South,Plus,Crypto,30.0,72,2.0,214.67,1
10230,Female,South,Plus,Credit card,38.0,92,2.0,123.79,1
10231,Female,East,Basic,Crypto,27.0,171,1.0,0.0,1
10232,Female,North,Pro,Paypal,23.0,161,3.0,77.45,1
10233,Female,South,Plus,Credit card,28.0,46,2.0,127.1,0
10234,Female,West,Basic,E-wallet,46.0,8,3.0,53.4,1
10235,Male,South,Basic,Crypto,20.0,111,3.0,30.27,0
10236,Female,East,Basic,Crypto,27.0,29,9.0,0.0,1
10237,Male,West,Basic,E-wallet,46.0,16,1.0,0.0,1
10238,Male,North,Pro,Crypto,,179,0.0,103.92,1
10239,Female,West,Basic,Crypto,,58,2.0,0.29,1
10240,Male,West,Basic,E-wallet,27.0,118,1.0,27.31,1
10241,Unknown,East,Plus,Paypal,34.0,131,1.0,,0
10242,Unknown,South,Pro,Credit card,28.0,167,0.0,39.88,0
10243,Unknown,North,Basic,Credit card,25.0,95,1.0,0.0,0
10244,Male,West,Plus,Credit card,23.0,134,1.0,184.96,1
10245,Male,East,Basic,Credit card,41.0,37,2.0,13.82,1
10246,Unknown,South,Basic,Credit card,33.0,31,4.0,77.85,1
10247,Female,West,Plus,Credit card,37.0,68,2.0,184.86,0
10248,Unknown,East,Basic,Crypto,35.0,66,0.0,43.83,1
10249,Unknown,East,Pro,Credit card,38.0,55,2.0,162.01,0
10250,Non-Binary,East,Basic,Crypto,31.0,19,2.0,7.21,0
10251,Male,North,Basic,,29.0,119,2.0,11.11,1
10252,Male,South,Pro,Paypal,25.0,144,1.0,110.58,1
10253,Non-Binary,West,Basic,Crypto,,143,2.0,28.13,1
10254,Male,South,Pro,Paypal,22.0,10,1.0,56.59,0
10255,Male,South,Pro,E-wallet,,140,3.0,58.83,1
10256,Female,West,Plus,Credit card,17.0,145,1.0,107.19,1
10257,Unknown,South,Pro,Paypal,20.0,13,5.0,88.93,1
10258,Female,North,Basic,Paypal,,33,2.0,57.72,0
10259,Female,West,Plus,E-wallet,36.0,85,2.0,157.19,1
10260,Male,West,Pro,E-wallet,29.0,124,1.0,116.23,1
10261,Female,East,Pro,E-wallet,,153,2.0,82.71,0
10262,Unknown,South,Plus,Crypto,17.0,169,4.0,148.27,1
10263,Male,West,Pro,Crypto,43.0,166,0.0,97.7,1
10264,Female,West,Basic,Paypal,,129,1.0,20.5,1
10265,Non-Binary,North,Pro,E-wallet,41.0,49,4.0,82.61,1
10266,Female,East,Basic,Paypal,,112,0.0,26.32,1
10267,Female,West,Basic,Credit card,15.0,143,2.0,0.0,1
10268,Female,North,Pro,E-wallet,34.0,61,1.0,96.13,0
10269,Male,West,Basic,Crypto,37.0,97,2.0,0.0,1
10270,Male,West,Basic,E-wallet,12.0,138,2.0,14.79,1
10271,Non-Binary,West,Basic,Paypal,53.0,126,3.0,113.52,0
10272,Non-Binary,North,Pro,Crypto,,29,3.0,128.5,1
10273,Non-Binary,South,Basic,,40.0,154,1.0,1.29,1
10274,Unknown,West,Pro,Credit card,22.0,85,1.0,46.5,0
10275,Female,West,Basic,Paypal,40.0,80,3.0,14.98,1
10276,Female,South,Basic,E-wallet,44.0,78,2.0,38.65,1
10277,Female,West,Basic,Credit card,36.0,136,3.0,,1
10278,Female,East,Pro,Paypal,,75,1.0,68.92,1
10279,Female,West,Basic,Crypto,25.0,129,0.0,76.83,0
10280,Female,East,Plus,Crypto,31.0,48,2.0,147.76,0
10281,Non-Binary,South,Plus,Paypal,28.0,47,1.0,121.17,0
10282,Male,North,Plus,E-wallet,,54,4.0,111.33,1
10283,Male,South,Plus,E-wallet,25.0,79,2.0,110.76,1
10284,Male,West,Basic,E-wallet,39.0,66,2.0,81.03,1
10285,Female,East,Pro,E-wallet,25.0,114,3.0,93.95,0
10286,Male,North,Pro,Paypal,31.0,111,1.0,82.31,1
10287,Female,West,Pro,Paypal,40.0,158,3.0,118.88,1
10288,Female,North,Plus,Crypto,26.0,106,2.0,192.25,0
10289,Male,North,Pro,Crypto,40.0,25,4.0,81.82,0
10290,Female,West,Plus,E-wallet,39.0,109,1.0,181.14,1
10291,Male,South,Basic,Credit card,31.0,65,0.0,0.0,0
10292,Male,West,Plus,Credit card,45.0,157,2.0,156.09,1
10293,Non-Binary,West,Pro,Crypto,34.0,100,1.0,80.08,1
10294,Male,South,Pro,Crypto,45.0,0,1.0,29.04,1
10295,Male,East,Basic,Paypal,51.0,69,3.0,14.19,1
10296,Female,West,Pro,Crypto,31.0,149,1.0,164.57,1
10297,Female,North,Plus,Crypto,40.0,112,2.0,177.55,1
10298,Male,West,Basic,,27.0,53,1.0,26.01,0
10299,Female,West,Pro,Credit card,23.0,141,0.0,-10.0,1
10300,Male,North,Basic,Credit card,32.0,13,2.0,99.56,0
